"source","status","question_uuid","code","attachment_reference","reason"
"F1B1Q1","INSERT","e7649155-bce2-4c95-b767-8ec11668aac2","PN-CADET-A-Q1","",""
"F1B1Q2","INSERT","9c5ef99a-675a-4696-a2df-e878ac5da7c4","PN-CADET-A-Q2","",""
"F1B1Q3","INSERT","c8188192-326c-4c48-947f-80210f87e419","PN-CADET-A-Q3","",""
"F1B1Q4","INSERT","f839bcab-4363-4fd7-8d2d-552a453d0a2f","PN-CADET-A-Q4","",""
"F1B1Q5","INSERT","e6c47d21-1ba0-4b60-b061-d9f0d54a9be7","PN-CADET-A-Q5","",""
"F1B1Q6","INSERT","71260fea-56a4-4cd0-9623-0b0b0b97be62","PN-CADET-A-Q6","",""
"F1B1Q7","UNRESOLVED","","","","The intended rule, measurement, administrative year or convention is unspecified, so a unique defensible answer cannot be established."
"F1B1Q8","INSERT","b0b6d214-3f76-45c7-b858-8c5795af52f9","PN-CADET-A-Q7","",""
"F1B1Q9","INSERT","a6d90aa6-003d-49d6-b6cf-48ac94f00fcb","PN-CADET-A-Q8","",""
"F1B1Q10","INSERT","af66ebf8-4711-40fe-ae7b-6c2e8dc657d5","PN-CADET-A-Q9","",""
"F1B1Q11","INSERT","821c140f-2525-4440-9cf2-66545c509914","PN-CADET-A-Q10","",""
"F1B1Q12","INSERT","3d58e8cf-7e27-4e8b-9780-f0f90fb97d33","PN-CADET-A-Q11","",""
"F1B1Q13","INSERT","8290afcd-397a-4efe-bdca-b5574cbd20c2","PN-CADET-A-Q12","",""
"F1B1Q14","INSERT","74a5425a-15c6-47fb-95f9-0ea5235effcd","PN-CADET-A-Q13","",""
"F1B1Q15","INSERT","1ad4646a-882b-4a28-9611-2e1b7287b250","PN-CADET-A-Q14","",""
"F1B1Q16","INSERT","8088b491-5edd-455b-aa6f-0b93d1591681","PN-CADET-A-Q15","",""
"F1B1Q17","INSERT","95a5ac34-0c26-4c0e-827b-717d1e22e7ff","PN-CADET-A-Q16","",""
"F1B1Q18","INSERT","6c54dc78-d3aa-4da5-acb3-5c46551d43ab","PN-CADET-A-Q17","",""
"F1B1Q19","INSERT","48636844-b73a-4439-a864-ba8b55cbdbb6","PN-CADET-A-Q18","",""
"F1B1Q20","INSERT","1ea1be00-ede5-4a2b-a45f-db0a95634ec4","PN-CADET-A-Q19","",""
"F1B1Q21","INSERT","f03a2cff-921f-466a-a010-5b055fd0e03c","PN-CADET-A-Q20","",""
"F1B1Q22","INSERT","b6c2b039-bd43-4919-afe5-49b6ac9ebaa6","PN-CADET-A-Q732","",""
"F1B1Q23","INSERT","6639d19c-8fce-4acb-809e-d9bb40554848","PN-CADET-A-Q21","",""
"F1B1Q24","INSERT","0b0b2ceb-593d-4c47-8e7b-8d70774a749a","PN-CADET-A-Q22","",""
"F1B1Q25","INSERT","0a83d009-62e1-4aa1-873b-81d298327de8","PN-CADET-A-Q23","",""
"F1B1Q26","UNRESOLVED","","","","The source has multiple valid choices or lacks measurement uncertainty needed to choose a unique answer."
"F1B1Q27","INSERT","4bfddc8e-ea38-447f-aef4-7b530042e936","PN-CADET-A-Q24","",""
"F1B1Q28","INSERT","816cfdf5-78d7-4aab-97a0-c2664b9fda00","PN-CADET-A-Q25","",""
"F1B1Q29","INSERT","b37b97c6-6d93-4c12-8bbe-487fd0826c43","PN-CADET-A-Q26","",""
"F1B1Q30","INSERT","3b73f74b-0d6a-440a-b8f8-4e650aca7439","PN-CADET-A-Q27","",""
"F1B1Q31","INSERT","dab71010-a825-4056-acc2-2e7e923a06c8","PN-CADET-A-Q28","",""
"F1B1Q32","INSERT","ddcdcac7-c82b-40f7-bb17-fdddb63b7b5d","PN-CADET-A-Q29","",""
"F1B1Q33","INSERT","b7f797d4-abf9-43c6-ba8c-86b136f5b3aa","PN-CADET-A-Q30","",""
"F1B1Q34","INSERT","c95cc79c-c2ae-4c8e-bb31-accefc51a14f","PN-CADET-A-Q31","",""
"F1B1Q35","INSERT","6862d7fc-f946-48fe-bc22-b1da5eabeb6c","PN-CADET-A-Q32","",""
"F1B1Q36","INSERT","e98c9bbc-9ea8-4f4e-8136-fc2a8c6a65a1","PN-CADET-A-Q33","",""
"F1B1Q37","INSERT","39effe12-20d0-4f7a-8845-c8e395314b5f","PN-CADET-A-Q34","",""
"F1B1Q38","INSERT","a5eebf14-bb21-43a9-a827-b6ee3205be58","PN-CADET-A-Q35","",""
"F1B1Q39","INSERT","d50f4262-2ce1-401a-9b24-c501f0c0106c","PN-CADET-A-Q36","",""
"F1B1Q40","INSERT","3265316e-548f-4a03-866e-ac73d3176038","PN-CADET-A-Q37","",""
"F1B1Q41","INSERT","b282a16c-42c3-45da-bad7-66b9ac47f172","PN-CADET-A-Q38","",""
"F1B1Q42","INSERT","4e557446-7d8d-49b4-b67b-bdb21cd5a4f3","PN-CADET-A-Q39","",""
"F1B1Q43","INSERT","ec4d4ab8-b4a4-4a6a-818a-094e9f1a5e80","PN-CADET-A-Q40","",""
"F1B1Q44","INSERT","571e315d-35fe-45d3-9211-fcc3aa7639d6","PN-CADET-A-Q41","",""
"F1B1Q45","DUPLICATE","8290afcd-397a-4efe-bdca-b5574cbd20c2","PN-CADET-A-Q12","",""
"F1B1Q46","INSERT","b38b0050-0dc1-4e0e-a202-67d905815870","PN-CADET-A-Q42","",""
"F1B1Q47","INSERT","7ce4b531-8446-4199-ab20-2b9a4273c420","PN-CADET-A-Q43","",""
"F1B1Q48","INSERT","cef25646-79ad-440c-9438-17026c519145","PN-CADET-A-Q44","",""
"F1B1Q49","INSERT","3d8b0882-1774-437f-a746-23d92d27f77e","PN-CADET-A-Q45","",""
"F1B1Q50","INSERT","b08060a3-1046-4a4a-8560-f48eb8124e53","PN-CADET-A-Q46","",""
"F1B1Q51","INSERT","637f7557-e79d-42cf-8f75-100c09a66480","PN-CADET-A-Q47","",""
"F1B1Q52","INSERT","37c16f8d-7da4-4626-aa1c-fe973615133c","PN-CADET-A-Q48","",""
"F1B1Q53","INSERT","d9556c97-7617-4ca5-8b14-5a2413443e02","PN-CADET-A-Q49","",""
"F1B1Q54","INSERT","339e7eea-46e1-4299-a232-53e4404c22e2","PN-CADET-A-Q50","",""
"F1B1Q55","INSERT","f5180be7-73cd-4ee5-8ed9-3ac0db50a047","PN-CADET-A-Q51","",""
"F1B1Q56","INSERT","818b9946-60ac-4245-a49b-5216a0503caa","PN-CADET-A-Q52","",""
"F1B1Q57","INSERT","5e392735-80a7-4e2f-8afd-11f5405d6c7c","PN-CADET-A-Q53","",""
"F1B1Q58","INSERT","ee9bf5c0-9694-44d4-8f3c-3b676f49b998","PN-CADET-A-Q54","",""
"F1B1Q59","INSERT","aa1851ec-89c3-4f4c-96f3-828c886e9992","PN-CADET-A-Q55","",""
"F1B1Q60","INSERT","a532793b-8f36-4315-b221-7417a77361e7","PN-CADET-A-Q56","",""
"F1B1Q61","INSERT","62025333-bf33-436b-8220-347533a0b903","PN-CADET-A-Q57","",""
"F1B1Q62","INSERT","ab45c2e1-e660-4372-80c0-d8d6c3858760","PN-CADET-A-Q58","",""
"F1B1Q63","INSERT","613e8797-6d7b-4534-9ebe-2ff0e0298e1f","PN-CADET-A-Q59","",""
"F1B1Q64","UNRESOLVED","","","","The intended rule, measurement, administrative year or convention is unspecified, so a unique defensible answer cannot be established."
"F1B1Q65","INSERT","bc66a2fc-4a87-4b5e-812e-be5083b56b1f","PN-CADET-A-Q733","",""
"F1B1Q66","INSERT","92d7e529-f183-49ac-8e1d-7f9f238b81df","PN-CADET-A-Q60","",""
"F1B1Q67","INSERT","12244a26-73cb-4ac4-a8bb-6481ecd7f46f","PN-CADET-A-Q61","",""
"F1B1Q68","INSERT","8c9af8ff-fd5e-4f70-bd85-b063cb3363c7","PN-CADET-A-Q62","",""
"F1B1Q69","INSERT","84fa144c-3024-409d-8b0d-6fd6fc023ddd","PN-CADET-A-Q63","",""
"F1B1Q70","INSERT","5647a8de-900f-4abb-9bbe-1daa03d14ad2","PN-CADET-A-Q64","",""
"F1B1Q71","INSERT","164cc6a6-ed98-4a68-a88d-f62e4a90a7a8","PN-CADET-A-Q65","",""
"F1B1Q72","INSERT","40a1fa2e-5c3c-4c67-83d0-bd93680c250d","PN-CADET-A-Q66","",""
"F1B1Q73","DUPLICATE","e7649155-bce2-4c95-b767-8ec11668aac2","PN-CADET-A-Q1","",""
"F1B1Q74","INSERT","529ef642-36b0-49d4-8941-dee636c4181b","PN-CADET-A-Q67","",""
"F1B1Q75","INSERT","c3c9a595-7741-4a9b-b13c-d391b0f75d34","PN-CADET-A-Q68","",""
"F1B1Q76","INSERT","768fa00b-7b16-4f52-889b-6db0e941b77e","PN-CADET-A-Q69","",""
"F1B1Q77","INSERT","994c26de-5a35-40ed-ab5b-40535bd13945","PN-CADET-A-Q70","",""
"F1B1Q78","INSERT","5fd69c06-3fbe-4530-ac8c-f08b62c083a1","PN-CADET-A-Q71","",""
"F1B1Q79","INSERT","01989d22-4848-4814-8d18-02d969d48604","PN-CADET-A-Q72","",""
"F1B1Q80","INSERT","6bc40ee9-b2be-480a-8a7a-e3a321d4345b","PN-CADET-A-Q73","",""
"F1B1Q81","INSERT","e90ec762-0bbf-4780-a6ce-7a8a134029e2","PN-CADET-A-Q74","",""
"F1B1Q82","INSERT","28c4ad5d-d957-4e24-8a98-bf6ccaf06fc5","PN-CADET-A-Q75","",""
"F1B1Q83","INSERT","a9bfbd1e-48bc-43ed-aaf9-ff65a5b5cf00","PN-CADET-A-Q76","",""
"F1B1Q84","INSERT","d82d5e36-4348-44aa-8a80-70992bbf79d3","PN-CADET-A-Q77","",""
"F1B1Q85","INSERT","66df29b8-7a33-4ba3-aa1d-427c3eb31969","PN-CADET-A-Q78","",""
"F1B1Q86","INSERT","a837c9d8-efa1-46b3-855d-2f30ca8d6b70","PN-CADET-A-Q79","",""
"F1B1Q87","INSERT","b241ef8f-b6da-4d78-a8a7-5506167b06e6","PN-CADET-A-Q80","",""
"F1B1Q88","INSERT","9ae63e93-1968-480d-88fd-fba0b535c81a","PN-CADET-A-Q81","",""
"F1B1Q89","UNRESOLVED","","","","The intended rule, measurement, administrative year or convention is unspecified, so a unique defensible answer cannot be established."
"F1B1Q90","INSERT","38a2f31d-4ae3-4139-a08e-2b55e262bb18","PN-CADET-A-Q82","",""
"F1B1Q91","INSERT","568b98ec-2162-4c2d-80a9-1224a6f2bfe6","PN-CADET-A-Q83","",""
"F1B1Q92","INSERT","a36b0c72-7fff-48fe-b6d8-4d43b841f853","PN-CADET-A-Q84","",""
"F1B1Q93","INSERT","7dbd0347-ac60-42e0-b39e-e7d417779c01","PN-CADET-A-Q85","",""
"F1B1Q94","UNRESOLVED","","","","The source has multiple valid choices or lacks measurement uncertainty needed to choose a unique answer."
"F1B1Q95","INSERT","90d60c55-af3b-4dd2-9e6d-5781141fcb7b","PN-CADET-A-Q86","",""
"F1B1Q96","INSERT","a55b336e-0c57-47d3-b8fa-5d29b9d9c5d9","PN-CADET-A-Q734","",""
"F1B1Q97","INSERT","2760768f-1ed9-4fcd-8131-5781e87cf7cd","PN-CADET-A-Q87","",""
"F1B1Q98","INSERT","53b00c29-4d90-4b25-93f2-57c2e091cdba","PN-CADET-A-Q88","",""
"F1B1Q99","INSERT","c74b9fe2-b8d9-42d0-abf6-c39ab7217f84","PN-CADET-A-Q735","",""
"F1B1Q100","INSERT","353cf3f6-e347-4a28-8391-18e33ab239e5","PN-CADET-A-Q89","",""
"F1B1Q101","INSERT","f704fb48-fa80-4ef1-b04a-7e4f1a330b1d","PN-CADET-A-Q90","",""
"F1B1Q102","INSERT","9bc39414-6c86-49c3-901c-7516ef7c3e58","PN-CADET-A-Q91","",""
"F1B1Q103","INSERT","b2880939-7fdf-4acf-ac96-2c62d276ec59","PN-CADET-A-Q92","",""
"F1B1Q104","INSERT","9a86d93f-ee13-414c-92ac-d5922757a020","PN-CADET-A-Q93","",""
"F1B1Q105","INSERT","8324cdf4-fcb5-471c-9d54-4795dfbe0d72","PN-CADET-A-Q94","",""
"F1B1Q106","INSERT","878428d6-b9ff-44b5-b343-071169a4f233","PN-CADET-A-Q95","",""
"F1B1Q107","INSERT","316309dd-9eb9-400f-953c-afe2300436af","PN-CADET-A-Q96","",""
"F1B1Q108","INSERT","768033c0-92cc-4724-90c3-42161e929942","PN-CADET-A-Q97","",""
"F1B1Q109","INSERT","de9067ba-4fac-4814-ba29-0e625709004b","PN-CADET-A-Q98","",""
"F1B1Q110","INSERT","13e01d06-20a2-4de5-905d-f5969bc557eb","PN-CADET-A-Q99","",""
"F1B1Q111","INSERT","43a91bb8-fd03-4ee5-b280-2b9aafb880b1","PN-CADET-A-Q100","",""
"F1B1Q112","INSERT","9459578b-affb-4594-bc08-3d1f881781cb","PN-CADET-A-Q101","",""
"F1B1Q113","INSERT","f5172e17-d2b8-4956-8d6e-9ef0faf07487","PN-CADET-A-Q102","",""
"F1B1Q114","INSERT","143bc562-e1d4-4fdc-9fdc-e48d008d072a","PN-CADET-A-Q103","",""
"F1B1Q115","INSERT","299abee0-bdd8-4995-bc1b-b3ea554aa30a","PN-CADET-A-Q104","",""
"F1B1Q116","INSERT","594d7192-4460-46d2-9f7d-ea71765b90b1","PN-CADET-A-Q105","",""
"F1B1Q117","INSERT","6c4f1a5b-cfc7-4676-b76f-d41e26b36009","PN-CADET-A-Q106","",""
"F1B1Q118","INSERT","0c20a10a-afe5-42ea-b5ed-6dd0e2c47371","PN-CADET-A-Q107","",""
"F1B1Q119","UNRESOLVED","","","","The stated ages 16 and 64 would make the sister twice Ali’s age 32 years in the future, not any listed years ago."
"F1B1Q120","INSERT","af6c6ce9-1f3d-4ba5-92ae-dd46e78b83f5","PN-CADET-A-Q108","",""
"F1B1Q121","UNRESOLVED","","","","The intended rule, measurement, administrative year or convention is unspecified, so a unique defensible answer cannot be established."
"F1B1Q122","INSERT","0c308d49-ecff-4e45-b900-c6b98a2dd327","PN-CADET-A-Q109","",""
"F1B1Q123","INSERT","3d3d6893-d0a2-4a77-bd3f-3d57b63978cd","PN-CADET-A-Q110","",""
"F1B1Q124","INSERT","7c40a55a-4b7f-4dd4-b78d-e06afedc56dd","PN-CADET-A-Q111","",""
"F1B1Q125","INSERT","4d775430-c676-42c6-ae8d-76a82aa2f002","PN-CADET-A-Q112","",""
"F1B1Q126","INSERT","de2de529-b831-4e4b-904a-e98b49f75eb6","PN-CADET-A-Q113","",""
"F1B1Q127","INSERT","1d1ce745-6851-48d4-a61c-64f389f360f1","PN-CADET-A-Q114","",""
"F1B1Q128","INSERT","fb72e707-908b-4ac1-adc7-1a9bc64d47b0","PN-CADET-A-Q115","",""
"F1B1Q129","INSERT","377273f2-0c8d-4b57-88da-bd1b9474017d","PN-CADET-A-Q116","",""
"F1B1Q130","INSERT","e3717b0c-445a-4d78-ade4-832dbd161abf","PN-CADET-A-Q117","",""
"F1B1Q131","INSERT","cc35cbbf-041b-4c10-bd04-d9d500a82b55","PN-CADET-A-Q118","",""
"F1B1Q132","INSERT","5b5ae212-49cd-4b65-b258-cb2915630574","PN-CADET-A-Q119","",""
"F1B1Q133","INSERT","faf5b330-0ac8-492d-9472-e20f5e68114e","PN-CADET-A-Q120","",""
"F1B1Q134","INSERT","8b7c91b1-eb66-4b86-8918-ac49827e8ded","PN-CADET-A-Q121","",""
"F1B1Q135","INSERT","1c2f0ee4-0ca5-4dbf-80f0-ceebbcf440e4","PN-CADET-A-Q122","",""
"F1B1Q136","UNRESOLVED","","","","The source does not state a precise comparison or criterion that establishes one answer."
"F1B1Q137","INSERT","06dd3c09-3620-4aa5-a247-4f069695c2fa","PN-CADET-A-Q123","",""
"F1B1Q138","INSERT","91f94751-1062-4839-a2af-a9ebf0f45fb0","PN-CADET-A-Q124","",""
"F1B1Q139","INSERT","757c252d-1157-4223-848c-739540b771d4","PN-CADET-A-Q125","",""
"F1B1Q140","INSERT","b41ae4e7-9c59-492e-88b0-4625a1d3fea2","PN-CADET-A-Q126","",""
"F1B1Q141","INSERT","c6127bee-41bc-4ec9-bc3c-4f301811b0a1","PN-CADET-A-Q127","",""
"F1B1Q142","INSERT","93346eae-202b-4750-b82c-68c8cc604527","PN-CADET-A-Q128","",""
"F1B1Q143","INSERT","56e902b6-f8ca-485d-baed-84cb39714df0","PN-CADET-A-Q129","",""
"F1B1Q144","INSERT","3da7681a-1901-44dc-9ce1-dc42b955a88c","PN-CADET-A-Q130","",""
"F1B1Q145","UNRESOLVED","","","","The intended rule, measurement, administrative year or convention is unspecified, so a unique defensible answer cannot be established."
"F1B1Q146","INSERT","45d5c3dc-174c-4918-8383-828957afadc1","PN-CADET-A-Q131","",""
"F1B1Q147","INSERT","3f0ade21-5922-4062-8fe5-fc88c02a1263","PN-CADET-A-Q132","",""
"F1B1Q148","INSERT","b2f6e1bb-d50e-427b-9364-53cd562e6163","PN-CADET-A-Q133","",""
"F1B1Q149","INSERT","c1823554-a79d-48d4-8fd0-b2b03e48bfaa","PN-CADET-A-Q134","",""
"F1B1Q150","INSERT","5990a0e2-5865-45b0-a610-00c665c86c49","PN-CADET-A-Q135","",""
"F1B1Q151","INSERT","d6a56587-e740-4d12-9e41-5e8db556d6c7","PN-CADET-A-Q136","",""
"F1B1Q152","INSERT","f3fc49ac-9846-48c8-92b8-a92bcaab8be8","PN-CADET-A-Q137","",""
"F1B1Q153","INSERT","f7b8dbd9-cd80-4afa-a6e6-cefd9bd2ecf9","PN-CADET-A-Q138","",""
"F1B1Q154","INSERT","4608afa2-f83a-4d90-9db6-33ec5e45708b","PN-CADET-A-Q139","",""
"F1B1Q155","INSERT","67b69935-3a8e-41a4-b4a8-58b86dccc9b3","PN-CADET-A-Q140","",""
"F1B1Q156","INSERT","dcac6233-9db5-475f-b5f6-a3aec6996931","PN-CADET-A-Q141","",""
"F1B1Q157","INSERT","3af5a3a7-d963-4ff9-9352-4e1933198b8e","PN-CADET-A-Q142","",""
"F1B1Q158","INSERT","31e4f61c-e296-4cf1-8b83-b378ce527a3b","PN-CADET-A-Q143","",""
"F1B1Q159","INSERT","fa9fae1c-8a94-4aac-8b75-92320a3692a1","PN-CADET-A-Q736","",""
"F1B1Q160","INSERT","de1d3e9a-f42b-42e7-b2c8-42f8c98d92a6","PN-CADET-A-Q144","",""
"F1B1Q161","INSERT","1866a1ea-bcee-4df7-b680-4f6b84df20bc","PN-CADET-A-Q145","",""
"F1B1Q162","INSERT","560d63b3-cffd-4a72-b1e3-c7c8d73882b2","PN-CADET-A-Q146","",""
"F1B1Q163","INSERT","80402b56-9fd9-4445-925d-7f4b0b3c08bc","PN-CADET-A-Q147","",""
"F1B1Q164","INSERT","afac5aa4-0fc9-4b39-b7ca-31a4bb09c402","PN-CADET-A-Q148","",""
"F1B1Q165","INSERT","f079b52e-a229-4528-bc57-ea1bfb54a04a","PN-CADET-A-Q149","",""
"F1B1Q166","INSERT","5d3a49c0-cfd7-4f32-abc8-0eaf26e37d16","PN-CADET-A-Q150","",""
"F1B1Q167","INSERT","cfeea726-3e39-4725-8418-8c439879af46","PN-CADET-A-Q151","",""
"F1B1Q168","INSERT","f26d9920-ce7d-42f2-9dd0-ce3ba589342f","PN-CADET-A-Q152","",""
"F1B1Q169","INSERT","530b8cf4-3360-46dd-b052-1141d73dd494","PN-CADET-A-Q153","",""
"F1B1Q170","INSERT","6b26a166-b3c1-4926-8ae5-6c6188a48550","PN-CADET-A-Q154","",""
"F1B1Q171","INSERT","090580d3-bd61-44ec-aed9-727873f2dec8","PN-CADET-A-Q737","",""
"F1B1Q172","INSERT","2c78e57c-96be-4cf6-9580-6f8c66327ea1","PN-CADET-A-Q155","",""
"F1B1Q173","DUPLICATE","768fa00b-7b16-4f52-889b-6db0e941b77e","PN-CADET-A-Q69","",""
"F1B1Q174","INSERT","a2139357-02b9-4b04-963a-1d6959d15a39","PN-CADET-A-Q156","",""
"F1B1Q175","UNRESOLVED","","","","The intended rule, measurement, administrative year or convention is unspecified, so a unique defensible answer cannot be established."
"F1B1Q176","INSERT","1529f2f7-7acc-4721-9300-92f1dfe1979e","PN-CADET-A-Q157","",""
"F1B1Q177","INSERT","1f97d0eb-06f6-4001-8570-60779b92becc","PN-CADET-A-Q158","",""
"F1B1Q178","INSERT","9d0ecf2b-c8d1-49cb-a754-d5485e0f9d65","PN-CADET-A-Q159","",""
"F1B1Q179","INSERT","da74de4a-bdc9-4f50-bf22-20ef3dfd95ac","PN-CADET-A-Q738","",""
"F1B1Q180","INSERT","3956ed62-2a8f-4460-b396-3fbf3641d424","PN-CADET-A-Q160","",""
"F1B1Q181","INSERT","6aa42906-8dcc-4466-9d7e-6df56c8ff231","PN-CADET-A-Q161","",""
"F1B1Q182","INSERT","a95bc9ba-db7e-482b-95cc-37735a340313","PN-CADET-A-Q162","",""
"F1B1Q183","INSERT","0212ed3e-47b5-4435-80bd-fba7ebc2e0fd","PN-CADET-A-Q163","",""
"F1B1Q184","INSERT","69869b5a-139d-4e34-91a2-23eed22544cd","PN-CADET-A-Q164","",""
"F1B1Q185","INSERT","ec1be70c-34bb-4068-b568-b38e94d8b05b","PN-CADET-A-Q165","",""
"F1B1Q186","INSERT","7e73c9e2-5692-4d80-904e-b856dd3eb720","PN-CADET-A-Q166","",""
"F1B1Q187","INSERT","df9170f4-f422-4ecd-baee-3400fb52b264","PN-CADET-A-Q167","",""
"F1B1Q188","INSERT","b8acd30c-3971-459c-9f6b-f35dd4614e77","PN-CADET-A-Q168","",""
"F1B1Q189","INSERT","45cb0247-059e-44fb-81a9-e8c891bcc06e","PN-CADET-A-Q169","",""
"F1B1Q190","INSERT","dad7aa5e-37ad-4c9e-81e4-182f90547093","PN-CADET-A-Q739","",""
"F1B1Q191","INSERT","7699cf72-770e-48bf-9247-3168f5052461","PN-CADET-A-Q170","",""
"F1B1Q192","INSERT","49a5a958-648a-41b3-a53c-7ec6e3a03f30","PN-CADET-A-Q171","",""
"F1B1Q193","INSERT","01658b2b-02b8-4dab-ab19-67f430c422f3","PN-CADET-A-Q172","",""
"F1B1Q194","INSERT","773ffd64-083e-47d6-9f0d-27af5295c2db","PN-CADET-A-Q173","",""
"F1B1Q195","INSERT","71940bba-f0f8-4137-b015-7c9d0a0f387c","PN-CADET-A-Q174","",""
"F1B1Q196","INSERT","3b6fb496-308c-4eb1-b439-80258a3a3997","PN-CADET-A-Q175","",""
"F1B1Q197","INSERT","fc69afe3-f50d-4fb4-b94c-dc597b5effc3","PN-CADET-A-Q176","",""
"F1B1Q198","INSERT","ed759c00-fda5-4ea3-a519-b973924f5364","PN-CADET-A-Q177","",""
"F1B1Q199","INSERT","e4a2b227-fe52-4608-b327-b67a4537ada2","PN-CADET-A-Q178","",""
"F1B1Q200","UNRESOLVED","","","","The source does not state a precise comparison or criterion that establishes one answer."
"F1B1Q201","INSERT","1c1ec73b-8c32-46c1-aa14-310d4f3e0763","PN-CADET-A-Q179","",""
"F1B1Q202","INSERT","58899b65-3037-4f02-89f1-2ebb61f4f2cd","PN-CADET-A-Q180","",""
"F1B1Q203","INSERT","480bcb51-cb82-45d3-9c47-31ee73b3d50f","PN-CADET-A-Q181","",""
"F1B1Q204","INSERT","c7be6f32-91c7-4a64-b803-44dbed60203c","PN-CADET-A-Q182","",""
"F1B1Q205","INSERT","beb54d65-399f-494f-b857-c1b35777c23e","PN-CADET-A-Q183","",""
"F1B1Q206","INSERT","24d54474-f523-47c4-ab07-4c33d1770f6a","PN-CADET-A-Q184","",""
"F1B1Q207","INSERT","968c460c-270c-4a40-94d0-4298d522fe35","PN-CADET-A-Q185","",""
"F1B1Q208","INSERT","71feff87-4df5-4d24-b360-791adfd719cf","PN-CADET-A-Q186","",""
"F1B1Q209","DUPLICATE","2c78e57c-96be-4cf6-9580-6f8c66327ea1","PN-CADET-A-Q155","",""
"F1B1Q210","INSERT","c2ccf1c8-74f2-4612-b57a-3d80cc1a43aa","PN-CADET-A-Q187","",""
"F1B1Q211","INSERT","67652a39-ef61-4f4e-b61f-efe2a14a1b28","PN-CADET-A-Q188","",""
"F2B1Q1","INSERT","74bf89de-57f9-45a7-8424-0c316c819b65","PN-CADET-A-Q189","",""
"F2B1Q2","INSERT","1f163e1a-83d8-40c8-b200-c2239601caeb","PN-CADET-A-Q190","",""
"F2B1Q3","DUPLICATE","a837c9d8-efa1-46b3-855d-2f30ca8d6b70","PN-CADET-A-Q79","",""
"F2B1Q4","INSERT","ba5700d8-8309-4bd0-94f8-89984d9b913c","PN-CADET-A-Q191","",""
"F2B1Q5","INSERT","bf86538e-8158-4a59-b714-d565a3326fc6","PN-CADET-A-Q192","",""
"F2B1Q6","INSERT","8ef9ce3c-1859-48e6-838b-c728527ea944","PN-CADET-A-Q193","",""
"F2B1Q7","INSERT","88ee4d77-37c7-4d1c-8756-ea9e39d3340b","PN-CADET-A-Q194","",""
"F2B1Q8","INSERT","bdc3e3ed-7eb4-43d5-956e-a92a9c159a5f","PN-CADET-A-Q195","",""
"F2B1Q9","INSERT","aa62fe77-5a96-46af-98c6-7656ee9f8d40","PN-CADET-A-Q196","",""
"F2B1Q10","INSERT","f75bee72-7a4b-490f-b448-6ebad83b5c52","PN-CADET-A-Q197","",""
"F2B1Q11","INSERT","3e40031b-59d6-46ae-b606-deb5262e816e","PN-CADET-A-Q198","",""
"F2B1Q12","INSERT","0e28dc88-3423-4c7f-9714-d954fd300a7c","PN-CADET-A-Q199","",""
"F2B1Q13","INSERT","c043ce25-3aeb-4a1a-a064-0cb765de8b07","PN-CADET-A-Q200","",""
"F2B1Q14","INSERT","4c81f423-73e8-467f-8d9a-7ca7b82d0975","PN-CADET-A-Q201","",""
"F2B1Q15","INSERT","70daa592-1cde-4c07-b5db-4c8cc31345cc","PN-CADET-A-Q202","",""
"F2B1Q16","INSERT","f062a9da-d5c1-4c45-84ba-ae0dc571ba54","PN-CADET-A-Q203","",""
"F2B1Q17","INSERT","ff40a904-1960-4b1e-afff-35560e4ced36","PN-CADET-A-Q204","",""
"F2B1Q18","INSERT","7dc31afe-cda3-497e-99d4-3292990c7ca3","PN-CADET-A-Q205","",""
"F2B1Q19","INSERT","7001ba5a-5af3-42fe-9e26-bc54c9141141","PN-CADET-A-Q206","",""
"F2B1Q20","UNRESOLVED","","","","The source does not supply four distinct options and exactly one usable answer."
"F2B1Q21","INSERT","1adb27df-8eee-412f-aade-dd53d378a3ac","PN-CADET-A-Q207","",""
"F2B1Q22","INSERT","83615398-7a0c-4f85-9fb3-2b0e9b22c2ea","PN-CADET-A-Q208","",""
"F2B1Q23","INSERT","536b501d-bc94-4c57-ba1f-a0acc53c8e03","PN-CADET-A-Q209","",""
"F2B1Q24","INSERT","12d2c8f8-1de1-4dec-a1aa-d8c6b77df1d7","PN-CADET-A-Q210","",""
"F2B1Q25","INSERT","fbe41fe5-00ff-4cb9-8f6f-3637ce2e5483","PN-CADET-A-Q211","",""
"F2B1Q26","INSERT","76d4a5d0-ca29-4648-ad6c-3cb9c3148f8e","PN-CADET-A-Q212","",""
"F2B1Q27","INSERT","c827f7c5-ca5f-464c-a065-14e0079a21fc","PN-CADET-A-Q213","",""
"F2B1Q28","INSERT","de7bc1a3-176e-481b-baea-51312b5e2f62","PN-CADET-A-Q214","",""
"F2B1Q29","INSERT","17b55400-be0d-43dd-9228-de9af2e157f7","PN-CADET-A-Q215","",""
"F2B1Q30","INSERT","9d53ede0-0274-4d08-8308-ce9d1b5fd067","PN-CADET-A-Q216","",""
"F2B1Q31","INSERT","cf44a036-8317-49d7-a288-e18f89a96a56","PN-CADET-A-Q217","",""
"F2B1Q32","INSERT","70aaa0b3-114e-4188-b470-beb5bd7d0061","PN-CADET-A-Q218","",""
"F2B1Q33","DUPLICATE","b2f6e1bb-d50e-427b-9364-53cd562e6163","PN-CADET-A-Q133","",""
"F2B1Q34","INSERT","b593a4c7-3edc-48e5-a4e8-ef58db9f25d3","PN-CADET-A-Q219","",""
"F2B1Q35","DUPLICATE","a95bc9ba-db7e-482b-95cc-37735a340313","PN-CADET-A-Q162","",""
"F2B1Q36","INSERT","3eef6178-f550-4e36-996c-1a0c983bb825","PN-CADET-A-Q220","",""
"F2B1Q37","INSERT","6aa7f5f8-3a30-472f-b2be-779e724bc130","PN-CADET-A-Q221","",""
"F2B1Q38","INSERT","7c4125b5-af54-493d-ba3e-e506deb37fc6","PN-CADET-A-Q222","",""
"F2B1Q39","DUPLICATE","f5172e17-d2b8-4956-8d6e-9ef0faf07487","PN-CADET-A-Q102","",""
"F2B1Q40","INSERT","e80ac0a0-b149-4d92-a8b3-8ab390e34039","PN-CADET-A-Q223","",""
"F2B1Q41","INSERT","b37d6dbf-1574-4279-a560-d920cb17d9b2","PN-CADET-A-Q224","",""
"F2B1Q42","INSERT","a0f1fbca-b8e6-4a46-9a5f-393fa420d0e2","PN-CADET-A-Q225","",""
"F2B1Q43","INSERT","a4c13ad0-dac6-4ffd-bf11-b8edea95f2cf","PN-CADET-A-Q226","",""
"F2B1Q44","INSERT","f6c8ac1f-eb67-4bea-9f0e-bdc70f8ac7e8","PN-CADET-A-Q227","",""
"F2B1Q45","INSERT","d73c1d35-7fb8-4a61-8100-d113d5a282fe","PN-CADET-A-Q228","",""
"F2B1Q46","INSERT","a96e4eb9-e485-4968-b71d-a01a32a71a08","PN-CADET-A-Q229","",""
"F2B1Q47","INSERT","d6a0e4cf-6a64-419c-93e4-956e8612e4b4","PN-CADET-A-Q230","",""
"F2B1Q48","INSERT","144935a3-a046-40c0-8be1-1258f755b4af","PN-CADET-A-Q231","",""
"F2B1Q49","INSERT","1d97fce9-f800-48d1-b3b2-bb35bff85da1","PN-CADET-A-Q232","",""
"F2B1Q50","INSERT","c571be55-d592-4586-9a3f-6eb228766d8e","PN-CADET-A-Q233","",""
"F2B1Q51","INSERT","a261f8d4-b39f-48d2-a3c9-2e8386b6d49b","PN-CADET-A-Q234","",""
"F2B1Q52","INSERT","002cb5e8-1122-4ad8-98d0-15553dda8bd4","PN-CADET-A-Q235","",""
"F2B1Q53","DUPLICATE","b37b97c6-6d93-4c12-8bbe-487fd0826c43","PN-CADET-A-Q26","",""
"F2B1Q54","DUPLICATE","1f163e1a-83d8-40c8-b200-c2239601caeb","PN-CADET-A-Q190","",""
"F2B1Q55","DUPLICATE","a837c9d8-efa1-46b3-855d-2f30ca8d6b70","PN-CADET-A-Q79","",""
"F2B1Q56","DUPLICATE","ba5700d8-8309-4bd0-94f8-89984d9b913c","PN-CADET-A-Q191","",""
"F2B1Q57","DUPLICATE","bf86538e-8158-4a59-b714-d565a3326fc6","PN-CADET-A-Q192","",""
"F2B1Q58","DUPLICATE","8ef9ce3c-1859-48e6-838b-c728527ea944","PN-CADET-A-Q193","",""
"F2B1Q59","INSERT","067699ec-61ba-4f3a-b015-13e754ab2de7","PN-CADET-A-Q236","",""
"F2B1Q60","INSERT","23f3d286-2deb-4e7a-9441-5e69d4858476","PN-CADET-A-Q237","",""
"F2B1Q61","DUPLICATE","aa62fe77-5a96-46af-98c6-7656ee9f8d40","PN-CADET-A-Q196","",""
"F2B1Q62","DUPLICATE","f75bee72-7a4b-490f-b448-6ebad83b5c52","PN-CADET-A-Q197","",""
"F2B1Q63","INSERT","17d38d4c-8bf0-4e8d-8484-b42ba229ec84","PN-CADET-A-Q740","",""
"F2B1Q64","INSERT","30f8a71a-767d-4062-8671-16ab10d8d332","PN-CADET-A-Q238","",""
"F2B1Q65","INSERT","30122d61-9268-4078-ab5e-c7f58e35af17","PN-CADET-A-Q239","",""
"F2B1Q66","INSERT","c2f58c54-1345-4cd3-bf2d-68ee0d74c03d","PN-CADET-A-Q240","",""
"F2B1Q67","DUPLICATE","9ae63e93-1968-480d-88fd-fba0b535c81a","PN-CADET-A-Q81","",""
"F2B1Q68","INSERT","b0cfff31-5cad-41a7-91da-6a9fe326c7b3","PN-CADET-A-Q241","",""
"F2B1Q69","INSERT","aac2cbfa-bee7-47e0-a4c6-95d2aa2f2c8f","PN-CADET-A-Q242","",""
"F2B1Q70","INSERT","6b9ad11e-0c1f-4551-adbe-6391a06cfaf2","PN-CADET-A-Q243","",""
"F2B1Q71","DUPLICATE","17d38d4c-8bf0-4e8d-8484-b42ba229ec84","PN-CADET-A-Q740","",""
"F2B1Q72","INSERT","40c7dab3-151f-44ae-a025-71f71efb4ff5","PN-CADET-A-Q244","",""
"F2B1Q73","INSERT","8b75ca4a-0198-4b94-9378-6a7635a3fadc","PN-CADET-A-Q245","",""
"F2B1Q74","DUPLICATE","c2f58c54-1345-4cd3-bf2d-68ee0d74c03d","PN-CADET-A-Q240","",""
"F2B1Q75","DUPLICATE","b0cfff31-5cad-41a7-91da-6a9fe326c7b3","PN-CADET-A-Q241","",""
"F2B1Q76","INSERT","55530178-ed55-4786-9126-d3255ce2a6fe","PN-CADET-A-Q246","",""
"F2B1Q77","INSERT","10b8ee2f-84ca-49a0-9a73-4b2f610a476f","PN-CADET-A-Q247","",""
"F2B1Q78","INSERT","b16e51f0-c54b-43f4-8c70-544263c883f0","PN-CADET-A-Q248","",""
"F2B1Q79","INSERT","6b6a5335-d9f3-42ee-80ed-14f1b44a0016","PN-CADET-A-Q249","",""
"F2B1Q80","INSERT","7d58105f-f92d-40e7-8c71-a643fa49e5d5","PN-CADET-A-Q250","",""
"F2B1Q81","INSERT","6f3a5c68-7666-4151-97dc-a6ce3cd0371b","PN-CADET-A-Q251","",""
"F2B1Q82","INSERT","929b7162-f83d-4427-b7c2-2380e159b672","PN-CADET-A-Q252","",""
"F2B1Q83","DUPLICATE","b241ef8f-b6da-4d78-a8a7-5506167b06e6","PN-CADET-A-Q80","",""
"F2B1Q84","DUPLICATE","0212ed3e-47b5-4435-80bd-fba7ebc2e0fd","PN-CADET-A-Q163","",""
"F2B1Q85","INSERT","48a8585b-e11e-4fce-8d31-4e6ac468d276","PN-CADET-A-Q253","",""
"F2B1Q86","INSERT","dbe33ff4-095e-4c5b-9f66-3e31ad5e1305","PN-CADET-A-Q254","",""
"F2B1Q87","INSERT","7c4450c7-eaf6-4ccd-8b33-be8044704608","PN-CADET-A-Q255","",""
"F2B1Q88","INSERT","6d7d2616-c839-478e-a32e-27a5ae35d7a4","PN-CADET-A-Q256","",""
"F2B1Q89","INSERT","d476203d-b184-4533-86a6-63b463eaf13b","PN-CADET-A-Q257","",""
"F2B1Q90","INSERT","a4f1e3b9-184b-44ca-b0ff-acf2098b9b66","PN-CADET-A-Q258","",""
"F2B1Q91","INSERT","9d030a87-d54f-48a6-8648-382e52012887","PN-CADET-A-Q259","",""
"F2B1Q92","DUPLICATE","b0cfff31-5cad-41a7-91da-6a9fe326c7b3","PN-CADET-A-Q241","",""
"F2B1Q93","INSERT","59ba6c85-ad86-41c9-b298-edf39574e634","PN-CADET-A-Q260","",""
"F2B1Q94","DUPLICATE","b16e51f0-c54b-43f4-8c70-544263c883f0","PN-CADET-A-Q248","",""
"F2B1Q95","INSERT","e573bae0-25c6-47e4-9033-70ed4a3fbd5d","PN-CADET-A-Q261","",""
"F2B1Q96","DUPLICATE","6f3a5c68-7666-4151-97dc-a6ce3cd0371b","PN-CADET-A-Q251","",""
"F2B1Q97","DUPLICATE","929b7162-f83d-4427-b7c2-2380e159b672","PN-CADET-A-Q252","",""
"F2B1Q98","DUPLICATE","b241ef8f-b6da-4d78-a8a7-5506167b06e6","PN-CADET-A-Q80","",""
"F2B1Q99","DUPLICATE","0212ed3e-47b5-4435-80bd-fba7ebc2e0fd","PN-CADET-A-Q163","",""
"F2B1Q100","INSERT","09654ecf-f3fd-4b3a-b187-50c948dc531b","PN-CADET-A-Q262","",""
"F2B1Q141","INSERT","e7ff7dbc-d550-445f-8e84-82201ec2f914","PN-CADET-A-Q263","",""
"F2B1Q142","INSERT","bc012481-cea4-4509-9f78-93eab943a4dc","PN-CADET-A-Q264","",""
"F2B1Q143","INSERT","d4c53b9c-b5f9-42d5-bab9-116ca16551e7","PN-CADET-A-Q265","",""
"F2B1Q144","INSERT","64dad69e-3816-440e-bd2d-9d89efcfa4ed","PN-CADET-A-Q266","",""
"F2B1Q145","INSERT","ef518876-67d3-4ce8-b334-a15fcba0706e","PN-CADET-A-Q267","",""
"F2B1Q146","INSERT","9c88d600-99a5-43c4-97b7-16177f462e84","PN-CADET-A-Q268","",""
"F2B1Q147","INSERT","fbcd5ae1-498e-4da8-87d5-a470184737e1","PN-CADET-A-Q741","",""
"F2B1Q148","INSERT","a9f64fb1-b46e-4a1a-87dd-a6bc80187f5e","PN-CADET-A-Q269","",""
"F2B1Q149","DUPLICATE","9ae63e93-1968-480d-88fd-fba0b535c81a","PN-CADET-A-Q81","",""
"F2B1Q150","INSERT","f14bd930-07b2-43c1-9792-043f54b11f34","PN-CADET-A-Q270","",""
"F2B1Q151","INSERT","c6f72085-c6ba-4b29-97b2-5a4286dfeee2","PN-CADET-A-Q271","",""
"F2B1Q152","INSERT","93f169bf-6a10-4c2d-8b6d-e0d0e3443f6a","PN-CADET-A-Q272","",""
"F2B1Q153","INSERT","acf53f4c-f177-44e3-a6ca-0786defe01d2","PN-CADET-A-Q273","",""
"F2B1Q154","INSERT","1a3cdc8a-7108-405a-aae4-1eee24fdaf6e","PN-CADET-A-Q274","",""
"F2B1Q155","INSERT","89155ab9-d89b-48d3-8b1d-54eb11eeb9d3","PN-CADET-A-Q275","",""
"F2B1Q156","INSERT","719cacc9-1f3e-4404-8b5f-8a494b5f32d1","PN-CADET-A-Q276","",""
"F2B1Q157","INSERT","7615160a-5293-4f81-8bab-0be335d73cba","PN-CADET-A-Q277","",""
"F2B1Q158","INSERT","8b6bd7a6-fe2a-4fe9-8f14-c2a9f4b6eb3a","PN-CADET-A-Q278","",""
"F2B1Q159","INSERT","455c67e7-3a67-4c78-9eef-ff7bd7c1c5a1","PN-CADET-A-Q279","",""
"F2B1Q160","INSERT","3d955e5e-da80-4ce1-8118-d731886cd93e","PN-CADET-A-Q280","",""
"F2B1Q161","INSERT","666fa970-9636-4aea-a6b1-ee9e051e7edd","PN-CADET-A-Q281","",""
"F2B1Q162","INSERT","7d6887a2-df49-41f1-89c7-ab0713825e58","PN-CADET-A-Q282","",""
"F2B1Q163","INSERT","74a3d53c-41d7-4cff-926b-c37510c5e5e5","PN-CADET-A-Q283","",""
"F2B1Q164","INSERT","06434265-5eb9-4eca-b14f-b71383089dfc","PN-CADET-A-Q284","",""
"F2B1Q165","INSERT","bf787d93-bdfc-40e6-b325-80207fccc441","PN-CADET-A-Q285","",""
"F2B1Q166","INSERT","184d630c-d023-43be-aade-f35a6fb30ae2","PN-CADET-A-Q286","",""
"F2B1Q167","INSERT","0619067e-c94b-4ec0-ad99-f7a7b3e46579","PN-CADET-A-Q287","",""
"F2B1Q168","INSERT","03a23ed0-f6a3-447d-9203-65bdcce67cc8","PN-CADET-A-Q288","",""
"F2B1Q169","INSERT","7f267e6e-c183-4f56-bbf7-144af702a76a","PN-CADET-A-Q289","",""
"F2B1Q170","INSERT","a010be20-9ae5-49ab-9561-3df41eb64dd6","PN-CADET-A-Q290","",""
"F2B1Q171","UNRESOLVED","","","","The source contains replacement characters where essential formulas, expressions or options should be; the original data cannot be recovered."
"F2B1Q172","INSERT","e98d1d3d-ff77-447d-8e71-f7bc62c5db4c","PN-CADET-A-Q291","",""
"F2B1Q173","INSERT","56aec9e5-2eec-440b-8196-95a864400100","PN-CADET-A-Q292","",""
"F2B1Q174","INSERT","871f41bb-9f91-4e01-8d86-93deec5d9679","PN-CADET-A-Q293","",""
"F2B1Q175","INSERT","b1c67cd1-90c5-426d-b581-250401ff74be","PN-CADET-A-Q294","",""
"F2B1Q176","UNRESOLVED","","","","The source contains replacement characters where essential formulas, expressions or options should be; the original data cannot be recovered."
"F2B1Q177","INSERT","5ada6133-cd5c-4841-b05b-8a7fe4529628","PN-CADET-A-Q295","",""
"F2B1Q178","DUPLICATE","3e40031b-59d6-46ae-b606-deb5262e816e","PN-CADET-A-Q198","",""
"F2B1Q179","INSERT","1f795adb-fe7e-4b09-a172-7005ee999e9d","PN-CADET-A-Q296","",""
"F2B1Q180","UNRESOLVED","","","","The intended rule, measurement, administrative year or convention is unspecified, so a unique defensible answer cannot be established."
"F2B1Q181","INSERT","3252ef0b-71fb-4cb4-9a52-9c948898a4d1","PN-CADET-A-Q297","",""
"F2B1Q182","INSERT","de7956af-5af6-43d8-98fe-54880be2eda4","PN-CADET-A-Q298","",""
"F2B1Q183","INSERT","72730232-ec2a-4109-92ae-f8c5ea305e60","PN-CADET-A-Q299","",""
"F2B1Q184","UNRESOLVED","","","","The source contains replacement characters where essential formulas, expressions or options should be; the original data cannot be recovered."
"F2B1Q185","UNRESOLVED","","","","The source contains replacement characters where essential formulas, expressions or options should be; the original data cannot be recovered."
"F2B1Q186","UNRESOLVED","","","","The source contains replacement characters where essential formulas, expressions or options should be; the original data cannot be recovered."
"F2B1Q187","UNRESOLVED","","","","The intended rule, measurement, administrative year or convention is unspecified, so a unique defensible answer cannot be established."
"F2B1Q188","INSERT","315de749-a5c8-433c-99a3-bb6f28135be6","PN-CADET-A-Q300","",""
"F2B1Q189","UNRESOLVED","","","","The odd-one-out criterion is unspecified or inconsistent, so the supplied key is not uniquely defensible."
"F2B1Q190","INSERT","9218556c-ce02-4b28-bc88-16840b979314","PN-CADET-A-Q301","",""
"F2B1Q191","INSERT","9388923f-7d8a-44f1-9e1b-6b4a56a7adb8","PN-CADET-A-Q302","",""
"F2B1Q192","DUPLICATE","1f163e1a-83d8-40c8-b200-c2239601caeb","PN-CADET-A-Q190","",""
"F2B1Q193","DUPLICATE","a837c9d8-efa1-46b3-855d-2f30ca8d6b70","PN-CADET-A-Q79","",""
"F2B1Q194","DUPLICATE","bf86538e-8158-4a59-b714-d565a3326fc6","PN-CADET-A-Q192","",""
"F2B1Q195","INSERT","e6c49d07-b7ec-494d-9447-92b11ba168e6","PN-CADET-A-Q303","",""
"F2B1Q196","INSERT","0e2cc009-303e-47a8-b163-a422e6151c46","PN-CADET-A-Q304","",""
"F2B1Q197","DUPLICATE","aa62fe77-5a96-46af-98c6-7656ee9f8d40","PN-CADET-A-Q196","",""
"F2B1Q198","INSERT","d4b45565-f1f2-413e-b5bb-105100c06cb3","PN-CADET-A-Q305","",""
"F2B1Q199","INSERT","bda328a1-2a71-4b03-bb8d-e3f762ab2b21","PN-CADET-A-Q306","",""
"F2B1Q200","INSERT","efad3e97-b1f3-42f4-a14a-2108970a6c6a","PN-CADET-A-Q307","",""
"F2B1Q201","INSERT","0bb4802d-78ec-4727-9e6a-b0969aaf535d","PN-CADET-A-Q308","",""
"F2B1Q202","INSERT","c2791d77-dba9-4b54-a2ca-757e9f949340","PN-CADET-A-Q309","",""
"F2B1Q203","DUPLICATE","f14bd930-07b2-43c1-9792-043f54b11f34","PN-CADET-A-Q270","",""
"F2B1Q204","INSERT","a02a23c6-c738-4604-aa63-0ef00320c69b","PN-CADET-A-Q310","",""
"F2B1Q205","INSERT","0c6a5a83-b222-44d5-98f4-fb62caabf8e8","PN-CADET-A-Q311","",""
"F2B1Q206","UNRESOLVED","","","","The source contains replacement characters where essential formulas, expressions or options should be; the original data cannot be recovered."
"F2B1Q207","UNRESOLVED","","","","The source contains replacement characters where essential formulas, expressions or options should be; the original data cannot be recovered."
"F2B1Q208","DUPLICATE","9ae63e93-1968-480d-88fd-fba0b535c81a","PN-CADET-A-Q81","",""
"F2B1Q209","DUPLICATE","b0cfff31-5cad-41a7-91da-6a9fe326c7b3","PN-CADET-A-Q241","",""
"F2B1Q210","INSERT","14127078-6402-4a1c-b288-c76d98362e5c","PN-CADET-A-Q312","",""
"F2B1Q211","DUPLICATE","d4c53b9c-b5f9-42d5-bab9-116ca16551e7","PN-CADET-A-Q265","",""
"F2B1Q212","DUPLICATE","a9f64fb1-b46e-4a1a-87dd-a6bc80187f5e","PN-CADET-A-Q269","",""
"F2B1Q213","DUPLICATE","9c88d600-99a5-43c4-97b7-16177f462e84","PN-CADET-A-Q268","",""
"F2B1Q214","INSERT","3ae8e5d4-4505-4dfb-b662-afbe920b49ee","PN-CADET-A-Q313","",""
"F2B1Q215","DUPLICATE","aac2cbfa-bee7-47e0-a4c6-95d2aa2f2c8f","PN-CADET-A-Q242","",""
"F2B1Q216","INSERT","b77b5447-79cf-46bb-9c25-2cddadb296b2","PN-CADET-A-Q314","",""
"F2B1Q217","UNRESOLVED","","","","The source contains replacement characters where essential formulas, expressions or options should be; the original data cannot be recovered."
"F2B1Q218","DUPLICATE","e573bae0-25c6-47e4-9033-70ed4a3fbd5d","PN-CADET-A-Q261","",""
"F2B1Q219","INSERT","32cceed7-7c49-414c-be80-1a70f6eb7cac","PN-CADET-A-Q315","",""
"F2B1Q220","DUPLICATE","b1c67cd1-90c5-426d-b581-250401ff74be","PN-CADET-A-Q294","",""
"F2B1Q221","UNRESOLVED","","","","The source contains replacement characters where essential formulas, expressions or options should be; the original data cannot be recovered."
"F2B1Q222","UNRESOLVED","","","","The source contains replacement characters where essential formulas, expressions or options should be; the original data cannot be recovered."
"F2B1Q223","INSERT","b21f6fcd-65b0-44ac-a42e-e677f2732d8f","PN-CADET-A-Q742","",""
"F2B1Q224","UNRESOLVED","","","","The source contains replacement characters where essential formulas, expressions or options should be; the original data cannot be recovered."
"F2B1Q225","UNRESOLVED","","","","The source contains replacement characters where essential formulas, expressions or options should be; the original data cannot be recovered."
"F2B1Q226","UNRESOLVED","","","","The source contains replacement characters where essential formulas, expressions or options should be; the original data cannot be recovered."
"F2B1Q227","UNRESOLVED","","","","The source contains replacement characters where essential formulas, expressions or options should be; the original data cannot be recovered."
"F2B1Q228","UNRESOLVED","","","","The source contains replacement characters where essential formulas, expressions or options should be; the original data cannot be recovered."
"F2B1Q229","UNRESOLVED","","","","The source contains replacement characters where essential formulas, expressions or options should be; the original data cannot be recovered."
"F2B1Q230","UNRESOLVED","","","","The source contains replacement characters where essential formulas, expressions or options should be; the original data cannot be recovered."
"F2B1Q231","UNRESOLVED","","","","The source contains replacement characters where essential formulas, expressions or options should be; the original data cannot be recovered."
"F2B1Q232","INSERT","8bc6935c-b8d5-4bd6-8579-13f5e4cbcbaa","PN-CADET-A-Q316","",""
"F2B1Q233","INSERT","d83ac32e-9c4e-4615-bed8-f18d07cd02b5","PN-CADET-A-Q317","",""
"F2B1Q234","INSERT","1b63b9da-6b1c-4fa8-ba86-abf7235bcd32","PN-CADET-A-Q318","",""
"F2B1Q235","INSERT","2641db00-2701-4795-b389-16c21df00758","PN-CADET-A-Q319","",""
"F2B1Q236","INSERT","94d99fc6-4ee5-45b8-a43f-0502fc3b6e1d","PN-CADET-A-Q320","",""
"F2B1Q237","INSERT","5a072740-9401-4598-b7a0-2a0c897387f7","PN-CADET-A-Q321","",""
"F2B1Q238","INSERT","b357c5b4-5077-48a8-90c0-001357118f3c","PN-CADET-A-Q322","",""
"F2B1Q239","DUPLICATE","b16e51f0-c54b-43f4-8c70-544263c883f0","PN-CADET-A-Q248","",""
"F2B1Q240","INSERT","39cc1463-f769-44e2-899a-eb1e6851f98a","PN-CADET-A-Q323","",""
"F2B1Q241","INSERT","47c94c3e-668f-41f2-8549-f0b446517f27","PN-CADET-A-Q324","",""
"F2B1Q242","INSERT","929a1fce-bf71-45b8-a8ae-100f42958c03","PN-CADET-A-Q325","",""
"F2B1Q243","DUPLICATE","acf53f4c-f177-44e3-a6ca-0786defe01d2","PN-CADET-A-Q273","",""
"F2B1Q244","INSERT","a4e27112-619c-4e4b-9d2b-633c54d1cdad","PN-CADET-A-Q326","",""
"F2B1Q245","DUPLICATE","30122d61-9268-4078-ab5e-c7f58e35af17","PN-CADET-A-Q239","",""
"F2B1Q246","INSERT","b6f2fb97-d40e-4774-9d06-71968dc29aa5","PN-CADET-A-Q327","",""
"F2B1Q247","INSERT","9fd16586-856d-487c-8ac5-2ba95a964c14","PN-CADET-A-Q328","",""
"F2B1Q248","INSERT","704824b6-f256-422f-a215-0a33335bd965","PN-CADET-A-Q329","",""
"F2B1Q249","INSERT","5bf83793-bab6-440c-8e8c-e4c36d969470","PN-CADET-A-Q330","",""
"F2B1Q250","INSERT","e7000762-4894-4631-8119-69df388fa351","PN-CADET-A-Q331","",""
"F2B1Q251","INSERT","8dc4aba6-dd9a-4b11-acbf-b70e07171ef8","PN-CADET-A-Q332","",""
"F2B1Q252","DUPLICATE","74a3d53c-41d7-4cff-926b-c37510c5e5e5","PN-CADET-A-Q283","",""
"F2B1Q253","DUPLICATE","06434265-5eb9-4eca-b14f-b71383089dfc","PN-CADET-A-Q284","",""
"F2B1Q254","INSERT","14a4f116-2a2b-4a3b-bd12-ff51453a2841","PN-CADET-A-Q333","",""
"F2B1Q255","DUPLICATE","1adb27df-8eee-412f-aade-dd53d378a3ac","PN-CADET-A-Q207","",""
"F2B1Q256","DUPLICATE","7f267e6e-c183-4f56-bbf7-144af702a76a","PN-CADET-A-Q289","",""
"F2B1Q257","INSERT","181bc22d-a483-462d-88d7-55d32679d99a","PN-CADET-A-Q334","",""
"F2B1Q258","INSERT","c9996dd2-44dd-4b3e-afc7-e359db590a39","PN-CADET-A-Q335","",""
"F2B1Q259","INSERT","d2e7eda3-679b-4ccb-a9be-bbd148ecaf2f","PN-CADET-A-Q336","",""
"F2B1Q260","INSERT","ab44db1e-8a95-4871-8704-cac337c304d1","PN-CADET-A-Q337","",""
"F2B1Q261","INSERT","2ebc7fe7-36c6-45eb-bdb4-144037fc2a8b","PN-CADET-A-Q338","",""
"F2B1Q262","INSERT","0ecf1849-90ad-4885-a56e-845f73471c4d","PN-CADET-A-Q339","",""
"F2B1Q263","INSERT","5eec9841-28cf-45eb-b4f8-4102418796b7","PN-CADET-A-Q340","",""
"F2B1Q264","INSERT","c04f66e8-5793-4e8a-a4e1-0c19ad979bfd","PN-CADET-A-Q341","",""
"F2B1Q265","INSERT","00141671-4228-444f-bdf9-9aaf41b8cf94","PN-CADET-A-Q342","",""
"F2B1Q266","INSERT","a2aab6df-2857-4a8a-9e7e-4870d7404e96","PN-CADET-A-Q343","",""
"F2B1Q267","DUPLICATE","7615160a-5293-4f81-8bab-0be335d73cba","PN-CADET-A-Q277","",""
"F2B1Q268","DUPLICATE","8b6bd7a6-fe2a-4fe9-8f14-c2a9f4b6eb3a","PN-CADET-A-Q278","",""
"F2B1Q269","INSERT","fed3dec9-8d98-4280-a83c-6dc5a1852456","PN-CADET-A-Q344","",""
"F2B1Q270","INSERT","ccff4b07-db31-4d0e-9e44-66d3746a78ff","PN-CADET-A-Q345","",""
"F2B1Q271","DUPLICATE","3e40031b-59d6-46ae-b606-deb5262e816e","PN-CADET-A-Q198","",""
"F2B1Q272","DUPLICATE","e7ff7dbc-d550-445f-8e84-82201ec2f914","PN-CADET-A-Q263","",""
"F2B1Q273","DUPLICATE","bc012481-cea4-4509-9f78-93eab943a4dc","PN-CADET-A-Q264","",""
"F2B1Q274","DUPLICATE","1f795adb-fe7e-4b09-a172-7005ee999e9d","PN-CADET-A-Q296","",""
"F2B1Q275","DUPLICATE","5ada6133-cd5c-4841-b05b-8a7fe4529628","PN-CADET-A-Q295","",""
"F2B1Q276","INSERT","7b5e5495-9348-4f42-a363-d6c36a907711","PN-CADET-A-Q346","",""
"F2B1Q277","DUPLICATE","9d53ede0-0274-4d08-8308-ce9d1b5fd067","PN-CADET-A-Q216","",""
"F2B1Q278","DUPLICATE","315de749-a5c8-433c-99a3-bb6f28135be6","PN-CADET-A-Q300","",""
"F2B1Q279","DUPLICATE","fbcd5ae1-498e-4da8-87d5-a470184737e1","PN-CADET-A-Q741","",""
"F2B1Q280","UNRESOLVED","","","","The odd-one-out criterion is unspecified or inconsistent, so the supplied key is not uniquely defensible."
"F2B1Q281","DUPLICATE","9218556c-ce02-4b28-bc88-16840b979314","PN-CADET-A-Q301","",""
"F2B1Q282","INSERT","75430c54-5623-4b9a-bd32-e1b2eaffc2ce","PN-CADET-A-Q347","",""
"F2B1Q283","INSERT","3f4c93e8-2395-43dc-a2a0-62e19ed7ca77","PN-CADET-A-Q348","",""
"F2B1Q284","INSERT","62eeb7ad-47bd-4e1e-86bc-da84d2bba894","PN-CADET-A-Q349","",""
"F2B1Q285","UNRESOLVED","","","","The odd-one-out criterion is unspecified or inconsistent, so the supplied key is not uniquely defensible."
"F2B1Q286","DUPLICATE","821c140f-2525-4440-9cf2-66545c509914","PN-CADET-A-Q10","",""
"F2B1Q287","INSERT","d7ec60b9-bd7a-4b93-8d34-daffa796599c","PN-CADET-A-Q350","",""
"F2B1Q288","DUPLICATE","cf44a036-8317-49d7-a288-e18f89a96a56","PN-CADET-A-Q217","",""
"F2B1Q289","INSERT","c50b1189-daf6-4d46-90f1-60b1c5bad83e","PN-CADET-A-Q351","",""
"F2B1Q290","INSERT","099b694f-60a4-464e-98d3-d7b54c4b6f79","PN-CADET-A-Q352","",""
"F2B1Q291","INSERT","20e5b16e-2e73-4370-8a13-5095e743fec8","PN-CADET-A-Q353","",""
"F2B1Q292","INSERT","b51698dc-43ec-4bec-9f0d-3e6ddbacf303","PN-CADET-A-Q354","",""
"F2B1Q293","INSERT","2df43e67-4267-49c9-969b-a5bfcbbf5904","PN-CADET-A-Q355","",""
"F2B1Q294","DUPLICATE","bf787d93-bdfc-40e6-b325-80207fccc441","PN-CADET-A-Q285","",""
"F2B1Q295","INSERT","dc5b42f1-92bb-46c0-bcf5-919f74837359","PN-CADET-A-Q356","",""
"F2B1Q296","INSERT","298b8319-64a6-4e13-944e-c2a3cef50a0c","PN-CADET-A-Q357","",""
"F2B1Q297","INSERT","66339486-c71a-447f-ace1-7b199df746a6","PN-CADET-A-Q358","",""
"F2B1Q298","DUPLICATE","17b55400-be0d-43dd-9228-de9af2e157f7","PN-CADET-A-Q215","",""
"F2B1Q299","INSERT","6a0ff7b1-47b6-49e1-bffa-42756f287edc","PN-CADET-A-Q359","",""
"F2B1Q300","UNRESOLVED","","","","The intended rule, measurement, administrative year or convention is unspecified, so a unique defensible answer cannot be established."
"F2B1Q301","INSERT","b33acae4-f041-441f-9767-707eace1b194","PN-CADET-A-Q360","",""
"F2B1Q302","INSERT","8712e692-4502-4656-a0bf-e9c7f7aafc47","PN-CADET-A-Q361","",""
"F2B1Q303","DUPLICATE","70aaa0b3-114e-4188-b470-beb5bd7d0061","PN-CADET-A-Q218","",""
"F2B1Q304","INSERT","0ad8d0d3-99dd-4b06-aae4-9ba03d4de86c","PN-CADET-A-Q362","",""
"F2B1Q305","INSERT","baac59e2-8633-4b11-be15-40792418a261","PN-CADET-A-Q363","",""
"F2B1Q306","INSERT","044499c3-ef14-4d87-a0a0-b5645e01a4c4","PN-CADET-A-Q364","",""
"F2B1Q307","INSERT","a5c9697a-014a-4ac8-be18-06d48299e280","PN-CADET-A-Q365","",""
"F2B1Q308","INSERT","529d0ac6-401f-4860-bc4a-1778c370c419","PN-CADET-A-Q366","",""
"F2B1Q309","INSERT","8e9602b6-2f13-4c07-9c2c-8f722dfe4d62","PN-CADET-A-Q367","",""
"F2B1Q310","DUPLICATE","a010be20-9ae5-49ab-9561-3df41eb64dd6","PN-CADET-A-Q290","",""
"F2B1Q311","INSERT","31d48d37-f8e2-4d72-8d59-40bc7ec3220e","PN-CADET-A-Q368","",""
"F2B1Q312","DUPLICATE","e7649155-bce2-4c95-b767-8ec11668aac2","PN-CADET-A-Q1","",""
"F2B1Q313","INSERT","f2c36b0e-bd54-4c4a-8714-c04afe471e2c","PN-CADET-A-Q369","",""
"F2B1Q314","DUPLICATE","002cb5e8-1122-4ad8-98d0-15553dda8bd4","PN-CADET-A-Q235","",""
"F2B1Q315","DUPLICATE","a837c9d8-efa1-46b3-855d-2f30ca8d6b70","PN-CADET-A-Q79","",""
"F2B1Q316","INSERT","14f08589-360f-41d9-a126-4e1e557e3646","PN-CADET-A-Q370","",""
"F2B1Q317","INSERT","d35484be-4579-4d06-8615-a6de2c9f89fd","PN-CADET-A-Q371","",""
"F2B1Q318","INSERT","2a0abb96-4c5e-484c-b692-2f38f44e997d","PN-CADET-A-Q372","",""
"F2B1Q319","DUPLICATE","666fa970-9636-4aea-a6b1-ee9e051e7edd","PN-CADET-A-Q281","",""
"F2B1Q320","INSERT","f0b114a5-3658-45e1-9569-8acf44d3face","PN-CADET-A-Q373","",""
"F2B1Q321","INSERT","8879c5ed-265a-453f-acb7-06d0dcdfcd23","PN-CADET-A-Q374","",""
"F2B1Q322","INSERT","bdcc1985-6aa0-4369-a5f4-8a50af75327d","PN-CADET-A-Q375","",""
"F2B1Q323","DUPLICATE","b241ef8f-b6da-4d78-a8a7-5506167b06e6","PN-CADET-A-Q80","",""
"F2B1Q324","INSERT","5accab5a-1141-4442-a8ff-af403953837b","PN-CADET-A-Q376","",""
"F2B1Q325","INSERT","4fe4f905-d079-4305-95d9-1b978c5fcfb6","PN-CADET-A-Q377","",""
"F2B1Q326","INSERT","635ca0bc-62a0-433c-9f40-df1701d2685c","PN-CADET-A-Q378","",""
"F2B1Q327","DUPLICATE","03a23ed0-f6a3-447d-9203-65bdcce67cc8","PN-CADET-A-Q288","",""
"F2B1Q328","INSERT","3b1d9b26-649d-4527-baf2-80283d05f452","PN-CADET-A-Q379","",""
"F2B1Q329","INSERT","67be9535-3a54-4310-8d65-f6bcba04bd43","PN-CADET-A-Q380","",""
"F2B1Q330","INSERT","03fe5ce5-2cdf-4e50-9598-62011eecdda2","PN-CADET-A-Q381","",""
"F2B1Q331","INSERT","52118f0b-6dd9-4209-9ee3-070487ff84f7","PN-CADET-A-Q382","",""
"F2B1Q332","INSERT","61b5c09e-b67e-4ce2-9189-f6bce1fa8ca9","PN-CADET-A-Q383","",""
"F2B1Q333","INSERT","1b6586ce-ea19-4168-ab60-e17950037956","PN-CADET-A-Q384","",""
"F2B1Q334","INSERT","39216349-ac31-401c-a5a1-6304485d15c9","PN-CADET-A-Q385","",""
"F2B1Q335","INSERT","dda72c1d-585c-4d3d-b446-967986950feb","PN-CADET-A-Q386","",""
"F2B1Q336","INSERT","5c19e43b-a1b2-4a15-9b31-d717a3b05663","PN-CADET-A-Q387","",""
"F2B1Q337","INSERT","30b7dcc1-8f08-449b-9f50-4889a9430e31","PN-CADET-A-Q388","",""
"F2B1Q338","DUPLICATE","a2aab6df-2857-4a8a-9e7e-4870d7404e96","PN-CADET-A-Q343","",""
"F2B1Q339","INSERT","288a4bce-e895-4a5a-8b9c-9bd13feae61a","PN-CADET-A-Q389","",""
"F2B1Q340","INSERT","13a40e5d-ce27-4f8a-afc6-a130cd8a76da","PN-CADET-A-Q390","",""
"F2B1Q341","INSERT","df426d6f-1094-45cc-9a07-bfd275113917","PN-CADET-A-Q391","",""
"F2B1Q342","INSERT","dddce84f-c0e1-4419-a5ea-eb3568eff65a","PN-CADET-A-Q392","",""
"F2B1Q343","INSERT","e08de4e1-cc92-4d1f-8d9b-84c11099d1b3","PN-CADET-A-Q393","",""
"F2B1Q344","INSERT","f117fbb8-c9d5-4e8e-9947-086c3dbaa28c","PN-CADET-A-Q394","",""
"F2B1Q345","INSERT","10132de4-7c7e-490d-a499-d6aa743158ac","PN-CADET-A-Q395","",""
"F2B1Q346","INSERT","836734f9-fe27-432a-babe-15c55ff2ba58","PN-CADET-A-Q396","",""
"F2B1Q347","INSERT","ea5f1887-a7b6-4951-8bb2-0714b1598806","PN-CADET-A-Q397","",""
"F2B1Q348","INSERT","b4579c71-677e-4d1e-ac95-156c93690ad8","PN-CADET-A-Q398","",""
"F2B1Q349","INSERT","0d88370d-3a58-4114-af00-5aef1f999463","PN-CADET-A-Q399","",""
"F2B1Q350","INSERT","ce84b82b-9917-4e6e-a067-bf7ea1a0d0f4","PN-CADET-A-Q400","",""
"F2B1Q351","UNRESOLVED","","","","The odd-one-out criterion is unspecified or inconsistent, so the supplied key is not uniquely defensible."
"F2B1Q352","INSERT","7673cba5-88b2-421d-94c8-57bfd7d3f500","PN-CADET-A-Q401","",""
"F2B1Q353","INSERT","cf72f106-f550-40da-99b6-f8f12af23a03","PN-CADET-A-Q402","",""
"F2B1Q354","INSERT","cc2004d4-26ba-4132-89e3-3bc5920c3da2","PN-CADET-A-Q403","",""
"F2B1Q355","INSERT","7e59c177-fdee-4cd2-97b9-cac3e8b5e3f0","PN-CADET-A-Q404","",""
"F2B1Q356","INSERT","89683ae1-1d9c-4536-9950-e6a95955f814","PN-CADET-A-Q405","",""
"F2B1Q357","UNRESOLVED","","","","The intended rule, measurement, administrative year or convention is unspecified, so a unique defensible answer cannot be established."
"F2B1Q358","INSERT","355aa805-e8d8-4a5e-98c4-6b2c17ddb1a1","PN-CADET-A-Q406","",""
"F2B1Q359","INSERT","feca5e00-3cf0-4d62-90ec-68fdea733dda","PN-CADET-A-Q407","",""
"F2B1Q360","INSERT","cf9ffcf1-7302-4a07-a0d9-379f5513a812","PN-CADET-A-Q408","",""
"F2B1Q361","INSERT","2e73ca54-bba6-45b9-995b-1a474c494072","PN-CADET-A-Q409","",""
"F2B1Q362","DUPLICATE","3e40031b-59d6-46ae-b606-deb5262e816e","PN-CADET-A-Q198","",""
"F2B1Q363","INSERT","3a7ad30e-1187-4c54-b9e3-7ac862eea054","PN-CADET-A-Q410","",""
"F2B1Q364","UNRESOLVED","","","","The analogy does not define a consistent relationship with exactly one listed answer."
"F2B1Q365","DUPLICATE","c571be55-d592-4586-9a3f-6eb228766d8e","PN-CADET-A-Q233","",""
"F2B1Q366","INSERT","d1a87e25-722a-4f4c-b8c8-c25d6cf525a7","PN-CADET-A-Q411","",""
"F2B1Q367","DUPLICATE","62eeb7ad-47bd-4e1e-86bc-da84d2bba894","PN-CADET-A-Q349","",""
"F2B1Q368","UNRESOLVED","","","","The odd-one-out criterion is unspecified or inconsistent, so the supplied key is not uniquely defensible."
"F2B1Q369","INSERT","57931ec6-b147-47e8-aa47-6096e4c1a917","PN-CADET-A-Q743","",""
"F2B1Q370","UNRESOLVED","","","","The odd-one-out criterion is unspecified or inconsistent, so the supplied key is not uniquely defensible."
"F2B1Q371","UNRESOLVED","","","","The source contains replacement characters where essential formulas, expressions or options should be; the original data cannot be recovered."
"F2B1Q372","UNRESOLVED","","","","The source contains replacement characters where essential formulas, expressions or options should be; the original data cannot be recovered."
"F2B1Q373","UNRESOLVED","","","","The source contains replacement characters where essential formulas, expressions or options should be; the original data cannot be recovered."
"F2B1Q374","UNRESOLVED","","","","The source contains replacement characters where essential formulas, expressions or options should be; the original data cannot be recovered."
"F2B1Q375","INSERT","269a2e16-3963-4cfa-ac61-42e85e9584d2","PN-CADET-A-Q412","",""
"F2B1Q376","UNRESOLVED","","","","The source contains replacement characters where essential formulas, expressions or options should be; the original data cannot be recovered."
"F2B1Q377","UNRESOLVED","","","","The source contains replacement characters where essential formulas, expressions or options should be; the original data cannot be recovered."
"F2B1Q378","UNRESOLVED","","","","The source contains replacement characters where essential formulas, expressions or options should be; the original data cannot be recovered."
"F2B1Q379","INSERT","43693f40-5783-43c4-845c-2ee8b4b5a99e","PN-CADET-A-Q413","",""
"F2B1Q380","INSERT","d7dacd7b-66b1-4a1e-9738-efa2ce88d60f","PN-CADET-A-Q414","",""
"F2B1Q381","DUPLICATE","d83ac32e-9c4e-4615-bed8-f18d07cd02b5","PN-CADET-A-Q317","",""
"F2B1Q382","DUPLICATE","9388923f-7d8a-44f1-9e1b-6b4a56a7adb8","PN-CADET-A-Q302","",""
"F2B1Q383","INSERT","c01fb480-2fc2-4bbb-b554-a8c37af23180","PN-CADET-A-Q415","",""
"F2B1Q384","UNRESOLVED","","","","The source contains replacement characters where essential formulas, expressions or options should be; the original data cannot be recovered."
"F2B1Q385","UNRESOLVED","","","","The source contains replacement characters where essential formulas, expressions or options should be; the original data cannot be recovered."
"F2B1Q386","DUPLICATE","aac2cbfa-bee7-47e0-a4c6-95d2aa2f2c8f","PN-CADET-A-Q242","",""
"F2B1Q387","INSERT","dd34b5b6-d4b4-48fd-91a5-23b406fce721","PN-CADET-A-Q416","",""
"F2B1Q388","INSERT","14fd5c01-9e46-4e9a-94b5-967d9dc297a2","PN-CADET-A-Q417","",""
"F2B1Q389","INSERT","99e71e56-110c-4a1c-8bee-e4ae8cb62272","PN-CADET-A-Q418","",""
"F2B1Q390","INSERT","fc29d3e2-341f-457a-af55-77aa99625cc3","PN-CADET-A-Q419","",""
"F2B1Q391","INSERT","2e089b3d-598e-4717-a94e-8987dd5b01a9","PN-CADET-A-Q420","",""
"F2B1Q392","INSERT","7ad85d6e-495d-4d4a-af79-043460a2373f","PN-CADET-A-Q421","",""
"F2B1Q393","INSERT","a8dece06-f603-4eb8-b72f-bbde9fa7e7ed","PN-CADET-A-Q422","",""
"F2B1Q394","DUPLICATE","5accab5a-1141-4442-a8ff-af403953837b","PN-CADET-A-Q376","",""
"F2B1Q395","INSERT","e75a796f-5f06-4f53-ac4e-e409aaaf99c8","PN-CADET-A-Q423","",""
"F2B1Q396","INSERT","7d9d8111-4e79-40e4-9958-c4e806e86765","PN-CADET-A-Q424","",""
"F2B1Q397","INSERT","f7257dbb-0ea6-4cd6-b29c-2d7bc28d1eb3","PN-CADET-A-Q425","",""
"F2B1Q398","INSERT","a48a1267-9d81-4995-a3dd-03eaead6e37e","PN-CADET-A-Q426","",""
"F2B1Q399","INSERT","391fab96-3d5a-4922-aa1f-41bb06b5384e","PN-CADET-A-Q427","",""
"F2B1Q400","INSERT","fd394a80-9123-4705-b50b-11a3dfbb3739","PN-CADET-A-Q428","",""
"F2B1Q401","INSERT","54971588-c028-4595-9779-d6f5e2b89598","PN-CADET-A-Q429","",""
"F2B1Q402","UNRESOLVED","","","","The ordinal and supplied key conflict with the official presidency record; no supported 15th-President interpretation is supplied."
"F2B1Q403","INSERT","471553a1-9816-4fbf-b76e-73449a695b6d","PN-CADET-A-Q430","",""
"F2B1Q404","INSERT","cdd16849-43cc-4435-b348-48da0df1082c","PN-CADET-A-Q431","",""
"F2B1Q405","INSERT","c34457ac-7a59-4f38-8ebb-b812ac172e2d","PN-CADET-A-Q432","",""
"F2B1Q406","INSERT","7d613ab6-56e6-40f4-ac4d-68f45720ee7d","PN-CADET-A-Q433","",""
"F2B1Q407","INSERT","d94546f3-1681-4fdb-a159-074915cc0c7c","PN-CADET-A-Q434","",""
"F2B1Q408","INSERT","d1cc00a4-91ba-4d85-8ad6-9e903dba96fb","PN-CADET-A-Q435","",""
"F2B1Q409","INSERT","50d22913-9447-49f8-99db-b5f4e3962c2f","PN-CADET-A-Q436","",""
"F2B1Q410","INSERT","9f449a0e-5e5d-45d7-a29f-2b817f4f2f0e","PN-CADET-A-Q437","",""
"F2B1Q411","INSERT","104d8c61-48a8-47f0-8e19-adc954509919","PN-CADET-A-Q438","",""
"F2B1Q412","INSERT","058beb2d-64d4-4c73-a36c-1ecc5f8434e5","PN-CADET-A-Q439","",""
"F2B1Q413","INSERT","613b2543-ae09-481c-987f-728541f45cf2","PN-CADET-A-Q440","",""
"F2B1Q414","INSERT","7e1d6703-ab97-4e5e-b1d6-1e170980b649","PN-CADET-A-Q441","",""
"F2B1Q415","DUPLICATE","03a23ed0-f6a3-447d-9203-65bdcce67cc8","PN-CADET-A-Q288","",""
"F2B1Q416","INSERT","a439e63e-e94b-4148-aa15-44c967ee1610","PN-CADET-A-Q442","",""
"F2B1Q417","UNRESOLVED","","","","The intended rule, measurement, administrative year or convention is unspecified, so a unique defensible answer cannot be established."
"F2B1Q418","DUPLICATE","c9996dd2-44dd-4b3e-afc7-e359db590a39","PN-CADET-A-Q335","",""
"F2B1Q419","DUPLICATE","d2e7eda3-679b-4ccb-a9be-bbd148ecaf2f","PN-CADET-A-Q336","",""
"F2B1Q420","DUPLICATE","ab44db1e-8a95-4871-8704-cac337c304d1","PN-CADET-A-Q337","",""
"F2B1Q421","DUPLICATE","181bc22d-a483-462d-88d7-55d32679d99a","PN-CADET-A-Q334","",""
"F2B1Q422","DUPLICATE","5eec9841-28cf-45eb-b4f8-4102418796b7","PN-CADET-A-Q340","",""
"F2B1Q423","DUPLICATE","c04f66e8-5793-4e8a-a4e1-0c19ad979bfd","PN-CADET-A-Q341","",""
"F2B1Q424","INSERT","7c5101a6-0c64-4174-a7c3-4e7cb5b5ed07","PN-CADET-A-Q443","",""
"F2B1Q425","INSERT","8cedc6f9-998c-48ef-895b-996557d1556b","PN-CADET-A-Q444","",""
"F2B1Q426","DUPLICATE","61b5c09e-b67e-4ce2-9189-f6bce1fa8ca9","PN-CADET-A-Q383","",""
"F2B1Q427","INSERT","a56ecf85-d977-4a1d-b0e4-a02b3669405f","PN-CADET-A-Q445","",""
"F2B1Q428","DUPLICATE","b241ef8f-b6da-4d78-a8a7-5506167b06e6","PN-CADET-A-Q80","",""
"F2B1Q429","DUPLICATE","a837c9d8-efa1-46b3-855d-2f30ca8d6b70","PN-CADET-A-Q79","",""
"F2B1Q430","INSERT","817705fc-f577-41fe-b995-41304f967403","PN-CADET-A-Q446","",""
"F2B1Q431","INSERT","d9e1181d-1860-4f33-80e2-8fc1cd07ba57","PN-CADET-A-Q447","",""
"F2B1Q432","INSERT","64fc5e26-7181-44a2-b1fb-67603f6b9eec","PN-CADET-A-Q448","",""
"F2B1Q433","INSERT","04de2277-5353-4d23-a4ce-63727f90f399","PN-CADET-A-Q449","",""
"F2B1Q434","DUPLICATE","f704fb48-fa80-4ef1-b04a-7e4f1a330b1d","PN-CADET-A-Q90","",""
"F2B1Q435","INSERT","80448259-e069-4ab7-b26b-c884d9c6d5d5","PN-CADET-A-Q450","",""
"F2B1Q436","INSERT","4a56356a-860e-48d4-b09b-25ca80ed1f3a","PN-CADET-A-Q451","",""
"F2B1Q437","INSERT","7fae65e5-1fd6-4518-8423-0eb2f821e65e","PN-CADET-A-Q452","",""
"F2B2Q1","UNRESOLVED","","","","The analogy does not define a consistent relationship with exactly one listed answer."
"F2B2Q2","INSERT","893aac4f-c3f3-4316-8cca-3eb693273563","PN-CADET-A-Q453","",""
"F2B2Q3","INSERT","fa047072-c2f7-40e0-9e14-715b9f6bde81","PN-CADET-A-Q454","",""
"F2B2Q4","DUPLICATE","b241ef8f-b6da-4d78-a8a7-5506167b06e6","PN-CADET-A-Q80","",""
"F2B2Q5","DUPLICATE","57931ec6-b147-47e8-aa47-6096e4c1a917","PN-CADET-A-Q743","",""
"F2B2Q6","UNRESOLVED","","","","The odd-one-out criterion is unspecified or inconsistent, so the supplied key is not uniquely defensible."
"F2B2Q7","UNRESOLVED","","","","The source contains replacement characters where essential formulas, expressions or options should be; the original data cannot be recovered."
"F2B2Q8","INSERT","dca85aed-18ed-4d58-a340-f856429d97ac","PN-CADET-A-Q744","",""
"F2B2Q9","INSERT","36eddb43-c3b3-4fc2-b745-1864ceff7d46","PN-CADET-A-Q455","",""
"F2B2Q10","INSERT","b7be4a1d-3717-4e71-be0e-88c440587f66","PN-CADET-A-Q456","",""
"F2B2Q11","DUPLICATE","5accab5a-1141-4442-a8ff-af403953837b","PN-CADET-A-Q376","",""
"F2B2Q12","INSERT","1dd52057-4da9-45b5-a050-ad1da98af289","PN-CADET-A-Q457","",""
"F2B2Q13","INSERT","e5e221b1-9e93-4b98-be56-0fb35b43cb79","PN-CADET-A-Q458","",""
"F2B2Q14","DUPLICATE","3e40031b-59d6-46ae-b606-deb5262e816e","PN-CADET-A-Q198","",""
"F2B2Q15","UNRESOLVED","","","","The odd-one-out criterion is unspecified or inconsistent, so the supplied key is not uniquely defensible."
"F2B2Q16","INSERT","3b6bb6b3-9bce-47c8-831f-334d3ae87bf8","PN-CADET-A-Q459","",""
"F2B2Q17","INSERT","39959045-75b1-4a99-a708-a83146a66e14","PN-CADET-A-Q460","",""
"F2B2Q18","INSERT","d50ade56-5c23-44b8-ae13-8e8519b8a79f","PN-CADET-A-Q461","",""
"F2B2Q19","INSERT","c894fc9a-a391-44a7-8954-44113c92cd7d","PN-CADET-A-Q462","",""
"F2B2Q20","DUPLICATE","d73c1d35-7fb8-4a61-8100-d113d5a282fe","PN-CADET-A-Q228","",""
"F2B2Q21","INSERT","462f59c5-1ba3-4a9e-adab-a90d0d48fc3a","PN-CADET-A-Q463","",""
"F2B2Q22","INSERT","12d7e97c-8c20-46c4-9f3c-e9034ef8c8fb","PN-CADET-A-Q464","",""
"F2B2Q23","INSERT","a6f287f4-a3b1-4cc5-aea6-d0ef5887b36b","PN-CADET-A-Q465","",""
"F2B2Q24","INSERT","f9fcadfa-c16f-4059-917d-74c6b09b6850","PN-CADET-A-Q466","",""
"F2B2Q25","INSERT","4fd66d37-9f02-408e-8bf4-d350fe169739","PN-CADET-A-Q467","",""
"F2B2Q26","DUPLICATE","144935a3-a046-40c0-8be1-1258f755b4af","PN-CADET-A-Q231","",""
"F2B2Q27","DUPLICATE","c34457ac-7a59-4f38-8ebb-b812ac172e2d","PN-CADET-A-Q432","",""
"F2B2Q28","INSERT","636d76c9-9b9b-4b60-a20f-ca6eca0a152c","PN-CADET-A-Q468","",""
"F2B2Q29","INSERT","44a87e65-45a8-4756-9b0d-c7716d468bab","PN-CADET-A-Q469","",""
"F2B2Q30","INSERT","75658afb-d2c9-4646-be5d-789184af28a1","PN-CADET-A-Q470","",""
"F2B2Q31","INSERT","489bd670-7141-4a5a-9f4f-39651215c561","PN-CADET-A-Q471","",""
"F2B2Q32","DUPLICATE","c2f58c54-1345-4cd3-bf2d-68ee0d74c03d","PN-CADET-A-Q240","",""
"F2B2Q33","INSERT","213eb739-503f-47b0-8854-4c11f42cba82","PN-CADET-A-Q472","",""
"F2B2Q34","INSERT","80728cf9-0f21-47fe-a5de-134b1bea224e","PN-CADET-A-Q473","",""
"F2B2Q35","INSERT","50509178-bb56-4d2f-8111-99da3b785e6d","PN-CADET-A-Q474","",""
"F2B2Q36","INSERT","08bc620a-1c6e-45ad-8ad6-5fe194868a1b","PN-CADET-A-Q475","",""
"F2B2Q37","INSERT","eecfcd7d-ea60-4abf-b23c-3c35285de7fa","PN-CADET-A-Q476","",""
"F2B2Q38","DUPLICATE","c6f72085-c6ba-4b29-97b2-5a4286dfeee2","PN-CADET-A-Q271","",""
"F2B2Q39","UNRESOLVED","","","","The source does not state a precise comparison or criterion that establishes one answer."
"F2B2Q40","INSERT","4baf6bd4-29ca-4de2-9323-4a05562fb723","PN-CADET-A-Q477","",""
"F2B2Q41","INSERT","d6cf8023-1069-431e-ba5a-eac7a4b16137","PN-CADET-A-Q478","",""
"F2B2Q42","UNRESOLVED","","","","The first presiding officers were Jogendra Nath Mandal (temporary) and Muhammad Ali Jinnah (elected President); neither is offered."
"F2B2Q43","UNRESOLVED","","","","The intended rule, measurement, administrative year or convention is unspecified, so a unique defensible answer cannot be established."
"F2B2Q44","INSERT","7ff3e5d3-5dea-4b5d-b140-6382995c09f0","PN-CADET-A-Q479","",""
"F2B2Q45","INSERT","ff821b16-c664-4d18-b61e-5c22fefca909","PN-CADET-A-Q480","",""
"F2B2Q46","DUPLICATE","1f163e1a-83d8-40c8-b200-c2239601caeb","PN-CADET-A-Q190","",""
"F2B2Q47","DUPLICATE","a837c9d8-efa1-46b3-855d-2f30ca8d6b70","PN-CADET-A-Q79","",""
"F2B2Q48","DUPLICATE","0212ed3e-47b5-4435-80bd-fba7ebc2e0fd","PN-CADET-A-Q163","",""
"F2B2Q49","INSERT","23811368-db62-48d9-9b3f-631477048193","PN-CADET-A-Q481","",""
"F2B2Q50","INSERT","4a4d0459-dcdb-4283-8ba3-90af3b9791ef","PN-CADET-A-Q482","",""
"F2B2Q51","DUPLICATE","bda328a1-2a71-4b03-bb8d-e3f762ab2b21","PN-CADET-A-Q306","",""
"F2B2Q52","INSERT","32ae8e24-0b35-4327-a51e-3033c98b16f0","PN-CADET-A-Q483","",""
"F2B2Q53","INSERT","f2fa43e0-049a-4d0b-9b58-033239890517","PN-CADET-A-Q484","",""
"F2B2Q54","INSERT","fdd5ec37-3d3e-43b2-b7f4-62282bc993e9","PN-CADET-A-Q485","",""
"F2B2Q55","INSERT","aaab1b29-d514-4ae4-9c8c-27a1dc458c88","PN-CADET-A-Q486","",""
"F2B2Q56","INSERT","33a18c08-6497-4e1a-9804-c3c4055a4bc9","PN-CADET-A-Q487","",""
"F2B2Q57","INSERT","1a8776ad-9844-4500-88b4-79647ea92102","PN-CADET-A-Q488","",""
"F2B2Q58","INSERT","42244871-1e57-4c27-b040-85c4f49e312a","PN-CADET-A-Q489","",""
"F2B2Q59","INSERT","800fec3d-30be-4b27-b197-5a00ccb5baee","PN-CADET-A-Q490","",""
"F2B2Q60","UNRESOLVED","","","","The source contains replacement characters where essential formulas, expressions or options should be; the original data cannot be recovered."
"F2B2Q61","DUPLICATE","aa62fe77-5a96-46af-98c6-7656ee9f8d40","PN-CADET-A-Q196","",""
"F2B2Q62","UNRESOLVED","","","","The source contains replacement characters where essential formulas, expressions or options should be; the original data cannot be recovered."
"F2B2Q63","INSERT","36d0acfc-8a14-4099-90cd-339b78e1f645","PN-CADET-A-Q491","",""
"F2B2Q64","INSERT","2f990bb3-6a5c-4c7b-8d41-3fd645c82dde","PN-CADET-A-Q492","",""
"F2B2Q65","UNRESOLVED","","","","The source contains replacement characters where essential formulas, expressions or options should be; the original data cannot be recovered."
"F2B2Q66","INSERT","f2353783-53a8-4611-94d6-0ea534973404","PN-CADET-A-Q493","",""
"F2B2Q67","UNRESOLVED","","","","The intended rule, measurement, administrative year or convention is unspecified, so a unique defensible answer cannot be established."
"F2B2Q68","INSERT","891aa4a2-0905-4608-ab31-8bf851bef6db","PN-CADET-A-Q494","",""
"F2B2Q69","INSERT","16c10d79-6450-47f7-b165-2fa066cf2163","PN-CADET-A-Q495","",""
"F2B2Q70","INSERT","eb3c5a81-babd-4add-a905-b2ef56d423ce","PN-CADET-A-Q496","",""
"F2B2Q71","DUPLICATE","878428d6-b9ff-44b5-b343-071169a4f233","PN-CADET-A-Q95","",""
"F2B2Q72","INSERT","4f6705b4-5e3a-4b31-bea9-a3626ed82396","PN-CADET-A-Q497","",""
"F2B2Q73","INSERT","74ad82a1-86eb-4463-803a-e0f0a7f5b7e3","PN-CADET-A-Q498","",""
"F2B2Q74","DUPLICATE","7ad85d6e-495d-4d4a-af79-043460a2373f","PN-CADET-A-Q421","",""
"F2B2Q75","INSERT","e2858d94-d738-4c19-8106-81753eb98ea9","PN-CADET-A-Q499","",""
"F2B2Q76","DUPLICATE","f7257dbb-0ea6-4cd6-b29c-2d7bc28d1eb3","PN-CADET-A-Q425","",""
"F2B2Q77","INSERT","aed335b4-679d-4a91-bad3-0b8fd7de04ed","PN-CADET-A-Q500","",""
"F2B3Q1","INSERT","a4b1c104-f3bf-4233-a82a-8dda3c2e663c","PN-CADET-A-Q501","",""
"F2B3Q2","INSERT","805c98bd-0a64-437e-a8fc-1617540b73b3","PN-CADET-A-Q502","",""
"F2B3Q3","UNRESOLVED","","","","The intended rule, measurement, administrative year or convention is unspecified, so a unique defensible answer cannot be established."
"F2B3Q4","INSERT","db2d8169-2d5b-4936-8125-8027556fdd7c","PN-CADET-A-Q503","",""
"F2B3Q5","INSERT","179c4c51-0a1a-4cbe-9214-b18fa663f108","PN-CADET-A-Q504","",""
"F2B3Q6","DUPLICATE","e98d1d3d-ff77-447d-8e71-f7bc62c5db4c","PN-CADET-A-Q291","",""
"F2B3Q7","INSERT","8aa1e362-ef90-4c3f-bd5f-db952e8dca7a","PN-CADET-A-Q505","",""
"F2B3Q8","INSERT","25d652eb-e9b7-4121-a222-815b2722ad17","PN-CADET-A-Q506","",""
"F2B3Q9","INSERT","0ecebd26-8345-4236-aebc-2c6cded10cb6","PN-CADET-A-Q507","",""
"F2B3Q10","INSERT","7acb4340-15c2-4631-8026-15bf1768a854","PN-CADET-A-Q508","",""
"F2B3Q11","INSERT","da6a3f00-a88d-43bd-8423-b7ce61a0eb82","PN-CADET-A-Q509","",""
"F2B3Q12","INSERT","0a21d831-a139-4125-ba3f-232d12a24a0d","PN-CADET-A-Q510","",""
"F2B3Q13","INSERT","16ca1b06-987d-400c-9bdf-631909393349","PN-CADET-A-Q511","",""
"F2B3Q14","INSERT","9195c795-fda7-45e1-b3ed-2b81728f363a","PN-CADET-A-Q512","",""
"F2B3Q15","DUPLICATE","c2791d77-dba9-4b54-a2ca-757e9f949340","PN-CADET-A-Q309","",""
"F2B3Q16","INSERT","7c75acf1-3b36-4790-83e4-b7dafb472fdb","PN-CADET-A-Q513","",""
"F2B3Q17","INSERT","f515dec1-f492-477c-a58f-187f2f80ec1c","PN-CADET-A-Q514","",""
"F2B3Q18","DUPLICATE","d4b45565-f1f2-413e-b5bb-105100c06cb3","PN-CADET-A-Q305","",""
"F2B3Q19","INSERT","87a98722-4e3d-44d8-9aa8-a2013a83e5a9","PN-CADET-A-Q515","",""
"F2B3Q20","INSERT","bd42adcc-f362-4c2a-b0ab-c369d5dd1b81","PN-CADET-A-Q516","",""
"F2B3Q21","INSERT","f8b52a43-4286-4c76-a0c2-0dcbb9bf7a4a","PN-CADET-A-Q517","",""
"F2B3Q22","DUPLICATE","ff821b16-c664-4d18-b61e-5c22fefca909","PN-CADET-A-Q480","",""
"F2B3Q23","DUPLICATE","9ae63e93-1968-480d-88fd-fba0b535c81a","PN-CADET-A-Q81","",""
"F2B3Q24","DUPLICATE","d4c53b9c-b5f9-42d5-bab9-116ca16551e7","PN-CADET-A-Q265","",""
"F2B3Q25","INSERT","044adbf9-9254-44a6-8fae-5a20678a3eb8","PN-CADET-A-Q518","",""
"F2B3Q26","DUPLICATE","9d0ecf2b-c8d1-49cb-a754-d5485e0f9d65","PN-CADET-A-Q159","",""
"F2B3Q27","DUPLICATE","fb72e707-908b-4ac1-adc7-1a9bc64d47b0","PN-CADET-A-Q115","",""
"F2B3Q28","DUPLICATE","bda328a1-2a71-4b03-bb8d-e3f762ab2b21","PN-CADET-A-Q306","",""
"F2B3Q29","INSERT","9b3499bb-bebc-46e6-a92c-c301a81903ea","PN-CADET-A-Q519","",""
"F2B3Q30","INSERT","a1cf5200-59ef-4e5c-bcaf-5d5b3494e3f3","PN-CADET-A-Q520","",""
"F2B3Q31","DUPLICATE","637f7557-e79d-42cf-8f75-100c09a66480","PN-CADET-A-Q47","",""
"F2B3Q32","INSERT","dbaf49a8-f06a-4e53-b02b-045dd37ec549","PN-CADET-A-Q521","",""
"F2B3Q33","INSERT","b6e350b3-a9a5-43ad-a7b8-c0e3d6f662b6","PN-CADET-A-Q522","",""
"F2B3Q34","INSERT","71151aaf-8814-4a1d-a515-83d181f3c338","PN-CADET-A-Q523","",""
"F2B3Q35","INSERT","f06e0d66-5f3b-4921-935b-a336e5814cd4","PN-CADET-A-Q524","",""
"F2B3Q36","INSERT","c279fb63-f8c8-40cb-82ec-cc78064bba68","PN-CADET-A-Q525","",""
"F2B3Q37","INSERT","8f660d06-5efc-46e1-879b-978e04aacf99","PN-CADET-A-Q526","",""
"F2B3Q38","INSERT","07a631fe-ba3a-47c1-96a2-c3ad000ca0ad","PN-CADET-A-Q527","",""
"F2B3Q39","INSERT","cfd1a2af-f185-45df-99c1-53e708977c99","PN-CADET-A-Q528","",""
"F2B3Q40","INSERT","f66f43ef-b624-48a6-a7a4-9fd5303ce84e","PN-CADET-A-Q529","",""
"F2B3Q41","INSERT","8232e20d-c58a-4a05-961b-e6e30f3cd262","PN-CADET-A-Q530","",""
"F2B3Q42","INSERT","de363aa0-9ade-4951-a14d-bc4bf0e09c62","PN-CADET-A-Q531","",""
"F2B3Q43","DUPLICATE","0c6a5a83-b222-44d5-98f4-fb62caabf8e8","PN-CADET-A-Q311","",""
"F2B3Q44","INSERT","02ee26e1-c786-4fc0-8428-65abda594dc5","PN-CADET-A-Q532","",""
"F2B3Q45","INSERT","ab80505e-def7-4746-a539-f1f2549b3ba6","PN-CADET-A-Q533","",""
"F2B3Q46","INSERT","93767151-6eaa-4df3-a550-9a4c47e1e217","PN-CADET-A-Q534","",""
"F2B3Q47","INSERT","0dc4b79a-af52-475a-871f-474cc6c4a6c7","PN-CADET-A-Q535","",""
"F2B3Q48","INSERT","d0204e75-ce64-4ec1-8519-1cb97cca1b36","PN-CADET-A-Q536","",""
"F2B3Q49","INSERT","a30f6e25-1d4f-4c2c-aa58-e6edb8adbd4d","PN-CADET-A-Q537","",""
"F2B3Q50","INSERT","d03f9fb9-2ea4-4ebf-8898-966b5502a0c9","PN-CADET-A-Q538","",""
"F2B3Q51","DUPLICATE","f06e0d66-5f3b-4921-935b-a336e5814cd4","PN-CADET-A-Q524","",""
"F2B3Q52","INSERT","54395c26-9154-429e-b172-1334e4b5def9","PN-CADET-A-Q539","",""
"F2B3Q53","DUPLICATE","a9bfbd1e-48bc-43ed-aaf9-ff65a5b5cf00","PN-CADET-A-Q76","",""
"F2B3Q54","INSERT","93e7b155-c265-4a0a-808e-07a8d7f118bb","PN-CADET-A-Q540","",""
"F2B3Q55","INSERT","acb7c841-0087-407c-be74-51f85de62999","PN-CADET-A-Q541","",""
"F2B3Q56","INSERT","e38af65c-86f0-4dc7-b74b-05a092ea98b8","PN-CADET-A-Q542","",""
"F2B3Q57","INSERT","b78eb18c-1c60-432b-9454-73b6a2727ec2","PN-CADET-A-Q543","",""
"F2B3Q58","INSERT","eed0844a-2728-4e67-9e05-88e946eb6163","PN-CADET-A-Q544","",""
"F2B3Q59","INSERT","68be5890-f2eb-4bea-8b99-af13d8185e60","PN-CADET-A-Q545","",""
"F2B3Q60","INSERT","91f03b69-eb77-47e5-bd19-c58c614ba6de","PN-CADET-A-Q546","",""
"F2B3Q61","DUPLICATE","5d3a49c0-cfd7-4f32-abc8-0eaf26e37d16","PN-CADET-A-Q150","",""
"F2B3Q62","INSERT","5fa95d5f-a26a-42cf-bff1-0eb2bcb29885","PN-CADET-A-Q547","",""
"F2B3Q63","INSERT","7980474a-7941-4b56-bc3a-91a9d3260a45","PN-CADET-A-Q548","",""
"F2B3Q64","INSERT","ef415fa5-b8bd-48f4-b76d-9734f2ecc9c2","PN-CADET-A-Q549","",""
"F2B3Q65","INSERT","04c32b43-9fec-4416-ab87-2244907f566b","PN-CADET-A-Q550","",""
"F2B3Q66","INSERT","e16be737-6f4c-43bd-a68a-155da896c688","PN-CADET-A-Q551","",""
"F2B3Q67","INSERT","919b6811-4c06-4e7a-914b-5a4b0267f613","PN-CADET-A-Q552","",""
"F2B3Q68","INSERT","233d5405-3458-4f13-b135-fd3115b60ca3","PN-CADET-A-Q553","",""
"F2B3Q69","INSERT","e65b5e4c-2489-490d-b456-bfae921d7636","PN-CADET-A-Q554","",""
"F2B3Q70","INSERT","b23b9159-b4a8-40df-86a3-5c1d618fe809","PN-CADET-A-Q555","",""
"F2B3Q71","INSERT","72887314-9cd5-429c-ac12-fc9f4b65d05e","PN-CADET-A-Q556","",""
"F2B3Q72","INSERT","05c70cc8-7d29-4629-b02e-9accb3eacd57","PN-CADET-A-Q557","",""
"F2B3Q73","INSERT","027ada9b-1296-4b21-adc9-d40f51acd7c9","PN-CADET-A-Q558","",""
"F2B3Q74","INSERT","7c7de8fd-fed7-4510-9f71-d60ce30c5365","PN-CADET-A-Q559","",""
"F2B3Q75","INSERT","1d9c4e9d-5007-4c8e-ad43-d6015d5afc6f","PN-CADET-A-Q560","",""
"F2B3Q76","INSERT","d442f2be-9c69-43e7-9b67-7eab589b640c","PN-CADET-A-Q561","",""
"F2B3Q77","INSERT","684507ea-ee2f-4317-937f-8869d24605ec","PN-CADET-A-Q745","",""
"F2B3Q78","INSERT","f5a4b618-96de-4ebb-81b1-200b7ff5f270","PN-CADET-A-Q562","",""
"F2B3Q79","INSERT","eba35c01-5d4a-49f0-b9df-9011c2bcd6ec","PN-CADET-A-Q563","",""
"F2B3Q80","INSERT","1e33cdf0-94b7-4585-9e4d-7ec62588bb11","PN-CADET-A-Q564","",""
"F2B3Q81","INSERT","f48fd713-d6ec-4051-81da-642489fce81d","PN-CADET-A-Q565","",""
"F2B3Q82","INSERT","2d1ec51b-d70a-4518-b774-c2988508f47c","PN-CADET-A-Q566","",""
"F2B3Q83","INSERT","abf5b356-900f-4299-8c39-df91936ab590","PN-CADET-A-Q567","",""
"F2B3Q84","DUPLICATE","72887314-9cd5-429c-ac12-fc9f4b65d05e","PN-CADET-A-Q556","",""
"F2B3Q85","DUPLICATE","90d60c55-af3b-4dd2-9e6d-5781141fcb7b","PN-CADET-A-Q86","",""
"F2B3Q86","INSERT","c5b68131-7a84-477b-8271-d60ac9fdcfcf","PN-CADET-A-Q568","",""
"F2B3Q87","INSERT","31805f11-ecf1-4054-b0d6-ec5edb171dee","PN-CADET-A-Q569","",""
"F2B3Q88","INSERT","853321f1-eb00-4d91-8467-e045b45344d5","PN-CADET-A-Q570","",""
"F2B3Q89","INSERT","a22cecd8-e630-4e43-9e20-b08ac417f06b","PN-CADET-A-Q571","",""
"F2B3Q90","INSERT","f276e626-770e-4304-891f-e5b8bed918d2","PN-CADET-A-Q572","",""
"F2B3Q91","INSERT","3b822c53-c5f4-4e02-b4d8-26e3c5351ea3","PN-CADET-A-Q573","",""
"F2B3Q92","INSERT","a822c863-5400-4c47-acd3-ce5dc2bf5cf0","PN-CADET-A-Q574","",""
"F2B3Q93","INSERT","b4d640e9-858e-42a2-8672-12628085f7bb","PN-CADET-A-Q575","",""
"F2B3Q94","INSERT","f9edb56b-98d0-4499-83b1-02ed4f1702e3","PN-CADET-A-Q576","",""
"F2B3Q95","INSERT","99f451ee-0cee-4297-8a2a-69ef5d58a8c8","PN-CADET-A-Q577","",""
"F2B3Q96","INSERT","bcff029b-b383-46e1-bb40-84d2b3af4936","PN-CADET-A-Q578","",""
"F2B3Q97","INSERT","d0b579b7-6577-4154-9022-efbed31519b7","PN-CADET-A-Q579","",""
"F2B3Q98","DUPLICATE","a5eebf14-bb21-43a9-a827-b6ee3205be58","PN-CADET-A-Q35","",""
"F2B3Q99","INSERT","a27dc424-4691-474e-b9e4-354b64c6935a","PN-CADET-A-Q580","",""
"F2B3Q100","INSERT","5b895493-12a8-471c-945b-c731cb609fb8","PN-CADET-A-Q581","",""
"F2B3Q101","INSERT","e5c810bb-0620-4ca1-84c5-3bec602c28b6","PN-CADET-A-Q582","",""
"F2B3Q102","INSERT","c4795bee-13a9-4bdd-b9ab-375062f010f3","PN-CADET-A-Q583","",""
"F2B3Q103","INSERT","a7717e17-c391-4044-b184-1e72722d8c9a","PN-CADET-A-Q584","",""
"F2B3Q104","INSERT","2fe0a888-ed1a-4a7f-a57c-504794b8b579","PN-CADET-A-Q585","",""
"F2B3Q105","INSERT","e5a8ccae-d81d-4b8b-ab63-6a3b3359ee21","PN-CADET-A-Q586","",""
"F2B3Q106","INSERT","d6299c98-408a-48a8-8800-cae9e71a9861","PN-CADET-A-Q587","",""
"F2B3Q107","INSERT","5005ac68-fdd8-402e-a587-e640ff7b3d82","PN-CADET-A-Q588","",""
"F2B3Q108","INSERT","321f9f71-3a10-43c2-bd06-6371b7778960","PN-CADET-A-Q589","",""
"F2B3Q109","INSERT","59b17314-7b7d-4c61-a592-789c08c2d642","PN-CADET-A-Q590","",""
"F2B3Q110","INSERT","43254f43-4518-4d90-b5b1-fd28ba076389","PN-CADET-A-Q591","",""
"F2B3Q111","INSERT","f129b6fc-45d9-485e-ab3e-9ea48fe440dc","PN-CADET-A-Q592","",""
"F2B3Q112","INSERT","b259752b-07db-49b9-a7c2-2fd2bfef5aeb","PN-CADET-A-Q593","",""
"F2B3Q113","DUPLICATE","d82d5e36-4348-44aa-8a80-70992bbf79d3","PN-CADET-A-Q77","",""
"F2B3Q114","INSERT","f9c5efa4-0bac-4b01-b85d-e0a79bcc02b4","PN-CADET-A-Q594","",""
"F2B3Q115","INSERT","c983c686-ff77-4c6c-b63e-4d8cbe7dfee5","PN-CADET-A-Q595","",""
"F2B3Q116","INSERT","be6f8e3f-6c8b-4205-a3ae-8ac91820c6d9","PN-CADET-A-Q596","",""
"F2B3Q117","INSERT","ab851c9f-07d0-4ae6-821f-0c1b60fd8e4a","PN-CADET-A-Q597","",""
"F2B3Q118","INSERT","efa64777-9cbf-4fb6-bb09-52ba7c77026b","PN-CADET-A-Q598","",""
"F2B3Q119","INSERT","b67071db-5b92-41f6-bcdc-708d716b4b24","PN-CADET-A-Q599","",""
"F2B3Q120","DUPLICATE","1f163e1a-83d8-40c8-b200-c2239601caeb","PN-CADET-A-Q190","",""
"F2B3Q121","INSERT","8f8a62b2-8987-4a7d-808c-f622214e3a9d","PN-CADET-A-Q600","",""
"F2B3Q122","INSERT","662b1165-8a78-44ee-9744-9e5e7ce4bcba","PN-CADET-A-Q601","",""
"F2B3Q123","INSERT","39440c56-6eff-449e-9b17-51f177aeb125","PN-CADET-A-Q602","",""
"F2B3Q124","INSERT","cf9f9825-7374-4327-a250-c33d952cb85d","PN-CADET-A-Q603","",""
"F2B3Q125","INSERT","02dc9461-0b46-407b-b0d5-5b311644cc03","PN-CADET-A-Q604","",""
"F2B3Q126","INSERT","8276d275-8b1d-4ec5-8298-36f262c86a3c","PN-CADET-A-Q605","",""
"F2B3Q127","INSERT","09983090-313f-401b-bbbf-adc8217cc377","PN-CADET-A-Q606","",""
"F2B3Q128","INSERT","4865c3d0-0391-4be4-a965-6fd85dda2f25","PN-CADET-A-Q607","",""
"F2B3Q129","INSERT","e0b67b19-592d-4300-a0dc-fb7bee96dcdb","PN-CADET-A-Q608","",""
"F2B3Q130","INSERT","2333a6eb-c8f5-4928-b422-3e0e212e39be","PN-CADET-A-Q609","",""
"F2B3Q131","DUPLICATE","0212ed3e-47b5-4435-80bd-fba7ebc2e0fd","PN-CADET-A-Q163","",""
"F2B3Q132","DUPLICATE","66df29b8-7a33-4ba3-aa1d-427c3eb31969","PN-CADET-A-Q78","",""
"F2B3Q133","INSERT","3089c5f1-18ab-4d6f-9576-46872caadb0a","PN-CADET-A-Q610","",""
"F2B3Q134","INSERT","371183cb-f3b9-4a20-826c-0c515e08ba98","PN-CADET-A-Q611","",""
"F2B3Q135","INSERT","94e7c195-0f38-435f-b0de-fbc987e8e0ef","PN-CADET-A-Q612","",""
"F2B3Q136","DUPLICATE","efad3e97-b1f3-42f4-a14a-2108970a6c6a","PN-CADET-A-Q307","",""
"F2B3Q137","INSERT","ca8a5c4b-bca5-4473-bdd0-b5d1b4fe89fd","PN-CADET-A-Q613","",""
"F2B3Q138","DUPLICATE","d82d5e36-4348-44aa-8a80-70992bbf79d3","PN-CADET-A-Q77","",""
"F2B3Q139","INSERT","9918afc2-088d-4437-9551-a1759515b814","PN-CADET-A-Q614","",""
"F2B3Q140","INSERT","cfbe11a3-d91f-4399-828e-a4f418d8b1a6","PN-CADET-A-Q615","",""
"F2B3Q141","INSERT","9a875135-6a7e-4ffc-ad3b-5e90937e2b80","PN-CADET-A-Q616","",""
"F2B3Q142","DUPLICATE","a02a23c6-c738-4604-aa63-0ef00320c69b","PN-CADET-A-Q310","",""
"F2B3Q143","DUPLICATE","0c6a5a83-b222-44d5-98f4-fb62caabf8e8","PN-CADET-A-Q311","",""
"F2B3Q144","INSERT","d8fcc06a-7485-4f83-b438-a8852ee3af64","PN-CADET-A-Q617","",""
"F2B3Q145","DUPLICATE","17d38d4c-8bf0-4e8d-8484-b42ba229ec84","PN-CADET-A-Q740","",""
"F2B3Q146","INSERT","5032a16f-41ad-4a71-8e1f-c671ded53034","PN-CADET-A-Q618","",""
"F2B3Q147","INSERT","09ed8c82-bd32-4b16-ac4d-80345adc25f6","PN-CADET-A-Q619","",""
"F2B3Q148","INSERT","1f1be6c1-9b80-4443-b594-702dbd7718b4","PN-CADET-A-Q725","",""
"F2B3Q149","INSERT","71cbf18a-5c10-4204-9155-88b857d60e85","PN-CADET-A-Q620","",""
"F2B3Q150","INSERT","a2d927d0-7279-401f-9666-2b3448998d07","PN-CADET-A-Q621","",""
"F2B3Q151","INSERT","a0ac5eb3-15b6-4a25-8a1e-9f663249879a","PN-CADET-A-Q746","",""
"F2B3Q152","INSERT","4c2c7802-437e-468f-8030-5f18ff60b898","PN-CADET-A-Q622","",""
"F2B3Q153","INSERT","b53e7757-87fd-4e95-82ad-258bce528e23","PN-CADET-A-Q623","",""
"F2B3Q154","INSERT","1224e110-d59b-45fd-8ca2-60be31d2cd4b","PN-CADET-A-Q624","",""
"F2B3Q155","INSERT","30d53084-365f-4fb5-9d1f-5d458ceb5abd","PN-CADET-A-Q747","",""
"F2B3Q156","INSERT","0bc194fb-2f0d-48bd-aecd-168d237c8944","PN-CADET-A-Q625","",""
"F2B3Q157","INSERT","62994454-d2fb-4dd0-9895-6e421ff4a1bb","PN-CADET-A-Q626","",""
"F2B3Q158","INSERT","b964ab76-4c6a-4ddf-8f45-4320650c6186","PN-CADET-A-Q627","",""
"F2B3Q159","INSERT","9d016024-1031-46fe-a813-87b71d57e108","PN-CADET-A-Q628","",""
"F2B3Q160","INSERT","ebcc00d4-5433-4b2f-a9a1-407164e6e10f","PN-CADET-A-Q629","",""
"F2B3Q161","INSERT","9e482a08-5c45-4e26-8db9-ffb64759d23e","PN-CADET-A-Q630","",""
"F2B3Q162","INSERT","de4755c4-4e66-4095-b15b-6d180cc8f4fe","PN-CADET-A-Q631","",""
"F2B3Q163","INSERT","bd8c6308-c6a1-4147-84fd-38be77ae2bee","PN-CADET-A-Q632","",""
"F2B3Q164","INSERT","b78e9389-27cb-4bbf-83d2-d76e07c85af9","PN-CADET-A-Q633","",""
"F2B3Q165","INSERT","8a9155b3-a973-4828-bd75-07c8e96e7ea2","PN-CADET-A-Q634","",""
"F2B3Q166","INSERT","949db2bb-0859-444e-9514-518ae47fece1","PN-CADET-A-Q635","",""
"F2B3Q167","DUPLICATE","d4b45565-f1f2-413e-b5bb-105100c06cb3","PN-CADET-A-Q305","",""
"F2B3Q168","INSERT","5d9ed231-89dd-4ec6-bb1b-c7b00e51815a","PN-CADET-A-Q636","",""
"F2B3Q169","INSERT","2dd4765d-821e-4fc0-af6a-65677e6b67a9","PN-CADET-A-Q637","",""
"F2B3Q170","INSERT","22c3c3e4-49c2-41e4-94eb-a9347e16f2e9","PN-CADET-A-Q638","",""
"F2B3Q171","DUPLICATE","0bb4802d-78ec-4727-9e6a-b0969aaf535d","PN-CADET-A-Q308","",""
"F2B3Q172","DUPLICATE","b67071db-5b92-41f6-bcdc-708d716b4b24","PN-CADET-A-Q599","",""
"F2B3Q173","INSERT","456eb54e-9f43-481c-b653-e6d140ab3777","PN-CADET-A-Q639","",""
"F2B3Q174","INSERT","90aa11f0-9f80-4bd2-96b1-6513c6be6680","PN-CADET-A-Q640","",""
"F2B3Q175","INSERT","e71942d1-3e89-4c8f-88f8-378b0bfc167c","PN-CADET-A-Q641","",""
"F2B3Q176","INSERT","01aea830-ded8-45d0-9fa3-4cb5164cfbad","PN-CADET-A-Q642","",""
"F2B3Q177","INSERT","758a0fba-8a27-4d6e-9775-1e94ed3b6c5f","PN-CADET-A-Q643","",""
"F2B3Q178","INSERT","37b816fd-30f4-406c-a7c2-8a8fa8585ab4","PN-CADET-A-Q644","",""
"F2B3Q179","INSERT","e8384a9c-b6c0-4fef-9508-8541e6993271","PN-CADET-A-Q645","",""
"F2B3Q180","INSERT","df2a8328-b776-4708-974c-f71d73a7c305","PN-CADET-A-Q748","",""
"F2B3Q181","INSERT","90235497-e96e-4979-8fbf-3b908b4c1d9a","PN-CADET-A-Q646","",""
"F2B3Q182","INSERT","17e26618-8295-4b24-a929-051ff331e14e","PN-CADET-A-Q749","",""
"F2B3Q183","INSERT","05d69742-3e7a-47a7-a02b-758c8d4c4bf1","PN-CADET-A-Q647","",""
"F2B3Q184","INSERT","05bc7f32-1854-4371-90e0-c1bc5a52cd9e","PN-CADET-A-Q648","",""
"F2B3Q185","INSERT","c0749e8e-2388-45bf-9ea6-82c497ed5d87","PN-CADET-A-Q649","",""
"F2B3Q186","INSERT","26129e38-48f0-4938-b81b-038d5fe4af93","PN-CADET-A-Q650","",""
"F2B3Q187","INSERT","a34719fb-5080-46d3-81bd-64fd336a6d08","PN-CADET-A-Q651","",""
"F2B3Q188","INSERT","2e5dfb58-b390-4aec-afdc-aa4f45fb007f","PN-CADET-A-Q652","",""
"F2B3Q189","INSERT","fe909edd-c582-480a-901d-8ac11467d163","PN-CADET-A-Q653","",""
"F2B3Q190","INSERT","712f9a24-54b6-4bfb-af91-eb575455e3bc","PN-CADET-A-Q654","",""
"F2B3Q191","DUPLICATE","b6f2fb97-d40e-4774-9d06-71968dc29aa5","PN-CADET-A-Q327","",""
"F2B3Q192","DUPLICATE","480bcb51-cb82-45d3-9c47-31ee73b3d50f","PN-CADET-A-Q181","",""
"F2B3Q193","DUPLICATE","9fd16586-856d-487c-8ac5-2ba95a964c14","PN-CADET-A-Q328","",""
"F2B3Q194","DUPLICATE","5bf83793-bab6-440c-8e8c-e4c36d969470","PN-CADET-A-Q330","",""
"F2B3Q195","DUPLICATE","704824b6-f256-422f-a215-0a33335bd965","PN-CADET-A-Q329","",""
"F2B3Q196","INSERT","7abbf62c-1cfa-4f8c-b73a-1d579b11bcb6","PN-CADET-A-Q655","",""
"F2B3Q197","DUPLICATE","4d775430-c676-42c6-ae8d-76a82aa2f002","PN-CADET-A-Q112","",""
"F2B3Q198","DUPLICATE","cfeea726-3e39-4725-8418-8c439879af46","PN-CADET-A-Q151","",""
"F2B3Q199","DUPLICATE","39cc1463-f769-44e2-899a-eb1e6851f98a","PN-CADET-A-Q323","",""
"F2B3Q200","DUPLICATE","a4e27112-619c-4e4b-9d2b-633c54d1cdad","PN-CADET-A-Q326","",""
"F2B3Q201","DUPLICATE","47c94c3e-668f-41f2-8549-f0b446517f27","PN-CADET-A-Q324","",""
"F2B3Q202","INSERT","7990714b-2312-4db5-8ef0-086bf4fcbf80","PN-CADET-A-Q656","",""
"F2B3Q203","INSERT","4aa86e2b-ed9f-46ee-a77a-2a947086151f","PN-CADET-A-Q657","",""
"F2B3Q204","DUPLICATE","568b98ec-2162-4c2d-80a9-1224a6f2bfe6","PN-CADET-A-Q83","",""
"F2B3Q205","INSERT","1f29307b-b697-494f-b4c4-b065a50191a1","PN-CADET-A-Q658","",""
"F2B3Q206","INSERT","593b73a1-b4f5-4b87-bc5d-ad1b42cbb0cf","PN-CADET-A-Q659","",""
"F2B3Q207","INSERT","b7ef23a5-ec64-4f0a-8f8c-3d655e214d8a","PN-CADET-A-Q660","",""
"F2B3Q208","INSERT","99df773c-ab32-48d7-abe5-8a20852d6c17","PN-CADET-A-Q661","",""
"F2B3Q209","INSERT","718d083e-6995-4f8d-9a4b-0065a97080df","PN-CADET-A-Q662","",""
"F2B3Q210","INSERT","40e12962-3627-4e01-8bc0-cfbbb96245a9","PN-CADET-A-Q663","",""
"F2B3Q211","INSERT","4bb40da9-29c1-4dbd-bff3-8c313f1c71e3","PN-CADET-A-Q664","",""
"F2B3Q212","INSERT","01551d45-276e-4c03-abaa-c853626bd356","PN-CADET-A-Q665","",""
"F2B3Q213","INSERT","abac824d-097a-4bce-8a81-d5c589a92ec1","PN-CADET-A-Q666","",""
"F2B3Q214","INSERT","4aefd4cf-a7dc-440f-80af-7e482ba68e9e","PN-CADET-A-Q667","",""
"F2B3Q215","INSERT","c11d64d5-6d95-4c44-8290-fbff204da13f","PN-CADET-A-Q668","",""
"F2B3Q216","DUPLICATE","8b75ca4a-0198-4b94-9378-6a7635a3fadc","PN-CADET-A-Q245","",""
"F2B3Q217","INSERT","74ce01ef-f4f4-42d9-84da-888c69cdc7cb","PN-CADET-A-Q669","",""
"F2B3Q218","INSERT","59e95ca9-cf31-44c2-bdef-74f042a3893d","PN-CADET-A-Q670","",""
"F2B3Q219","DUPLICATE","bf86538e-8158-4a59-b714-d565a3326fc6","PN-CADET-A-Q192","",""
"F2B3Q220","INSERT","294f8e93-1123-488c-a62b-3ad0bfad7f99","PN-CADET-A-Q671","",""
"F2B3Q221","INSERT","8ca2fe9f-fecf-41bf-b174-59e42047c3da","PN-CADET-A-Q672","",""
"F2B3Q222","INSERT","a00b34d5-9250-4bd9-a54b-afb4f19d518c","PN-CADET-A-Q673","",""
"F2B3Q223","INSERT","4adf7205-f9d9-4bcf-b596-ef2df5d94fd9","PN-CADET-A-Q674","",""
"F2B3Q224","INSERT","9cc18dea-28de-4cc9-82de-074acc047494","PN-CADET-A-Q675","",""
"F2B3Q225","INSERT","058876e5-173b-4bfe-80e9-85c9bdeadb79","PN-CADET-A-Q676","",""
"F2B3Q226","INSERT","28304594-6596-4799-8154-551c0593a81f","PN-CADET-A-Q677","",""
"F2B3Q227","INSERT","5df5d019-0dcf-4069-bda1-ae220b127206","PN-CADET-A-Q678","",""
"F2B3Q228","INSERT","cd614abc-1ac4-4872-a79b-fe8fd8157bae","PN-CADET-A-Q679","",""
"F2B3Q229","INSERT","ceb24618-aa1d-4f4d-a40e-1c0513117522","PN-CADET-A-Q680","",""
"F2B3Q230","INSERT","79254acb-e424-4ddd-969e-e9d8f558e1b6","PN-CADET-A-Q681","",""
"F2B3Q231","INSERT","dfef72d1-3fa2-4d39-ab9a-a24945feecb3","PN-CADET-A-Q682","",""
"F2B3Q232","INSERT","10c33bfb-7171-4174-b236-cc2618175212","PN-CADET-A-Q683","",""
"F2B3Q233","INSERT","e91509ca-ce1d-4345-ae1c-665c28ffdebb","PN-CADET-A-Q684","",""
"F2B3Q234","INSERT","2ca77f63-3ae4-4285-921e-1f3fd89d0d37","PN-CADET-A-Q685","",""
"F2B3Q235","INSERT","8f6c4c28-6485-4d76-86e1-a46034473688","PN-CADET-A-Q686","",""
"F2B3Q236","INSERT","fd34950f-246b-43d3-bf9f-54878c2c0994","PN-CADET-A-Q687","",""
"F2B3Q237","INSERT","89ba5d6e-ee1e-41b4-824c-91819878ccc5","PN-CADET-A-Q688","",""
"F2B3Q238","INSERT","c41db31f-006f-4fc5-8e37-0809f26d69d4","PN-CADET-A-Q689","",""
"F2B3Q239","INSERT","732d4a55-650f-4b8c-9aff-242127be19e4","PN-CADET-A-Q690","",""
"F2B3Q240","INSERT","98ac4b2d-ffcd-4c6e-8594-1b980c3552e1","PN-CADET-A-Q691","",""
"F2B3Q241","INSERT","af581b13-eb4c-491b-b62a-3361520a5c5d","PN-CADET-A-Q692","",""
"F2B3Q242","INSERT","e3df31d4-3100-402e-b7e9-3e6f02db64d9","PN-CADET-A-Q693","",""
"F2B3Q243","INSERT","ec895d9a-7617-4162-b449-eee1be2ae75b","PN-CADET-A-Q694","",""
"F2B3Q244","INSERT","c21bff23-fd4a-4cca-9b38-70f42d385ea2","PN-CADET-A-Q695","",""
"F2B3Q245","INSERT","f3b6e674-c3ca-48bf-b4a0-04df8bf95b1e","PN-CADET-A-Q696","",""
"F2B3Q246","INSERT","2ed575ff-4044-4173-84c6-3e871d541319","PN-CADET-A-Q697","",""
"F2B3Q247","INSERT","1b26c944-a675-487c-9e24-12bf93be07f9","PN-CADET-A-Q698","",""
"F2B3Q248","INSERT","7ba42fde-3775-478c-8d66-e01ca936c61f","PN-CADET-A-Q699","",""
"F2B3Q249","INSERT","b91cff47-b622-4cf6-a4b7-15cdfecc7586","PN-CADET-A-Q700","",""
"F2B3Q250","INSERT","0fe9ead8-72c0-4cb8-b6b8-18eef8788920","PN-CADET-A-Q701","",""
"F2B4Q1","DUPLICATE","2333a6eb-c8f5-4928-b422-3e0e212e39be","PN-CADET-A-Q609","",""
"F2B4Q2","DUPLICATE","fb72e707-908b-4ac1-adc7-1a9bc64d47b0","PN-CADET-A-Q115","",""
"F2B4Q3","INSERT","1cbfaf97-ce09-4221-86ff-a79a128fbfba","PN-CADET-A-Q702","",""
"F2B4Q4","DUPLICATE","a4b1c104-f3bf-4233-a82a-8dda3c2e663c","PN-CADET-A-Q501","",""
"F2B4Q5","DUPLICATE","b91cff47-b622-4cf6-a4b7-15cdfecc7586","PN-CADET-A-Q700","",""
"F2B4Q6","INSERT","a44ec81a-ea89-4028-ad1f-d987f4a4571e","PN-CADET-A-Q703","",""
"F2B4Q7","INSERT","560a8ca6-88fb-4343-92bf-83afb6a0611a","PN-CADET-A-Q704","",""
"F2B4Q8","DUPLICATE","0fe9ead8-72c0-4cb8-b6b8-18eef8788920","PN-CADET-A-Q701","",""
"F2B4Q9","INSERT","90b779da-e897-4128-8384-55475629f447","PN-CADET-A-Q705","",""
"F2B4Q10","INSERT","75c1c15a-e2a1-4715-9310-6d69810b3cb8","PN-CADET-A-Q706","",""
"F2B4Q11","INSERT","0f1afe29-d7bb-4cb1-8a58-4435077dd6fb","PN-CADET-A-Q707","",""
"F2B4Q12","INSERT","07a93ded-868f-467e-bed4-ba7893b34c9d","PN-CADET-A-Q708","",""
"F2B4Q13","INSERT","9ac7e2da-c5fd-4dae-8964-9e5d1007c958","PN-CADET-A-Q709","",""
"F2B4Q14","INSERT","93d082ff-9b46-4687-8c1a-4c14cf8d3285","PN-CADET-A-Q710","",""
"F2B4Q15","INSERT","a5623694-42b6-4b25-b449-2ada106101f3","PN-CADET-A-Q711","",""
"F2B4Q16","INSERT","b899d2fc-62ab-474d-a65e-a987ef239395","PN-CADET-A-Q712","",""
"F2B4Q17","INSERT","89375b03-bcff-44aa-a458-2a2dcb7fa73f","PN-CADET-A-Q713","",""
"F2B4Q18","INSERT","0bb38b34-afaf-4ab1-9dfa-90333225bd2e","PN-CADET-A-Q714","",""
"F2B4Q19","DUPLICATE","ef415fa5-b8bd-48f4-b76d-9734f2ecc9c2","PN-CADET-A-Q549","",""
"F2B4Q20","INSERT","17bd8b7f-0fea-445a-a6d4-17aba6040e41","PN-CADET-A-Q715","",""
"F2B4Q21","DUPLICATE","7abbf62c-1cfa-4f8c-b73a-1d579b11bcb6","PN-CADET-A-Q655","",""
"F2B4Q22","DUPLICATE","4d775430-c676-42c6-ae8d-76a82aa2f002","PN-CADET-A-Q112","",""
"F2B4Q23","DUPLICATE","cfeea726-3e39-4725-8418-8c439879af46","PN-CADET-A-Q151","",""
"F2B4Q24","INSERT","1a0378bf-7045-4e95-837d-f69e2138e3c2","PN-CADET-A-Q716","",""
"F2B4Q25","INSERT","e7a615c2-8f16-4db9-943c-bbea179b9088","PN-CADET-A-Q717","",""
"F2B4Q26","DUPLICATE","d03f9fb9-2ea4-4ebf-8898-966b5502a0c9","PN-CADET-A-Q538","",""
"F2B4Q27","INSERT","978bdab1-1a2a-456e-914c-17848947e2b2","PN-CADET-A-Q718","",""
"F2B4Q28","INSERT","f77779e8-7ae9-4ba6-ac5c-753012e974b0","PN-CADET-A-Q719","",""
"F2B4Q29","DUPLICATE","f3b6e674-c3ca-48bf-b4a0-04df8bf95b1e","PN-CADET-A-Q696","",""
"F2B4Q30","DUPLICATE","cd614abc-1ac4-4872-a79b-fe8fd8157bae","PN-CADET-A-Q679","",""
"F2B4Q31","DUPLICATE","7990714b-2312-4db5-8ef0-086bf4fcbf80","PN-CADET-A-Q656","",""
"F2B4Q32","DUPLICATE","b7ef23a5-ec64-4f0a-8f8c-3d655e214d8a","PN-CADET-A-Q660","",""
"F2B4Q33","DUPLICATE","91f03b69-eb77-47e5-bd19-c58c614ba6de","PN-CADET-A-Q546","",""
"F2B4Q34","DUPLICATE","e91509ca-ce1d-4345-ae1c-665c28ffdebb","PN-CADET-A-Q684","",""
"F2B4Q35","DUPLICATE","2ca77f63-3ae4-4285-921e-1f3fd89d0d37","PN-CADET-A-Q685","",""
"F2B4Q36","INSERT","5dd70d87-25f4-4ec5-99fd-ff0a68d243e6","PN-CADET-A-Q720","",""
"F2B4Q37","DUPLICATE","718d083e-6995-4f8d-9a4b-0065a97080df","PN-CADET-A-Q662","",""
"F2B4Q38","INSERT","953a2145-4692-49cc-b624-ac81ce0919b3","PN-CADET-A-Q721","",""
"F2B4Q39","DUPLICATE","fd34950f-246b-43d3-bf9f-54878c2c0994","PN-CADET-A-Q687","",""
"F2B4Q40","INSERT","01290a12-d2f2-404c-8ab8-9220cd94202d","PN-CADET-A-Q722","",""
"F2B4Q41","DUPLICATE","b78eb18c-1c60-432b-9454-73b6a2727ec2","PN-CADET-A-Q543","",""
"F2B4Q42","DUPLICATE","8b75ca4a-0198-4b94-9378-6a7635a3fadc","PN-CADET-A-Q245","",""
"F2B4Q43","DUPLICATE","4adf7205-f9d9-4bcf-b596-ef2df5d94fd9","PN-CADET-A-Q674","",""
"F2B4Q44","INSERT","e7dbc1d0-03b2-4a40-ae33-7b815aa8affb","PN-CADET-A-Q723","",""
"F2B4Q45","DUPLICATE","bf86538e-8158-4a59-b714-d565a3326fc6","PN-CADET-A-Q192","",""
"F2B4Q46","DUPLICATE","0212ed3e-47b5-4435-80bd-fba7ebc2e0fd","PN-CADET-A-Q163","",""
"F2B4Q47","DUPLICATE","66df29b8-7a33-4ba3-aa1d-427c3eb31969","PN-CADET-A-Q78","",""
"F2B4Q48","DUPLICATE","efad3e97-b1f3-42f4-a14a-2108970a6c6a","PN-CADET-A-Q307","",""
"F2B4Q49","DUPLICATE","0a21d831-a139-4125-ba3f-232d12a24a0d","PN-CADET-A-Q510","",""
"F2B4Q50","DUPLICATE","3089c5f1-18ab-4d6f-9576-46872caadb0a","PN-CADET-A-Q610","",""
"F2B4Q51","INSERT","41554869-273d-48ba-8d24-bf1d085be6e5","PN-CADET-A-Q724","",""
"F2B4Q52","DUPLICATE","cfbe11a3-d91f-4399-828e-a4f418d8b1a6","PN-CADET-A-Q615","",""
"F2B4Q53","DUPLICATE","0c6a5a83-b222-44d5-98f4-fb62caabf8e8","PN-CADET-A-Q311","",""
"F2B4Q54","DUPLICATE","a9bfbd1e-48bc-43ed-aaf9-ff65a5b5cf00","PN-CADET-A-Q76","",""
"F2B4Q55","DUPLICATE","1f1be6c1-9b80-4443-b594-702dbd7718b4","PN-CADET-A-Q725","",""
"F2B4Q56","DUPLICATE","9918afc2-088d-4437-9551-a1759515b814","PN-CADET-A-Q614","",""
"F2B4Q57","DUPLICATE","9e482a08-5c45-4e26-8db9-ffb64759d23e","PN-CADET-A-Q630","",""
"F2B4Q58","DUPLICATE","d82d5e36-4348-44aa-8a80-70992bbf79d3","PN-CADET-A-Q77","",""
"F2B4Q59","DUPLICATE","37b816fd-30f4-406c-a7c2-8a8fa8585ab4","PN-CADET-A-Q644","",""
"F2B4Q60","DUPLICATE","456eb54e-9f43-481c-b653-e6d140ab3777","PN-CADET-A-Q639","",""
"F2B4Q61","INSERT","9662c299-128c-4d0a-8637-345613b0f6cc","PN-CADET-A-Q726","",""
"F2B4Q62","DUPLICATE","a4e27112-619c-4e4b-9d2b-633c54d1cdad","PN-CADET-A-Q326","",""
"F2B4Q63","INSERT","2c2e330e-9167-49e2-b48e-02da10c70ac9","PN-CADET-A-Q727","",""
"F2B4Q64","INSERT","1ac69247-2005-478d-a2a0-c746f6aa909d","PN-CADET-A-Q728","",""
"F2B4Q65","DUPLICATE","f276e626-770e-4304-891f-e5b8bed918d2","PN-CADET-A-Q572","",""
"F2B4Q66","DUPLICATE","a5eebf14-bb21-43a9-a827-b6ee3205be58","PN-CADET-A-Q35","",""
"F2B4Q67","DUPLICATE","a27dc424-4691-474e-b9e4-354b64c6935a","PN-CADET-A-Q580","",""
"F2B4Q68","INSERT","5dd24871-f26c-46e8-b2a5-2eae87ecc647","PN-CADET-A-Q729","",""
"F2B4Q69","INSERT","a56b3935-3629-4319-8e6a-d8f2bd48171f","PN-CADET-A-Q730","",""
"F2B4Q70","INSERT","c44f12cf-1f86-4a3f-acd2-51cf67829bb9","PN-CADET-A-Q731","",""
"F2B5Q1","DUPLICATE","e7649155-bce2-4c95-b767-8ec11668aac2","PN-CADET-A-Q1","",""
"F2B5Q2","DUPLICATE","9c5ef99a-675a-4696-a2df-e878ac5da7c4","PN-CADET-A-Q2","",""
"F2B5Q3","DUPLICATE","c8188192-326c-4c48-947f-80210f87e419","PN-CADET-A-Q3","",""
"F2B5Q4","DUPLICATE","f839bcab-4363-4fd7-8d2d-552a453d0a2f","PN-CADET-A-Q4","",""
"F2B5Q5","DUPLICATE","e6c47d21-1ba0-4b60-b061-d9f0d54a9be7","PN-CADET-A-Q5","",""
"F2B5Q6","DUPLICATE","71260fea-56a4-4cd0-9623-0b0b0b97be62","PN-CADET-A-Q6","",""
"F2B5Q7","UNRESOLVED","","","","The intended rule, measurement, administrative year or convention is unspecified, so a unique defensible answer cannot be established."
"F2B5Q8","DUPLICATE","b0b6d214-3f76-45c7-b858-8c5795af52f9","PN-CADET-A-Q7","",""
"F2B5Q9","DUPLICATE","a6d90aa6-003d-49d6-b6cf-48ac94f00fcb","PN-CADET-A-Q8","",""
"F2B5Q10","DUPLICATE","af66ebf8-4711-40fe-ae7b-6c2e8dc657d5","PN-CADET-A-Q9","",""
"F2B5Q11","DUPLICATE","821c140f-2525-4440-9cf2-66545c509914","PN-CADET-A-Q10","",""
"F2B5Q12","DUPLICATE","3d58e8cf-7e27-4e8b-9780-f0f90fb97d33","PN-CADET-A-Q11","",""
"F2B5Q13","DUPLICATE","8290afcd-397a-4efe-bdca-b5574cbd20c2","PN-CADET-A-Q12","",""
"F2B5Q14","DUPLICATE","74a5425a-15c6-47fb-95f9-0ea5235effcd","PN-CADET-A-Q13","",""
"F2B5Q15","DUPLICATE","1ad4646a-882b-4a28-9611-2e1b7287b250","PN-CADET-A-Q14","",""
"F2B5Q16","DUPLICATE","8088b491-5edd-455b-aa6f-0b93d1591681","PN-CADET-A-Q15","",""
"F2B5Q17","DUPLICATE","95a5ac34-0c26-4c0e-827b-717d1e22e7ff","PN-CADET-A-Q16","",""
"F2B5Q18","DUPLICATE","6c54dc78-d3aa-4da5-acb3-5c46551d43ab","PN-CADET-A-Q17","",""
"F2B5Q19","DUPLICATE","48636844-b73a-4439-a864-ba8b55cbdbb6","PN-CADET-A-Q18","",""
"F2B5Q20","DUPLICATE","1ea1be00-ede5-4a2b-a45f-db0a95634ec4","PN-CADET-A-Q19","",""
"F2B5Q21","DUPLICATE","f03a2cff-921f-466a-a010-5b055fd0e03c","PN-CADET-A-Q20","",""
"F2B5Q22","DUPLICATE","b6c2b039-bd43-4919-afe5-49b6ac9ebaa6","PN-CADET-A-Q732","",""
"F2B5Q23","DUPLICATE","6639d19c-8fce-4acb-809e-d9bb40554848","PN-CADET-A-Q21","",""
"F2B5Q24","DUPLICATE","0b0b2ceb-593d-4c47-8e7b-8d70774a749a","PN-CADET-A-Q22","",""
"F2B5Q25","DUPLICATE","0a83d009-62e1-4aa1-873b-81d298327de8","PN-CADET-A-Q23","",""
"F2B5Q26","UNRESOLVED","","","","The source has multiple valid choices or lacks measurement uncertainty needed to choose a unique answer."
"F2B5Q27","DUPLICATE","4bfddc8e-ea38-447f-aef4-7b530042e936","PN-CADET-A-Q24","",""
"F2B5Q28","DUPLICATE","816cfdf5-78d7-4aab-97a0-c2664b9fda00","PN-CADET-A-Q25","",""
"F2B5Q29","DUPLICATE","b37b97c6-6d93-4c12-8bbe-487fd0826c43","PN-CADET-A-Q26","",""
"F2B5Q30","DUPLICATE","3b73f74b-0d6a-440a-b8f8-4e650aca7439","PN-CADET-A-Q27","",""
"F2B5Q31","DUPLICATE","dab71010-a825-4056-acc2-2e7e923a06c8","PN-CADET-A-Q28","",""
"F2B5Q32","DUPLICATE","ddcdcac7-c82b-40f7-bb17-fdddb63b7b5d","PN-CADET-A-Q29","",""
"F2B5Q33","DUPLICATE","b7f797d4-abf9-43c6-ba8c-86b136f5b3aa","PN-CADET-A-Q30","",""
"F2B5Q34","DUPLICATE","c95cc79c-c2ae-4c8e-bb31-accefc51a14f","PN-CADET-A-Q31","",""
"F2B5Q35","DUPLICATE","6862d7fc-f946-48fe-bc22-b1da5eabeb6c","PN-CADET-A-Q32","",""
"F2B5Q36","DUPLICATE","e98c9bbc-9ea8-4f4e-8136-fc2a8c6a65a1","PN-CADET-A-Q33","",""
"F2B5Q37","DUPLICATE","39effe12-20d0-4f7a-8845-c8e395314b5f","PN-CADET-A-Q34","",""
"F2B5Q38","DUPLICATE","a5eebf14-bb21-43a9-a827-b6ee3205be58","PN-CADET-A-Q35","",""
"F2B5Q39","DUPLICATE","d50f4262-2ce1-401a-9b24-c501f0c0106c","PN-CADET-A-Q36","",""
"F2B5Q40","DUPLICATE","3265316e-548f-4a03-866e-ac73d3176038","PN-CADET-A-Q37","",""
"F2B5Q41","DUPLICATE","b282a16c-42c3-45da-bad7-66b9ac47f172","PN-CADET-A-Q38","",""
"F2B5Q42","DUPLICATE","4e557446-7d8d-49b4-b67b-bdb21cd5a4f3","PN-CADET-A-Q39","",""
"F2B5Q43","DUPLICATE","ec4d4ab8-b4a4-4a6a-818a-094e9f1a5e80","PN-CADET-A-Q40","",""
"F2B5Q44","DUPLICATE","571e315d-35fe-45d3-9211-fcc3aa7639d6","PN-CADET-A-Q41","",""
"F2B5Q45","DUPLICATE","8290afcd-397a-4efe-bdca-b5574cbd20c2","PN-CADET-A-Q12","",""
"F2B5Q46","DUPLICATE","b38b0050-0dc1-4e0e-a202-67d905815870","PN-CADET-A-Q42","",""
"F2B5Q47","DUPLICATE","7ce4b531-8446-4199-ab20-2b9a4273c420","PN-CADET-A-Q43","",""
"F2B5Q48","DUPLICATE","cef25646-79ad-440c-9438-17026c519145","PN-CADET-A-Q44","",""
"F2B5Q49","DUPLICATE","3d8b0882-1774-437f-a746-23d92d27f77e","PN-CADET-A-Q45","",""
"F2B5Q50","DUPLICATE","b08060a3-1046-4a4a-8560-f48eb8124e53","PN-CADET-A-Q46","",""
"F2B5Q51","DUPLICATE","637f7557-e79d-42cf-8f75-100c09a66480","PN-CADET-A-Q47","",""
"F2B5Q52","DUPLICATE","37c16f8d-7da4-4626-aa1c-fe973615133c","PN-CADET-A-Q48","",""
"F2B5Q53","DUPLICATE","d9556c97-7617-4ca5-8b14-5a2413443e02","PN-CADET-A-Q49","",""
"F2B5Q54","DUPLICATE","339e7eea-46e1-4299-a232-53e4404c22e2","PN-CADET-A-Q50","",""
"F2B5Q55","DUPLICATE","f5180be7-73cd-4ee5-8ed9-3ac0db50a047","PN-CADET-A-Q51","",""
"F2B5Q56","DUPLICATE","818b9946-60ac-4245-a49b-5216a0503caa","PN-CADET-A-Q52","",""
"F2B5Q57","DUPLICATE","5e392735-80a7-4e2f-8afd-11f5405d6c7c","PN-CADET-A-Q53","",""
"F2B5Q58","DUPLICATE","ee9bf5c0-9694-44d4-8f3c-3b676f49b998","PN-CADET-A-Q54","",""
"F2B5Q59","DUPLICATE","aa1851ec-89c3-4f4c-96f3-828c886e9992","PN-CADET-A-Q55","",""
"F2B5Q60","DUPLICATE","a532793b-8f36-4315-b221-7417a77361e7","PN-CADET-A-Q56","",""
"F2B5Q61","DUPLICATE","62025333-bf33-436b-8220-347533a0b903","PN-CADET-A-Q57","",""
"F2B5Q62","DUPLICATE","ab45c2e1-e660-4372-80c0-d8d6c3858760","PN-CADET-A-Q58","",""
"F2B5Q63","DUPLICATE","613e8797-6d7b-4534-9ebe-2ff0e0298e1f","PN-CADET-A-Q59","",""
"F2B5Q64","UNRESOLVED","","","","The intended rule, measurement, administrative year or convention is unspecified, so a unique defensible answer cannot be established."
"F2B5Q65","DUPLICATE","bc66a2fc-4a87-4b5e-812e-be5083b56b1f","PN-CADET-A-Q733","",""
"F2B5Q66","DUPLICATE","92d7e529-f183-49ac-8e1d-7f9f238b81df","PN-CADET-A-Q60","",""
"F2B5Q67","DUPLICATE","12244a26-73cb-4ac4-a8bb-6481ecd7f46f","PN-CADET-A-Q61","",""
"F2B5Q68","DUPLICATE","8c9af8ff-fd5e-4f70-bd85-b063cb3363c7","PN-CADET-A-Q62","",""
"F2B5Q69","DUPLICATE","84fa144c-3024-409d-8b0d-6fd6fc023ddd","PN-CADET-A-Q63","",""
"F2B5Q70","DUPLICATE","5647a8de-900f-4abb-9bbe-1daa03d14ad2","PN-CADET-A-Q64","",""
"F2B5Q71","DUPLICATE","164cc6a6-ed98-4a68-a88d-f62e4a90a7a8","PN-CADET-A-Q65","",""
"F2B5Q72","DUPLICATE","40a1fa2e-5c3c-4c67-83d0-bd93680c250d","PN-CADET-A-Q66","",""
"F2B5Q73","DUPLICATE","e7649155-bce2-4c95-b767-8ec11668aac2","PN-CADET-A-Q1","",""
"F2B5Q74","DUPLICATE","529ef642-36b0-49d4-8941-dee636c4181b","PN-CADET-A-Q67","",""
"F2B5Q75","DUPLICATE","c3c9a595-7741-4a9b-b13c-d391b0f75d34","PN-CADET-A-Q68","",""
"F2B5Q76","DUPLICATE","768fa00b-7b16-4f52-889b-6db0e941b77e","PN-CADET-A-Q69","",""
"F2B5Q77","DUPLICATE","994c26de-5a35-40ed-ab5b-40535bd13945","PN-CADET-A-Q70","",""
"F2B5Q78","DUPLICATE","5fd69c06-3fbe-4530-ac8c-f08b62c083a1","PN-CADET-A-Q71","",""
"F2B5Q79","DUPLICATE","01989d22-4848-4814-8d18-02d969d48604","PN-CADET-A-Q72","",""
"F2B5Q80","DUPLICATE","6bc40ee9-b2be-480a-8a7a-e3a321d4345b","PN-CADET-A-Q73","",""
"F2B5Q81","DUPLICATE","e90ec762-0bbf-4780-a6ce-7a8a134029e2","PN-CADET-A-Q74","",""
"F2B5Q82","DUPLICATE","28c4ad5d-d957-4e24-8a98-bf6ccaf06fc5","PN-CADET-A-Q75","",""
"F2B5Q83","DUPLICATE","a9bfbd1e-48bc-43ed-aaf9-ff65a5b5cf00","PN-CADET-A-Q76","",""
"F2B5Q84","DUPLICATE","d82d5e36-4348-44aa-8a80-70992bbf79d3","PN-CADET-A-Q77","",""
"F2B5Q85","DUPLICATE","66df29b8-7a33-4ba3-aa1d-427c3eb31969","PN-CADET-A-Q78","",""
"F2B5Q86","DUPLICATE","a837c9d8-efa1-46b3-855d-2f30ca8d6b70","PN-CADET-A-Q79","",""
"F2B5Q87","DUPLICATE","b241ef8f-b6da-4d78-a8a7-5506167b06e6","PN-CADET-A-Q80","",""
"F2B5Q88","DUPLICATE","9ae63e93-1968-480d-88fd-fba0b535c81a","PN-CADET-A-Q81","",""
"F2B5Q89","UNRESOLVED","","","","The intended rule, measurement, administrative year or convention is unspecified, so a unique defensible answer cannot be established."
"F2B5Q90","DUPLICATE","38a2f31d-4ae3-4139-a08e-2b55e262bb18","PN-CADET-A-Q82","",""
"F2B5Q91","DUPLICATE","568b98ec-2162-4c2d-80a9-1224a6f2bfe6","PN-CADET-A-Q83","",""
"F2B5Q92","DUPLICATE","a36b0c72-7fff-48fe-b6d8-4d43b841f853","PN-CADET-A-Q84","",""
"F2B5Q93","DUPLICATE","7dbd0347-ac60-42e0-b39e-e7d417779c01","PN-CADET-A-Q85","",""
"F2B5Q94","UNRESOLVED","","","","The source has multiple valid choices or lacks measurement uncertainty needed to choose a unique answer."
"F2B5Q95","DUPLICATE","90d60c55-af3b-4dd2-9e6d-5781141fcb7b","PN-CADET-A-Q86","",""
"F2B5Q96","DUPLICATE","a55b336e-0c57-47d3-b8fa-5d29b9d9c5d9","PN-CADET-A-Q734","",""
"F2B5Q97","DUPLICATE","2760768f-1ed9-4fcd-8131-5781e87cf7cd","PN-CADET-A-Q87","",""
"F2B5Q98","DUPLICATE","53b00c29-4d90-4b25-93f2-57c2e091cdba","PN-CADET-A-Q88","",""
"F2B5Q99","DUPLICATE","c74b9fe2-b8d9-42d0-abf6-c39ab7217f84","PN-CADET-A-Q735","",""
"F2B5Q100","DUPLICATE","353cf3f6-e347-4a28-8391-18e33ab239e5","PN-CADET-A-Q89","",""
"F2B5Q101","DUPLICATE","f704fb48-fa80-4ef1-b04a-7e4f1a330b1d","PN-CADET-A-Q90","",""
"F2B5Q102","DUPLICATE","9bc39414-6c86-49c3-901c-7516ef7c3e58","PN-CADET-A-Q91","",""
"F2B5Q103","DUPLICATE","b2880939-7fdf-4acf-ac96-2c62d276ec59","PN-CADET-A-Q92","",""
"F2B5Q104","DUPLICATE","9a86d93f-ee13-414c-92ac-d5922757a020","PN-CADET-A-Q93","",""
"F2B5Q105","DUPLICATE","8324cdf4-fcb5-471c-9d54-4795dfbe0d72","PN-CADET-A-Q94","",""
"F2B5Q106","DUPLICATE","878428d6-b9ff-44b5-b343-071169a4f233","PN-CADET-A-Q95","",""
"F2B5Q107","DUPLICATE","316309dd-9eb9-400f-953c-afe2300436af","PN-CADET-A-Q96","",""
"F2B5Q108","DUPLICATE","768033c0-92cc-4724-90c3-42161e929942","PN-CADET-A-Q97","",""
"F2B5Q109","DUPLICATE","de9067ba-4fac-4814-ba29-0e625709004b","PN-CADET-A-Q98","",""
"F2B5Q110","DUPLICATE","13e01d06-20a2-4de5-905d-f5969bc557eb","PN-CADET-A-Q99","",""
"F2B5Q111","DUPLICATE","43a91bb8-fd03-4ee5-b280-2b9aafb880b1","PN-CADET-A-Q100","",""
"F2B5Q112","DUPLICATE","9459578b-affb-4594-bc08-3d1f881781cb","PN-CADET-A-Q101","",""
"F2B5Q113","DUPLICATE","f5172e17-d2b8-4956-8d6e-9ef0faf07487","PN-CADET-A-Q102","",""
"F2B5Q114","DUPLICATE","143bc562-e1d4-4fdc-9fdc-e48d008d072a","PN-CADET-A-Q103","",""
"F2B5Q115","DUPLICATE","299abee0-bdd8-4995-bc1b-b3ea554aa30a","PN-CADET-A-Q104","",""
"F2B5Q116","DUPLICATE","594d7192-4460-46d2-9f7d-ea71765b90b1","PN-CADET-A-Q105","",""
"F2B5Q117","DUPLICATE","6c4f1a5b-cfc7-4676-b76f-d41e26b36009","PN-CADET-A-Q106","",""
"F2B5Q118","DUPLICATE","0c20a10a-afe5-42ea-b5ed-6dd0e2c47371","PN-CADET-A-Q107","",""
"F2B5Q119","UNRESOLVED","","","","The stated ages 16 and 64 would make the sister twice Ali’s age 32 years in the future, not any listed years ago."
"F2B5Q120","DUPLICATE","af6c6ce9-1f3d-4ba5-92ae-dd46e78b83f5","PN-CADET-A-Q108","",""
"F2B5Q121","UNRESOLVED","","","","The intended rule, measurement, administrative year or convention is unspecified, so a unique defensible answer cannot be established."
"F2B5Q122","DUPLICATE","0c308d49-ecff-4e45-b900-c6b98a2dd327","PN-CADET-A-Q109","",""
"F2B5Q123","DUPLICATE","3d3d6893-d0a2-4a77-bd3f-3d57b63978cd","PN-CADET-A-Q110","",""
"F2B5Q124","DUPLICATE","7c40a55a-4b7f-4dd4-b78d-e06afedc56dd","PN-CADET-A-Q111","",""
"F2B5Q125","DUPLICATE","4d775430-c676-42c6-ae8d-76a82aa2f002","PN-CADET-A-Q112","",""
"F2B5Q126","DUPLICATE","de2de529-b831-4e4b-904a-e98b49f75eb6","PN-CADET-A-Q113","",""
"F2B5Q127","DUPLICATE","1d1ce745-6851-48d4-a61c-64f389f360f1","PN-CADET-A-Q114","",""
"F2B5Q128","DUPLICATE","fb72e707-908b-4ac1-adc7-1a9bc64d47b0","PN-CADET-A-Q115","",""
"F2B5Q129","DUPLICATE","377273f2-0c8d-4b57-88da-bd1b9474017d","PN-CADET-A-Q116","",""
"F2B5Q130","DUPLICATE","e3717b0c-445a-4d78-ade4-832dbd161abf","PN-CADET-A-Q117","",""
"F2B5Q131","DUPLICATE","cc35cbbf-041b-4c10-bd04-d9d500a82b55","PN-CADET-A-Q118","",""
"F2B5Q132","DUPLICATE","5b5ae212-49cd-4b65-b258-cb2915630574","PN-CADET-A-Q119","",""
"F2B5Q133","DUPLICATE","faf5b330-0ac8-492d-9472-e20f5e68114e","PN-CADET-A-Q120","",""
"F2B5Q134","DUPLICATE","8b7c91b1-eb66-4b86-8918-ac49827e8ded","PN-CADET-A-Q121","",""
"F2B5Q135","DUPLICATE","1c2f0ee4-0ca5-4dbf-80f0-ceebbcf440e4","PN-CADET-A-Q122","",""
"F2B5Q136","UNRESOLVED","","","","The source does not state a precise comparison or criterion that establishes one answer."
"F2B5Q137","DUPLICATE","06dd3c09-3620-4aa5-a247-4f069695c2fa","PN-CADET-A-Q123","",""
"F2B5Q138","DUPLICATE","91f94751-1062-4839-a2af-a9ebf0f45fb0","PN-CADET-A-Q124","",""
"F2B5Q139","DUPLICATE","757c252d-1157-4223-848c-739540b771d4","PN-CADET-A-Q125","",""
"F2B5Q140","DUPLICATE","b41ae4e7-9c59-492e-88b0-4625a1d3fea2","PN-CADET-A-Q126","",""
"F2B5Q141","DUPLICATE","c6127bee-41bc-4ec9-bc3c-4f301811b0a1","PN-CADET-A-Q127","",""
"F2B5Q142","DUPLICATE","93346eae-202b-4750-b82c-68c8cc604527","PN-CADET-A-Q128","",""
"F2B5Q143","DUPLICATE","56e902b6-f8ca-485d-baed-84cb39714df0","PN-CADET-A-Q129","",""
"F2B5Q144","DUPLICATE","3da7681a-1901-44dc-9ce1-dc42b955a88c","PN-CADET-A-Q130","",""
"F2B5Q145","UNRESOLVED","","","","The intended rule, measurement, administrative year or convention is unspecified, so a unique defensible answer cannot be established."
"F2B5Q146","DUPLICATE","45d5c3dc-174c-4918-8383-828957afadc1","PN-CADET-A-Q131","",""
"F2B5Q147","DUPLICATE","3f0ade21-5922-4062-8fe5-fc88c02a1263","PN-CADET-A-Q132","",""
"F2B5Q148","DUPLICATE","b2f6e1bb-d50e-427b-9364-53cd562e6163","PN-CADET-A-Q133","",""
"F2B5Q149","DUPLICATE","c1823554-a79d-48d4-8fd0-b2b03e48bfaa","PN-CADET-A-Q134","",""
"F2B5Q150","DUPLICATE","5990a0e2-5865-45b0-a610-00c665c86c49","PN-CADET-A-Q135","",""
"F2B5Q151","DUPLICATE","d6a56587-e740-4d12-9e41-5e8db556d6c7","PN-CADET-A-Q136","",""
"F2B5Q152","DUPLICATE","f3fc49ac-9846-48c8-92b8-a92bcaab8be8","PN-CADET-A-Q137","",""
"F2B5Q153","DUPLICATE","f7b8dbd9-cd80-4afa-a6e6-cefd9bd2ecf9","PN-CADET-A-Q138","",""
"F2B5Q154","DUPLICATE","4608afa2-f83a-4d90-9db6-33ec5e45708b","PN-CADET-A-Q139","",""
"F2B5Q155","DUPLICATE","67b69935-3a8e-41a4-b4a8-58b86dccc9b3","PN-CADET-A-Q140","",""
"F2B5Q156","DUPLICATE","dcac6233-9db5-475f-b5f6-a3aec6996931","PN-CADET-A-Q141","",""
"F2B5Q157","DUPLICATE","3af5a3a7-d963-4ff9-9352-4e1933198b8e","PN-CADET-A-Q142","",""
"F2B5Q158","DUPLICATE","31e4f61c-e296-4cf1-8b83-b378ce527a3b","PN-CADET-A-Q143","",""
"F2B5Q159","DUPLICATE","fa9fae1c-8a94-4aac-8b75-92320a3692a1","PN-CADET-A-Q736","",""
"F2B5Q160","DUPLICATE","de1d3e9a-f42b-42e7-b2c8-42f8c98d92a6","PN-CADET-A-Q144","",""
"F2B5Q161","DUPLICATE","1866a1ea-bcee-4df7-b680-4f6b84df20bc","PN-CADET-A-Q145","",""
"F2B5Q162","DUPLICATE","560d63b3-cffd-4a72-b1e3-c7c8d73882b2","PN-CADET-A-Q146","",""
"F2B5Q163","DUPLICATE","80402b56-9fd9-4445-925d-7f4b0b3c08bc","PN-CADET-A-Q147","",""
"F2B5Q164","DUPLICATE","afac5aa4-0fc9-4b39-b7ca-31a4bb09c402","PN-CADET-A-Q148","",""
"F2B5Q165","DUPLICATE","f079b52e-a229-4528-bc57-ea1bfb54a04a","PN-CADET-A-Q149","",""
"F2B5Q166","DUPLICATE","5d3a49c0-cfd7-4f32-abc8-0eaf26e37d16","PN-CADET-A-Q150","",""
"F2B5Q167","DUPLICATE","cfeea726-3e39-4725-8418-8c439879af46","PN-CADET-A-Q151","",""
"F2B5Q168","DUPLICATE","f26d9920-ce7d-42f2-9dd0-ce3ba589342f","PN-CADET-A-Q152","",""
"F2B5Q169","DUPLICATE","530b8cf4-3360-46dd-b052-1141d73dd494","PN-CADET-A-Q153","",""
"F2B5Q170","DUPLICATE","6b26a166-b3c1-4926-8ae5-6c6188a48550","PN-CADET-A-Q154","",""
"F2B5Q171","DUPLICATE","090580d3-bd61-44ec-aed9-727873f2dec8","PN-CADET-A-Q737","",""
"F2B5Q172","DUPLICATE","2c78e57c-96be-4cf6-9580-6f8c66327ea1","PN-CADET-A-Q155","",""
"F2B5Q173","DUPLICATE","768fa00b-7b16-4f52-889b-6db0e941b77e","PN-CADET-A-Q69","",""
"F2B5Q174","DUPLICATE","a2139357-02b9-4b04-963a-1d6959d15a39","PN-CADET-A-Q156","",""
"F2B5Q175","UNRESOLVED","","","","The intended rule, measurement, administrative year or convention is unspecified, so a unique defensible answer cannot be established."
"F2B5Q176","DUPLICATE","1529f2f7-7acc-4721-9300-92f1dfe1979e","PN-CADET-A-Q157","",""
"F2B5Q177","DUPLICATE","1f97d0eb-06f6-4001-8570-60779b92becc","PN-CADET-A-Q158","",""
"F2B5Q178","DUPLICATE","9d0ecf2b-c8d1-49cb-a754-d5485e0f9d65","PN-CADET-A-Q159","",""
"F2B5Q179","DUPLICATE","da74de4a-bdc9-4f50-bf22-20ef3dfd95ac","PN-CADET-A-Q738","",""
"F2B5Q180","DUPLICATE","3956ed62-2a8f-4460-b396-3fbf3641d424","PN-CADET-A-Q160","",""
"F2B5Q181","DUPLICATE","6aa42906-8dcc-4466-9d7e-6df56c8ff231","PN-CADET-A-Q161","",""
"F2B5Q182","DUPLICATE","a95bc9ba-db7e-482b-95cc-37735a340313","PN-CADET-A-Q162","",""
"F2B5Q183","DUPLICATE","0212ed3e-47b5-4435-80bd-fba7ebc2e0fd","PN-CADET-A-Q163","",""
"F2B5Q184","DUPLICATE","69869b5a-139d-4e34-91a2-23eed22544cd","PN-CADET-A-Q164","",""
"F2B5Q185","DUPLICATE","ec1be70c-34bb-4068-b568-b38e94d8b05b","PN-CADET-A-Q165","",""
"F2B5Q186","DUPLICATE","7e73c9e2-5692-4d80-904e-b856dd3eb720","PN-CADET-A-Q166","",""
"F2B5Q187","DUPLICATE","df9170f4-f422-4ecd-baee-3400fb52b264","PN-CADET-A-Q167","",""
"F2B5Q188","DUPLICATE","b8acd30c-3971-459c-9f6b-f35dd4614e77","PN-CADET-A-Q168","",""
"F2B5Q189","DUPLICATE","45cb0247-059e-44fb-81a9-e8c891bcc06e","PN-CADET-A-Q169","",""
"F2B5Q190","DUPLICATE","dad7aa5e-37ad-4c9e-81e4-182f90547093","PN-CADET-A-Q739","",""
"F2B5Q191","DUPLICATE","7699cf72-770e-48bf-9247-3168f5052461","PN-CADET-A-Q170","",""
"F2B5Q192","DUPLICATE","49a5a958-648a-41b3-a53c-7ec6e3a03f30","PN-CADET-A-Q171","",""
"F2B5Q193","DUPLICATE","01658b2b-02b8-4dab-ab19-67f430c422f3","PN-CADET-A-Q172","",""
"F2B5Q194","DUPLICATE","773ffd64-083e-47d6-9f0d-27af5295c2db","PN-CADET-A-Q173","",""
"F2B5Q195","DUPLICATE","71940bba-f0f8-4137-b015-7c9d0a0f387c","PN-CADET-A-Q174","",""
"F2B5Q196","DUPLICATE","3b6fb496-308c-4eb1-b439-80258a3a3997","PN-CADET-A-Q175","",""
"F2B5Q197","DUPLICATE","fc69afe3-f50d-4fb4-b94c-dc597b5effc3","PN-CADET-A-Q176","",""
"F2B5Q198","DUPLICATE","ed759c00-fda5-4ea3-a519-b973924f5364","PN-CADET-A-Q177","",""
"F2B5Q199","DUPLICATE","e4a2b227-fe52-4608-b327-b67a4537ada2","PN-CADET-A-Q178","",""
"F2B5Q200","UNRESOLVED","","","","The source does not state a precise comparison or criterion that establishes one answer."
"F2B5Q201","DUPLICATE","1c1ec73b-8c32-46c1-aa14-310d4f3e0763","PN-CADET-A-Q179","",""
"F2B5Q202","DUPLICATE","58899b65-3037-4f02-89f1-2ebb61f4f2cd","PN-CADET-A-Q180","",""
"F2B5Q203","DUPLICATE","480bcb51-cb82-45d3-9c47-31ee73b3d50f","PN-CADET-A-Q181","",""
"F2B5Q204","DUPLICATE","c7be6f32-91c7-4a64-b803-44dbed60203c","PN-CADET-A-Q182","",""
"F2B5Q205","DUPLICATE","beb54d65-399f-494f-b857-c1b35777c23e","PN-CADET-A-Q183","",""
"F2B5Q206","DUPLICATE","24d54474-f523-47c4-ab07-4c33d1770f6a","PN-CADET-A-Q184","",""
"F2B5Q207","DUPLICATE","968c460c-270c-4a40-94d0-4298d522fe35","PN-CADET-A-Q185","",""
"F2B5Q208","DUPLICATE","71feff87-4df5-4d24-b360-791adfd719cf","PN-CADET-A-Q186","",""
"F2B5Q209","DUPLICATE","2c78e57c-96be-4cf6-9580-6f8c66327ea1","PN-CADET-A-Q155","",""
"F2B5Q210","DUPLICATE","c2ccf1c8-74f2-4612-b57a-3d80cc1a43aa","PN-CADET-A-Q187","",""
"F2B5Q211","DUPLICATE","67652a39-ef61-4f4e-b61f-efe2a14a1b28","PN-CADET-A-Q188","",""
"INLINE-B1Q1","DUPLICATE","2333a6eb-c8f5-4928-b422-3e0e212e39be","PN-CADET-A-Q609","F2B4Q1",""
"INLINE-B1Q2","DUPLICATE","fb72e707-908b-4ac1-adc7-1a9bc64d47b0","PN-CADET-A-Q115","F2B4Q2",""
"INLINE-B1Q3","DUPLICATE","1cbfaf97-ce09-4221-86ff-a79a128fbfba","PN-CADET-A-Q702","F2B4Q3",""
"INLINE-B1Q4","DUPLICATE","a4b1c104-f3bf-4233-a82a-8dda3c2e663c","PN-CADET-A-Q501","F2B4Q4",""
"INLINE-B1Q5","DUPLICATE","b91cff47-b622-4cf6-a4b7-15cdfecc7586","PN-CADET-A-Q700","F2B4Q5",""
"INLINE-B1Q6","DUPLICATE","a44ec81a-ea89-4028-ad1f-d987f4a4571e","PN-CADET-A-Q703","F2B4Q6",""
"INLINE-B1Q7","DUPLICATE","560a8ca6-88fb-4343-92bf-83afb6a0611a","PN-CADET-A-Q704","F2B4Q7",""
"INLINE-B1Q8","DUPLICATE","0fe9ead8-72c0-4cb8-b6b8-18eef8788920","PN-CADET-A-Q701","F2B4Q8",""
"INLINE-B1Q9","DUPLICATE","90b779da-e897-4128-8384-55475629f447","PN-CADET-A-Q705","F2B4Q9",""
"INLINE-B1Q10","DUPLICATE","75c1c15a-e2a1-4715-9310-6d69810b3cb8","PN-CADET-A-Q706","F2B4Q10",""
"INLINE-B1Q11","DUPLICATE","0f1afe29-d7bb-4cb1-8a58-4435077dd6fb","PN-CADET-A-Q707","F2B4Q11",""
"INLINE-B1Q12","DUPLICATE","07a93ded-868f-467e-bed4-ba7893b34c9d","PN-CADET-A-Q708","F2B4Q12",""
"INLINE-B1Q13","DUPLICATE","9ac7e2da-c5fd-4dae-8964-9e5d1007c958","PN-CADET-A-Q709","F2B4Q13",""
"INLINE-B1Q14","DUPLICATE","93d082ff-9b46-4687-8c1a-4c14cf8d3285","PN-CADET-A-Q710","F2B4Q14",""
"INLINE-B1Q15","DUPLICATE","a5623694-42b6-4b25-b449-2ada106101f3","PN-CADET-A-Q711","F2B4Q15",""
"INLINE-B1Q16","DUPLICATE","b899d2fc-62ab-474d-a65e-a987ef239395","PN-CADET-A-Q712","F2B4Q16",""
"INLINE-B1Q17","DUPLICATE","89375b03-bcff-44aa-a458-2a2dcb7fa73f","PN-CADET-A-Q713","F2B4Q17",""
"INLINE-B1Q18","DUPLICATE","0bb38b34-afaf-4ab1-9dfa-90333225bd2e","PN-CADET-A-Q714","F2B4Q18",""
"INLINE-B1Q19","DUPLICATE","ef415fa5-b8bd-48f4-b76d-9734f2ecc9c2","PN-CADET-A-Q549","F2B4Q19",""
"INLINE-B1Q20","DUPLICATE","17bd8b7f-0fea-445a-a6d4-17aba6040e41","PN-CADET-A-Q715","F2B4Q20",""
"INLINE-B1Q21","DUPLICATE","7abbf62c-1cfa-4f8c-b73a-1d579b11bcb6","PN-CADET-A-Q655","F2B4Q21",""
"INLINE-B1Q22","DUPLICATE","4d775430-c676-42c6-ae8d-76a82aa2f002","PN-CADET-A-Q112","F2B4Q22",""
"INLINE-B1Q23","DUPLICATE","cfeea726-3e39-4725-8418-8c439879af46","PN-CADET-A-Q151","F2B4Q23",""
"INLINE-B1Q24","DUPLICATE","1a0378bf-7045-4e95-837d-f69e2138e3c2","PN-CADET-A-Q716","F2B4Q24",""
"INLINE-B1Q25","DUPLICATE","e7a615c2-8f16-4db9-943c-bbea179b9088","PN-CADET-A-Q717","F2B4Q25",""
"INLINE-B1Q26","DUPLICATE","d03f9fb9-2ea4-4ebf-8898-966b5502a0c9","PN-CADET-A-Q538","F2B4Q26",""
"INLINE-B1Q27","DUPLICATE","978bdab1-1a2a-456e-914c-17848947e2b2","PN-CADET-A-Q718","F2B4Q27",""
"INLINE-B1Q28","DUPLICATE","f77779e8-7ae9-4ba6-ac5c-753012e974b0","PN-CADET-A-Q719","F2B4Q28",""
"INLINE-B1Q29","DUPLICATE","f3b6e674-c3ca-48bf-b4a0-04df8bf95b1e","PN-CADET-A-Q696","F2B4Q29",""
"INLINE-B1Q30","DUPLICATE","cd614abc-1ac4-4872-a79b-fe8fd8157bae","PN-CADET-A-Q679","F2B4Q30",""
"INLINE-B1Q31","DUPLICATE","7990714b-2312-4db5-8ef0-086bf4fcbf80","PN-CADET-A-Q656","F2B4Q31",""
"INLINE-B1Q32","DUPLICATE","b7ef23a5-ec64-4f0a-8f8c-3d655e214d8a","PN-CADET-A-Q660","F2B4Q32",""
"INLINE-B1Q33","DUPLICATE","91f03b69-eb77-47e5-bd19-c58c614ba6de","PN-CADET-A-Q546","F2B4Q33",""
"INLINE-B1Q34","DUPLICATE","e91509ca-ce1d-4345-ae1c-665c28ffdebb","PN-CADET-A-Q684","F2B4Q34",""
"INLINE-B1Q35","DUPLICATE","2ca77f63-3ae4-4285-921e-1f3fd89d0d37","PN-CADET-A-Q685","F2B4Q35",""
"INLINE-B1Q36","DUPLICATE","5dd70d87-25f4-4ec5-99fd-ff0a68d243e6","PN-CADET-A-Q720","F2B4Q36",""
"INLINE-B1Q37","DUPLICATE","718d083e-6995-4f8d-9a4b-0065a97080df","PN-CADET-A-Q662","F2B4Q37",""
"INLINE-B1Q38","DUPLICATE","953a2145-4692-49cc-b624-ac81ce0919b3","PN-CADET-A-Q721","F2B4Q38",""
"INLINE-B1Q39","DUPLICATE","fd34950f-246b-43d3-bf9f-54878c2c0994","PN-CADET-A-Q687","F2B4Q39",""
"INLINE-B1Q40","DUPLICATE","01290a12-d2f2-404c-8ab8-9220cd94202d","PN-CADET-A-Q722","F2B4Q40",""
"INLINE-B1Q41","DUPLICATE","b78eb18c-1c60-432b-9454-73b6a2727ec2","PN-CADET-A-Q543","F2B4Q41",""
"INLINE-B1Q42","DUPLICATE","8b75ca4a-0198-4b94-9378-6a7635a3fadc","PN-CADET-A-Q245","F2B4Q42",""
"INLINE-B1Q43","DUPLICATE","4adf7205-f9d9-4bcf-b596-ef2df5d94fd9","PN-CADET-A-Q674","F2B4Q43",""
"INLINE-B1Q44","DUPLICATE","e7dbc1d0-03b2-4a40-ae33-7b815aa8affb","PN-CADET-A-Q723","F2B4Q44",""
"INLINE-B1Q45","DUPLICATE","bf86538e-8158-4a59-b714-d565a3326fc6","PN-CADET-A-Q192","F2B4Q45",""
"INLINE-B1Q46","DUPLICATE","0212ed3e-47b5-4435-80bd-fba7ebc2e0fd","PN-CADET-A-Q163","F2B4Q46",""
"INLINE-B1Q47","DUPLICATE","66df29b8-7a33-4ba3-aa1d-427c3eb31969","PN-CADET-A-Q78","F2B4Q47",""
"INLINE-B1Q48","DUPLICATE","efad3e97-b1f3-42f4-a14a-2108970a6c6a","PN-CADET-A-Q307","F2B4Q48",""
"INLINE-B1Q49","DUPLICATE","0a21d831-a139-4125-ba3f-232d12a24a0d","PN-CADET-A-Q510","F2B4Q49",""
"INLINE-B1Q50","DUPLICATE","3089c5f1-18ab-4d6f-9576-46872caadb0a","PN-CADET-A-Q610","F2B4Q50",""
"INLINE-B1Q51","DUPLICATE","41554869-273d-48ba-8d24-bf1d085be6e5","PN-CADET-A-Q724","F2B4Q51",""
"INLINE-B1Q52","DUPLICATE","cfbe11a3-d91f-4399-828e-a4f418d8b1a6","PN-CADET-A-Q615","F2B4Q52",""
"INLINE-B1Q53","DUPLICATE","0c6a5a83-b222-44d5-98f4-fb62caabf8e8","PN-CADET-A-Q311","F2B4Q53",""
"INLINE-B1Q54","DUPLICATE","a9bfbd1e-48bc-43ed-aaf9-ff65a5b5cf00","PN-CADET-A-Q76","F2B4Q54",""
"INLINE-B1Q55","DUPLICATE","1f1be6c1-9b80-4443-b594-702dbd7718b4","PN-CADET-A-Q725","F2B4Q55",""
"INLINE-B1Q56","DUPLICATE","9918afc2-088d-4437-9551-a1759515b814","PN-CADET-A-Q614","F2B4Q56",""
"INLINE-B1Q57","DUPLICATE","9e482a08-5c45-4e26-8db9-ffb64759d23e","PN-CADET-A-Q630","F2B4Q57",""
"INLINE-B1Q58","DUPLICATE","d82d5e36-4348-44aa-8a80-70992bbf79d3","PN-CADET-A-Q77","F2B4Q58",""
"INLINE-B1Q59","DUPLICATE","37b816fd-30f4-406c-a7c2-8a8fa8585ab4","PN-CADET-A-Q644","F2B4Q59",""
"INLINE-B1Q60","DUPLICATE","456eb54e-9f43-481c-b653-e6d140ab3777","PN-CADET-A-Q639","F2B4Q60",""
"INLINE-B1Q61","DUPLICATE","9662c299-128c-4d0a-8637-345613b0f6cc","PN-CADET-A-Q726","F2B4Q61",""
"INLINE-B1Q62","DUPLICATE","a4e27112-619c-4e4b-9d2b-633c54d1cdad","PN-CADET-A-Q326","F2B4Q62",""
"INLINE-B1Q63","DUPLICATE","2c2e330e-9167-49e2-b48e-02da10c70ac9","PN-CADET-A-Q727","F2B4Q63",""
"INLINE-B1Q64","DUPLICATE","1ac69247-2005-478d-a2a0-c746f6aa909d","PN-CADET-A-Q728","F2B4Q64",""
"INLINE-B1Q65","DUPLICATE","f276e626-770e-4304-891f-e5b8bed918d2","PN-CADET-A-Q572","F2B4Q65",""
"INLINE-B1Q66","DUPLICATE","a5eebf14-bb21-43a9-a827-b6ee3205be58","PN-CADET-A-Q35","F2B4Q66",""
"INLINE-B1Q67","DUPLICATE","a27dc424-4691-474e-b9e4-354b64c6935a","PN-CADET-A-Q580","F2B4Q67",""
"INLINE-B1Q68","DUPLICATE","5dd24871-f26c-46e8-b2a5-2eae87ecc647","PN-CADET-A-Q729","F2B4Q68",""
"INLINE-B1Q69","DUPLICATE","a56b3935-3629-4319-8e6a-d8f2bd48171f","PN-CADET-A-Q730","F2B4Q69",""
"INLINE-B1Q70","DUPLICATE","c44f12cf-1f86-4a3f-acd2-51cf67829bb9","PN-CADET-A-Q731","F2B4Q70",""
"INLINE-B2Q131","DUPLICATE","0212ed3e-47b5-4435-80bd-fba7ebc2e0fd","PN-CADET-A-Q163","F2B3Q131",""
"INLINE-B2Q132","DUPLICATE","66df29b8-7a33-4ba3-aa1d-427c3eb31969","PN-CADET-A-Q78","F2B3Q132",""
"INLINE-B2Q133","DUPLICATE","3089c5f1-18ab-4d6f-9576-46872caadb0a","PN-CADET-A-Q610","F2B3Q133",""
"INLINE-B2Q134","DUPLICATE","371183cb-f3b9-4a20-826c-0c515e08ba98","PN-CADET-A-Q611","F2B3Q134",""
"INLINE-B2Q135","DUPLICATE","94e7c195-0f38-435f-b0de-fbc987e8e0ef","PN-CADET-A-Q612","F2B3Q135",""
"INLINE-B2Q136","DUPLICATE","efad3e97-b1f3-42f4-a14a-2108970a6c6a","PN-CADET-A-Q307","F2B3Q136",""
"INLINE-B2Q137","DUPLICATE","ca8a5c4b-bca5-4473-bdd0-b5d1b4fe89fd","PN-CADET-A-Q613","F2B3Q137",""
"INLINE-B2Q138","DUPLICATE","d82d5e36-4348-44aa-8a80-70992bbf79d3","PN-CADET-A-Q77","F2B3Q138",""
"INLINE-B2Q139","DUPLICATE","9918afc2-088d-4437-9551-a1759515b814","PN-CADET-A-Q614","F2B3Q139",""
"INLINE-B2Q140","DUPLICATE","cfbe11a3-d91f-4399-828e-a4f418d8b1a6","PN-CADET-A-Q615","F2B3Q140",""
"INLINE-B2Q141","DUPLICATE","9a875135-6a7e-4ffc-ad3b-5e90937e2b80","PN-CADET-A-Q616","F2B3Q141",""
"INLINE-B2Q142","DUPLICATE","a02a23c6-c738-4604-aa63-0ef00320c69b","PN-CADET-A-Q310","F2B3Q142",""
"INLINE-B2Q143","DUPLICATE","0c6a5a83-b222-44d5-98f4-fb62caabf8e8","PN-CADET-A-Q311","F2B3Q143",""
"INLINE-B2Q144","DUPLICATE","d8fcc06a-7485-4f83-b438-a8852ee3af64","PN-CADET-A-Q617","F2B3Q144",""
"INLINE-B2Q145","DUPLICATE","17d38d4c-8bf0-4e8d-8484-b42ba229ec84","PN-CADET-A-Q740","F2B3Q145",""
"INLINE-B2Q146","DUPLICATE","5032a16f-41ad-4a71-8e1f-c671ded53034","PN-CADET-A-Q618","F2B3Q146",""
"INLINE-B2Q147","DUPLICATE","09ed8c82-bd32-4b16-ac4d-80345adc25f6","PN-CADET-A-Q619","F2B3Q147",""
"INLINE-B2Q148","DUPLICATE","1f1be6c1-9b80-4443-b594-702dbd7718b4","PN-CADET-A-Q725","F2B3Q148",""
"INLINE-B2Q149","DUPLICATE","71cbf18a-5c10-4204-9155-88b857d60e85","PN-CADET-A-Q620","F2B3Q149",""
"INLINE-B2Q150","DUPLICATE","a2d927d0-7279-401f-9666-2b3448998d07","PN-CADET-A-Q621","F2B3Q150",""
"INLINE-B2Q151","DUPLICATE","a0ac5eb3-15b6-4a25-8a1e-9f663249879a","PN-CADET-A-Q746","F2B3Q151",""
"INLINE-B2Q152","DUPLICATE","4c2c7802-437e-468f-8030-5f18ff60b898","PN-CADET-A-Q622","F2B3Q152",""
"INLINE-B2Q153","DUPLICATE","b53e7757-87fd-4e95-82ad-258bce528e23","PN-CADET-A-Q623","F2B3Q153",""
"INLINE-B2Q154","DUPLICATE","1224e110-d59b-45fd-8ca2-60be31d2cd4b","PN-CADET-A-Q624","F2B3Q154",""
"INLINE-B2Q155","DUPLICATE","30d53084-365f-4fb5-9d1f-5d458ceb5abd","PN-CADET-A-Q747","F2B3Q155",""
"INLINE-B2Q156","DUPLICATE","0bc194fb-2f0d-48bd-aecd-168d237c8944","PN-CADET-A-Q625","F2B3Q156",""
"INLINE-B2Q157","DUPLICATE","62994454-d2fb-4dd0-9895-6e421ff4a1bb","PN-CADET-A-Q626","F2B3Q157",""
"INLINE-B2Q158","DUPLICATE","b964ab76-4c6a-4ddf-8f45-4320650c6186","PN-CADET-A-Q627","F2B3Q158",""
"INLINE-B2Q159","DUPLICATE","9d016024-1031-46fe-a813-87b71d57e108","PN-CADET-A-Q628","F2B3Q159",""
"INLINE-B2Q160","DUPLICATE","ebcc00d4-5433-4b2f-a9a1-407164e6e10f","PN-CADET-A-Q629","F2B3Q160",""
"INLINE-B2Q161","DUPLICATE","9e482a08-5c45-4e26-8db9-ffb64759d23e","PN-CADET-A-Q630","F2B3Q161",""
"INLINE-B2Q162","DUPLICATE","de4755c4-4e66-4095-b15b-6d180cc8f4fe","PN-CADET-A-Q631","F2B3Q162",""
"INLINE-B2Q163","DUPLICATE","bd8c6308-c6a1-4147-84fd-38be77ae2bee","PN-CADET-A-Q632","F2B3Q163",""
"INLINE-B2Q164","DUPLICATE","b78e9389-27cb-4bbf-83d2-d76e07c85af9","PN-CADET-A-Q633","F2B3Q164",""
"INLINE-B2Q165","DUPLICATE","8a9155b3-a973-4828-bd75-07c8e96e7ea2","PN-CADET-A-Q634","F2B3Q165",""
"INLINE-B2Q166","DUPLICATE","949db2bb-0859-444e-9514-518ae47fece1","PN-CADET-A-Q635","F2B3Q166",""
"INLINE-B2Q167","DUPLICATE","d4b45565-f1f2-413e-b5bb-105100c06cb3","PN-CADET-A-Q305","F2B3Q167",""
"INLINE-B2Q168","DUPLICATE","5d9ed231-89dd-4ec6-bb1b-c7b00e51815a","PN-CADET-A-Q636","F2B3Q168",""
"INLINE-B2Q169","DUPLICATE","2dd4765d-821e-4fc0-af6a-65677e6b67a9","PN-CADET-A-Q637","F2B3Q169",""
"INLINE-B2Q170","DUPLICATE","22c3c3e4-49c2-41e4-94eb-a9347e16f2e9","PN-CADET-A-Q638","F2B3Q170",""
"INLINE-B2Q171","DUPLICATE","0bb4802d-78ec-4727-9e6a-b0969aaf535d","PN-CADET-A-Q308","F2B3Q171",""
"INLINE-B2Q172","DUPLICATE","b67071db-5b92-41f6-bcdc-708d716b4b24","PN-CADET-A-Q599","F2B3Q172",""
"INLINE-B2Q173","DUPLICATE","456eb54e-9f43-481c-b653-e6d140ab3777","PN-CADET-A-Q639","F2B3Q173",""
"INLINE-B2Q174","DUPLICATE","90aa11f0-9f80-4bd2-96b1-6513c6be6680","PN-CADET-A-Q640","F2B3Q174",""
"INLINE-B2Q175","DUPLICATE","e71942d1-3e89-4c8f-88f8-378b0bfc167c","PN-CADET-A-Q641","F2B3Q175",""
"INLINE-B2Q176","DUPLICATE","01aea830-ded8-45d0-9fa3-4cb5164cfbad","PN-CADET-A-Q642","F2B3Q176",""
"INLINE-B2Q177","DUPLICATE","758a0fba-8a27-4d6e-9775-1e94ed3b6c5f","PN-CADET-A-Q643","F2B3Q177",""
"INLINE-B2Q178","DUPLICATE","37b816fd-30f4-406c-a7c2-8a8fa8585ab4","PN-CADET-A-Q644","F2B3Q178",""
"INLINE-B2Q179","DUPLICATE","e8384a9c-b6c0-4fef-9508-8541e6993271","PN-CADET-A-Q645","F2B3Q179",""
"INLINE-B2Q180","DUPLICATE","df2a8328-b776-4708-974c-f71d73a7c305","PN-CADET-A-Q748","F2B3Q180",""
"INLINE-B2Q181","DUPLICATE","90235497-e96e-4979-8fbf-3b908b4c1d9a","PN-CADET-A-Q646","F2B3Q181",""
"INLINE-B2Q182","DUPLICATE","17e26618-8295-4b24-a929-051ff331e14e","PN-CADET-A-Q749","F2B3Q182",""
"INLINE-B2Q183","DUPLICATE","05d69742-3e7a-47a7-a02b-758c8d4c4bf1","PN-CADET-A-Q647","F2B3Q183",""
"INLINE-B2Q184","DUPLICATE","05bc7f32-1854-4371-90e0-c1bc5a52cd9e","PN-CADET-A-Q648","F2B3Q184",""
"INLINE-B2Q185","DUPLICATE","c0749e8e-2388-45bf-9ea6-82c497ed5d87","PN-CADET-A-Q649","F2B3Q185",""
"INLINE-B2Q186","DUPLICATE","26129e38-48f0-4938-b81b-038d5fe4af93","PN-CADET-A-Q650","F2B3Q186",""
"INLINE-B2Q187","DUPLICATE","a34719fb-5080-46d3-81bd-64fd336a6d08","PN-CADET-A-Q651","F2B3Q187",""
"INLINE-B2Q188","DUPLICATE","2e5dfb58-b390-4aec-afdc-aa4f45fb007f","PN-CADET-A-Q652","F2B3Q188",""
"INLINE-B2Q189","DUPLICATE","fe909edd-c582-480a-901d-8ac11467d163","PN-CADET-A-Q653","F2B3Q189",""
"INLINE-B2Q190","DUPLICATE","712f9a24-54b6-4bfb-af91-eb575455e3bc","PN-CADET-A-Q654","F2B3Q190",""
"INLINE-B2Q191","DUPLICATE","b6f2fb97-d40e-4774-9d06-71968dc29aa5","PN-CADET-A-Q327","F2B3Q191",""
"INLINE-B2Q192","DUPLICATE","480bcb51-cb82-45d3-9c47-31ee73b3d50f","PN-CADET-A-Q181","F2B3Q192",""
"INLINE-B2Q193","DUPLICATE","9fd16586-856d-487c-8ac5-2ba95a964c14","PN-CADET-A-Q328","F2B3Q193",""
"INLINE-B2Q194","DUPLICATE","5bf83793-bab6-440c-8e8c-e4c36d969470","PN-CADET-A-Q330","F2B3Q194",""
"INLINE-B2Q195","DUPLICATE","704824b6-f256-422f-a215-0a33335bd965","PN-CADET-A-Q329","F2B3Q195",""
"INLINE-B2Q196","DUPLICATE","7abbf62c-1cfa-4f8c-b73a-1d579b11bcb6","PN-CADET-A-Q655","F2B3Q196",""
"INLINE-B2Q197","DUPLICATE","4d775430-c676-42c6-ae8d-76a82aa2f002","PN-CADET-A-Q112","F2B3Q197",""
"INLINE-B2Q198","DUPLICATE","cfeea726-3e39-4725-8418-8c439879af46","PN-CADET-A-Q151","F2B3Q198",""
"INLINE-B2Q199","DUPLICATE","39cc1463-f769-44e2-899a-eb1e6851f98a","PN-CADET-A-Q323","F2B3Q199",""
"INLINE-B2Q200","DUPLICATE","a4e27112-619c-4e4b-9d2b-633c54d1cdad","PN-CADET-A-Q326","F2B3Q200",""
"INLINE-B2Q201","DUPLICATE","47c94c3e-668f-41f2-8549-f0b446517f27","PN-CADET-A-Q324","F2B3Q201",""
"INLINE-B2Q202","DUPLICATE","7990714b-2312-4db5-8ef0-086bf4fcbf80","PN-CADET-A-Q656","F2B3Q202",""
"INLINE-B2Q203","DUPLICATE","4aa86e2b-ed9f-46ee-a77a-2a947086151f","PN-CADET-A-Q657","F2B3Q203",""
"INLINE-B2Q204","DUPLICATE","568b98ec-2162-4c2d-80a9-1224a6f2bfe6","PN-CADET-A-Q83","F2B3Q204",""
"INLINE-B2Q205","DUPLICATE","1f29307b-b697-494f-b4c4-b065a50191a1","PN-CADET-A-Q658","F2B3Q205",""
"INLINE-B2Q206","DUPLICATE","593b73a1-b4f5-4b87-bc5d-ad1b42cbb0cf","PN-CADET-A-Q659","F2B3Q206",""
"INLINE-B2Q207","DUPLICATE","b7ef23a5-ec64-4f0a-8f8c-3d655e214d8a","PN-CADET-A-Q660","F2B3Q207",""
"INLINE-B2Q208","DUPLICATE","99df773c-ab32-48d7-abe5-8a20852d6c17","PN-CADET-A-Q661","F2B3Q208",""
"INLINE-B2Q209","DUPLICATE","718d083e-6995-4f8d-9a4b-0065a97080df","PN-CADET-A-Q662","F2B3Q209",""
"INLINE-B2Q210","DUPLICATE","40e12962-3627-4e01-8bc0-cfbbb96245a9","PN-CADET-A-Q663","F2B3Q210",""
"INLINE-B2Q211","DUPLICATE","4bb40da9-29c1-4dbd-bff3-8c313f1c71e3","PN-CADET-A-Q664","F2B3Q211",""
"INLINE-B2Q212","DUPLICATE","01551d45-276e-4c03-abaa-c853626bd356","PN-CADET-A-Q665","F2B3Q212",""
"INLINE-B2Q213","DUPLICATE","abac824d-097a-4bce-8a81-d5c589a92ec1","PN-CADET-A-Q666","F2B3Q213",""
"INLINE-B2Q214","DUPLICATE","4aefd4cf-a7dc-440f-80af-7e482ba68e9e","PN-CADET-A-Q667","F2B3Q214",""
"INLINE-B2Q215","DUPLICATE","c11d64d5-6d95-4c44-8290-fbff204da13f","PN-CADET-A-Q668","F2B3Q215",""
"INLINE-B2Q216","DUPLICATE","8b75ca4a-0198-4b94-9378-6a7635a3fadc","PN-CADET-A-Q245","F2B3Q216",""
"INLINE-B2Q217","DUPLICATE","74ce01ef-f4f4-42d9-84da-888c69cdc7cb","PN-CADET-A-Q669","F2B3Q217",""
"INLINE-B2Q218","DUPLICATE","59e95ca9-cf31-44c2-bdef-74f042a3893d","PN-CADET-A-Q670","F2B3Q218",""
"INLINE-B2Q219","DUPLICATE","bf86538e-8158-4a59-b714-d565a3326fc6","PN-CADET-A-Q192","F2B3Q219",""
"INLINE-B2Q220","DUPLICATE","294f8e93-1123-488c-a62b-3ad0bfad7f99","PN-CADET-A-Q671","F2B3Q220",""
"INLINE-B2Q221","DUPLICATE","8ca2fe9f-fecf-41bf-b174-59e42047c3da","PN-CADET-A-Q672","F2B3Q221",""
"INLINE-B2Q222","DUPLICATE","a00b34d5-9250-4bd9-a54b-afb4f19d518c","PN-CADET-A-Q673","F2B3Q222",""
"INLINE-B2Q223","DUPLICATE","4adf7205-f9d9-4bcf-b596-ef2df5d94fd9","PN-CADET-A-Q674","F2B3Q223",""
"INLINE-B2Q224","DUPLICATE","9cc18dea-28de-4cc9-82de-074acc047494","PN-CADET-A-Q675","F2B3Q224",""
"INLINE-B2Q225","DUPLICATE","058876e5-173b-4bfe-80e9-85c9bdeadb79","PN-CADET-A-Q676","F2B3Q225",""
"INLINE-B2Q226","DUPLICATE","28304594-6596-4799-8154-551c0593a81f","PN-CADET-A-Q677","F2B3Q226",""
"INLINE-B2Q227","DUPLICATE","5df5d019-0dcf-4069-bda1-ae220b127206","PN-CADET-A-Q678","F2B3Q227",""
"INLINE-B2Q228","DUPLICATE","cd614abc-1ac4-4872-a79b-fe8fd8157bae","PN-CADET-A-Q679","F2B3Q228",""
"INLINE-B2Q229","DUPLICATE","ceb24618-aa1d-4f4d-a40e-1c0513117522","PN-CADET-A-Q680","F2B3Q229",""
"INLINE-B2Q230","DUPLICATE","79254acb-e424-4ddd-969e-e9d8f558e1b6","PN-CADET-A-Q681","F2B3Q230",""
"INLINE-B2Q231","DUPLICATE","dfef72d1-3fa2-4d39-ab9a-a24945feecb3","PN-CADET-A-Q682","F2B3Q231",""
"INLINE-B2Q232","DUPLICATE","10c33bfb-7171-4174-b236-cc2618175212","PN-CADET-A-Q683","F2B3Q232",""
"INLINE-B2Q233","DUPLICATE","e91509ca-ce1d-4345-ae1c-665c28ffdebb","PN-CADET-A-Q684","F2B3Q233",""
"INLINE-B2Q234","DUPLICATE","2ca77f63-3ae4-4285-921e-1f3fd89d0d37","PN-CADET-A-Q685","F2B3Q234",""
"INLINE-B2Q235","DUPLICATE","8f6c4c28-6485-4d76-86e1-a46034473688","PN-CADET-A-Q686","F2B3Q235",""
"INLINE-B2Q236","DUPLICATE","fd34950f-246b-43d3-bf9f-54878c2c0994","PN-CADET-A-Q687","F2B3Q236",""
"INLINE-B2Q237","DUPLICATE","89ba5d6e-ee1e-41b4-824c-91819878ccc5","PN-CADET-A-Q688","F2B3Q237",""
"INLINE-B2Q238","DUPLICATE","c41db31f-006f-4fc5-8e37-0809f26d69d4","PN-CADET-A-Q689","F2B3Q238",""
"INLINE-B2Q239","DUPLICATE","732d4a55-650f-4b8c-9aff-242127be19e4","PN-CADET-A-Q690","F2B3Q239",""
"INLINE-B2Q240","DUPLICATE","98ac4b2d-ffcd-4c6e-8594-1b980c3552e1","PN-CADET-A-Q691","F2B3Q240",""
"INLINE-B2Q241","DUPLICATE","af581b13-eb4c-491b-b62a-3361520a5c5d","PN-CADET-A-Q692","F2B3Q241",""
"INLINE-B2Q242","DUPLICATE","e3df31d4-3100-402e-b7e9-3e6f02db64d9","PN-CADET-A-Q693","F2B3Q242",""
"INLINE-B2Q243","DUPLICATE","ec895d9a-7617-4162-b449-eee1be2ae75b","PN-CADET-A-Q694","F2B3Q243",""
"INLINE-B2Q244","DUPLICATE","c21bff23-fd4a-4cca-9b38-70f42d385ea2","PN-CADET-A-Q695","F2B3Q244",""
"INLINE-B2Q245","DUPLICATE","f3b6e674-c3ca-48bf-b4a0-04df8bf95b1e","PN-CADET-A-Q696","F2B3Q245",""
"INLINE-B2Q246","DUPLICATE","2ed575ff-4044-4173-84c6-3e871d541319","PN-CADET-A-Q697","F2B3Q246",""
"INLINE-B2Q247","DUPLICATE","1b26c944-a675-487c-9e24-12bf93be07f9","PN-CADET-A-Q698","F2B3Q247",""
"INLINE-B2Q248","DUPLICATE","7ba42fde-3775-478c-8d66-e01ca936c61f","PN-CADET-A-Q699","F2B3Q248",""
"INLINE-B2Q249","DUPLICATE","b91cff47-b622-4cf6-a4b7-15cdfecc7586","PN-CADET-A-Q700","F2B3Q249",""
"INLINE-B2Q250","DUPLICATE","0fe9ead8-72c0-4cb8-b6b8-18eef8788920","PN-CADET-A-Q701","F2B3Q250",""
"INLINE-B3Q1","DUPLICATE","a4b1c104-f3bf-4233-a82a-8dda3c2e663c","PN-CADET-A-Q501","F2B3Q1",""
"INLINE-B3Q2","DUPLICATE","805c98bd-0a64-437e-a8fc-1617540b73b3","PN-CADET-A-Q502","F2B3Q2",""
"INLINE-B3Q3","UNRESOLVED","","","F2B3Q3","The intended rule, measurement, administrative year or convention is unspecified, so a unique defensible answer cannot be established."
"INLINE-B3Q4","DUPLICATE","db2d8169-2d5b-4936-8125-8027556fdd7c","PN-CADET-A-Q503","F2B3Q4",""
"INLINE-B3Q5","DUPLICATE","179c4c51-0a1a-4cbe-9214-b18fa663f108","PN-CADET-A-Q504","F2B3Q5",""
"INLINE-B3Q6","DUPLICATE","e98d1d3d-ff77-447d-8e71-f7bc62c5db4c","PN-CADET-A-Q291","F2B3Q6",""
"INLINE-B3Q7","DUPLICATE","8aa1e362-ef90-4c3f-bd5f-db952e8dca7a","PN-CADET-A-Q505","F2B3Q7",""
"INLINE-B3Q8","DUPLICATE","25d652eb-e9b7-4121-a222-815b2722ad17","PN-CADET-A-Q506","F2B3Q8",""
"INLINE-B3Q9","DUPLICATE","0ecebd26-8345-4236-aebc-2c6cded10cb6","PN-CADET-A-Q507","F2B3Q9",""
"INLINE-B3Q10","DUPLICATE","7acb4340-15c2-4631-8026-15bf1768a854","PN-CADET-A-Q508","F2B3Q10",""
"INLINE-B3Q11","DUPLICATE","da6a3f00-a88d-43bd-8423-b7ce61a0eb82","PN-CADET-A-Q509","F2B3Q11",""
"INLINE-B3Q12","DUPLICATE","0a21d831-a139-4125-ba3f-232d12a24a0d","PN-CADET-A-Q510","F2B3Q12",""
"INLINE-B3Q13","DUPLICATE","16ca1b06-987d-400c-9bdf-631909393349","PN-CADET-A-Q511","F2B3Q13",""
"INLINE-B3Q14","DUPLICATE","9195c795-fda7-45e1-b3ed-2b81728f363a","PN-CADET-A-Q512","F2B3Q14",""
"INLINE-B3Q15","DUPLICATE","c2791d77-dba9-4b54-a2ca-757e9f949340","PN-CADET-A-Q309","F2B3Q15",""
"INLINE-B3Q16","DUPLICATE","7c75acf1-3b36-4790-83e4-b7dafb472fdb","PN-CADET-A-Q513","F2B3Q16",""
"INLINE-B3Q17","DUPLICATE","f515dec1-f492-477c-a58f-187f2f80ec1c","PN-CADET-A-Q514","F2B3Q17",""
"INLINE-B3Q18","DUPLICATE","d4b45565-f1f2-413e-b5bb-105100c06cb3","PN-CADET-A-Q305","F2B3Q18",""
"INLINE-B3Q19","DUPLICATE","87a98722-4e3d-44d8-9aa8-a2013a83e5a9","PN-CADET-A-Q515","F2B3Q19",""
"INLINE-B3Q20","DUPLICATE","bd42adcc-f362-4c2a-b0ab-c369d5dd1b81","PN-CADET-A-Q516","F2B3Q20",""
"INLINE-B3Q21","DUPLICATE","f8b52a43-4286-4c76-a0c2-0dcbb9bf7a4a","PN-CADET-A-Q517","F2B3Q21",""
"INLINE-B3Q22","DUPLICATE","ff821b16-c664-4d18-b61e-5c22fefca909","PN-CADET-A-Q480","F2B3Q22",""
"INLINE-B3Q23","DUPLICATE","9ae63e93-1968-480d-88fd-fba0b535c81a","PN-CADET-A-Q81","F2B3Q23",""
"INLINE-B3Q24","DUPLICATE","d4c53b9c-b5f9-42d5-bab9-116ca16551e7","PN-CADET-A-Q265","F2B3Q24",""
"INLINE-B3Q25","DUPLICATE","044adbf9-9254-44a6-8fae-5a20678a3eb8","PN-CADET-A-Q518","F2B3Q25",""
"INLINE-B3Q26","DUPLICATE","9d0ecf2b-c8d1-49cb-a754-d5485e0f9d65","PN-CADET-A-Q159","F2B3Q26",""
"INLINE-B3Q27","DUPLICATE","fb72e707-908b-4ac1-adc7-1a9bc64d47b0","PN-CADET-A-Q115","F2B3Q27",""
"INLINE-B3Q28","DUPLICATE","bda328a1-2a71-4b03-bb8d-e3f762ab2b21","PN-CADET-A-Q306","F2B3Q28",""
"INLINE-B3Q29","DUPLICATE","9b3499bb-bebc-46e6-a92c-c301a81903ea","PN-CADET-A-Q519","F2B3Q29",""
"INLINE-B3Q30","DUPLICATE","a1cf5200-59ef-4e5c-bcaf-5d5b3494e3f3","PN-CADET-A-Q520","F2B3Q30",""
"INLINE-B3Q31","DUPLICATE","637f7557-e79d-42cf-8f75-100c09a66480","PN-CADET-A-Q47","F2B3Q31",""
"INLINE-B3Q32","DUPLICATE","dbaf49a8-f06a-4e53-b02b-045dd37ec549","PN-CADET-A-Q521","F2B3Q32",""
"INLINE-B3Q33","DUPLICATE","b6e350b3-a9a5-43ad-a7b8-c0e3d6f662b6","PN-CADET-A-Q522","F2B3Q33",""
"INLINE-B3Q34","DUPLICATE","71151aaf-8814-4a1d-a515-83d181f3c338","PN-CADET-A-Q523","F2B3Q34",""
"INLINE-B3Q35","DUPLICATE","f06e0d66-5f3b-4921-935b-a336e5814cd4","PN-CADET-A-Q524","F2B3Q35",""
"INLINE-B3Q36","DUPLICATE","c279fb63-f8c8-40cb-82ec-cc78064bba68","PN-CADET-A-Q525","F2B3Q36",""
"INLINE-B3Q37","DUPLICATE","8f660d06-5efc-46e1-879b-978e04aacf99","PN-CADET-A-Q526","F2B3Q37",""
"INLINE-B3Q38","DUPLICATE","07a631fe-ba3a-47c1-96a2-c3ad000ca0ad","PN-CADET-A-Q527","F2B3Q38",""
"INLINE-B3Q39","DUPLICATE","cfd1a2af-f185-45df-99c1-53e708977c99","PN-CADET-A-Q528","F2B3Q39",""
"INLINE-B3Q40","DUPLICATE","f66f43ef-b624-48a6-a7a4-9fd5303ce84e","PN-CADET-A-Q529","F2B3Q40",""
"INLINE-B3Q41","DUPLICATE","8232e20d-c58a-4a05-961b-e6e30f3cd262","PN-CADET-A-Q530","F2B3Q41",""
"INLINE-B3Q42","DUPLICATE","de363aa0-9ade-4951-a14d-bc4bf0e09c62","PN-CADET-A-Q531","F2B3Q42",""
"INLINE-B3Q43","DUPLICATE","0c6a5a83-b222-44d5-98f4-fb62caabf8e8","PN-CADET-A-Q311","F2B3Q43",""
"INLINE-B3Q44","DUPLICATE","02ee26e1-c786-4fc0-8428-65abda594dc5","PN-CADET-A-Q532","F2B3Q44",""
"INLINE-B3Q45","DUPLICATE","ab80505e-def7-4746-a539-f1f2549b3ba6","PN-CADET-A-Q533","F2B3Q45",""
"INLINE-B3Q46","DUPLICATE","93767151-6eaa-4df3-a550-9a4c47e1e217","PN-CADET-A-Q534","F2B3Q46",""
"INLINE-B3Q47","DUPLICATE","0dc4b79a-af52-475a-871f-474cc6c4a6c7","PN-CADET-A-Q535","F2B3Q47",""
"INLINE-B3Q48","DUPLICATE","d0204e75-ce64-4ec1-8519-1cb97cca1b36","PN-CADET-A-Q536","F2B3Q48",""
"INLINE-B3Q49","DUPLICATE","a30f6e25-1d4f-4c2c-aa58-e6edb8adbd4d","PN-CADET-A-Q537","F2B3Q49",""
"INLINE-B3Q50","DUPLICATE","d03f9fb9-2ea4-4ebf-8898-966b5502a0c9","PN-CADET-A-Q538","F2B3Q50",""
"INLINE-B3Q51","DUPLICATE","f06e0d66-5f3b-4921-935b-a336e5814cd4","PN-CADET-A-Q524","F2B3Q51",""
"INLINE-B3Q52","DUPLICATE","54395c26-9154-429e-b172-1334e4b5def9","PN-CADET-A-Q539","F2B3Q52",""
"INLINE-B3Q53","DUPLICATE","a9bfbd1e-48bc-43ed-aaf9-ff65a5b5cf00","PN-CADET-A-Q76","F2B3Q53",""
"INLINE-B3Q54","DUPLICATE","93e7b155-c265-4a0a-808e-07a8d7f118bb","PN-CADET-A-Q540","F2B3Q54",""
"INLINE-B3Q55","DUPLICATE","acb7c841-0087-407c-be74-51f85de62999","PN-CADET-A-Q541","F2B3Q55",""
"INLINE-B3Q56","DUPLICATE","e38af65c-86f0-4dc7-b74b-05a092ea98b8","PN-CADET-A-Q542","F2B3Q56",""
"INLINE-B3Q57","DUPLICATE","b78eb18c-1c60-432b-9454-73b6a2727ec2","PN-CADET-A-Q543","F2B3Q57",""
"INLINE-B3Q58","DUPLICATE","eed0844a-2728-4e67-9e05-88e946eb6163","PN-CADET-A-Q544","F2B3Q58",""
"INLINE-B3Q59","DUPLICATE","68be5890-f2eb-4bea-8b99-af13d8185e60","PN-CADET-A-Q545","F2B3Q59",""
"INLINE-B3Q60","DUPLICATE","91f03b69-eb77-47e5-bd19-c58c614ba6de","PN-CADET-A-Q546","F2B3Q60",""
"INLINE-B3Q61","DUPLICATE","5d3a49c0-cfd7-4f32-abc8-0eaf26e37d16","PN-CADET-A-Q150","F2B3Q61",""
"INLINE-B3Q62","DUPLICATE","5fa95d5f-a26a-42cf-bff1-0eb2bcb29885","PN-CADET-A-Q547","F2B3Q62",""
"INLINE-B3Q63","DUPLICATE","7980474a-7941-4b56-bc3a-91a9d3260a45","PN-CADET-A-Q548","F2B3Q63",""
"INLINE-B3Q64","DUPLICATE","ef415fa5-b8bd-48f4-b76d-9734f2ecc9c2","PN-CADET-A-Q549","F2B3Q64",""
"INLINE-B3Q65","DUPLICATE","04c32b43-9fec-4416-ab87-2244907f566b","PN-CADET-A-Q550","F2B3Q65",""
"INLINE-B3Q66","DUPLICATE","e16be737-6f4c-43bd-a68a-155da896c688","PN-CADET-A-Q551","F2B3Q66",""
"INLINE-B3Q67","DUPLICATE","919b6811-4c06-4e7a-914b-5a4b0267f613","PN-CADET-A-Q552","F2B3Q67",""
"INLINE-B3Q68","DUPLICATE","233d5405-3458-4f13-b135-fd3115b60ca3","PN-CADET-A-Q553","F2B3Q68",""
"INLINE-B3Q69","DUPLICATE","e65b5e4c-2489-490d-b456-bfae921d7636","PN-CADET-A-Q554","F2B3Q69",""
"INLINE-B3Q70","DUPLICATE","b23b9159-b4a8-40df-86a3-5c1d618fe809","PN-CADET-A-Q555","F2B3Q70",""
"INLINE-B3Q71","DUPLICATE","72887314-9cd5-429c-ac12-fc9f4b65d05e","PN-CADET-A-Q556","F2B3Q71",""
"INLINE-B3Q72","DUPLICATE","05c70cc8-7d29-4629-b02e-9accb3eacd57","PN-CADET-A-Q557","F2B3Q72",""
"INLINE-B3Q73","DUPLICATE","027ada9b-1296-4b21-adc9-d40f51acd7c9","PN-CADET-A-Q558","F2B3Q73",""
"INLINE-B3Q74","DUPLICATE","7c7de8fd-fed7-4510-9f71-d60ce30c5365","PN-CADET-A-Q559","F2B3Q74",""
"INLINE-B3Q75","DUPLICATE","1d9c4e9d-5007-4c8e-ad43-d6015d5afc6f","PN-CADET-A-Q560","F2B3Q75",""
"INLINE-B3Q76","DUPLICATE","d442f2be-9c69-43e7-9b67-7eab589b640c","PN-CADET-A-Q561","F2B3Q76",""
"INLINE-B3Q77","DUPLICATE","684507ea-ee2f-4317-937f-8869d24605ec","PN-CADET-A-Q745","F2B3Q77",""
"INLINE-B3Q78","DUPLICATE","f5a4b618-96de-4ebb-81b1-200b7ff5f270","PN-CADET-A-Q562","F2B3Q78",""
"INLINE-B3Q79","DUPLICATE","eba35c01-5d4a-49f0-b9df-9011c2bcd6ec","PN-CADET-A-Q563","F2B3Q79",""
"INLINE-B3Q80","DUPLICATE","1e33cdf0-94b7-4585-9e4d-7ec62588bb11","PN-CADET-A-Q564","F2B3Q80",""
"INLINE-B3Q81","DUPLICATE","f48fd713-d6ec-4051-81da-642489fce81d","PN-CADET-A-Q565","F2B3Q81",""
"INLINE-B3Q82","DUPLICATE","2d1ec51b-d70a-4518-b774-c2988508f47c","PN-CADET-A-Q566","F2B3Q82",""
"INLINE-B3Q83","DUPLICATE","abf5b356-900f-4299-8c39-df91936ab590","PN-CADET-A-Q567","F2B3Q83",""
"INLINE-B3Q84","DUPLICATE","72887314-9cd5-429c-ac12-fc9f4b65d05e","PN-CADET-A-Q556","F2B3Q84",""
"INLINE-B3Q85","DUPLICATE","90d60c55-af3b-4dd2-9e6d-5781141fcb7b","PN-CADET-A-Q86","F2B3Q85",""
"INLINE-B3Q86","DUPLICATE","c5b68131-7a84-477b-8271-d60ac9fdcfcf","PN-CADET-A-Q568","F2B3Q86",""
"INLINE-B3Q87","DUPLICATE","31805f11-ecf1-4054-b0d6-ec5edb171dee","PN-CADET-A-Q569","F2B3Q87",""
"INLINE-B3Q88","DUPLICATE","853321f1-eb00-4d91-8467-e045b45344d5","PN-CADET-A-Q570","F2B3Q88",""
"INLINE-B3Q89","DUPLICATE","a22cecd8-e630-4e43-9e20-b08ac417f06b","PN-CADET-A-Q571","F2B3Q89",""
"INLINE-B3Q90","DUPLICATE","f276e626-770e-4304-891f-e5b8bed918d2","PN-CADET-A-Q572","F2B3Q90",""
"INLINE-B3Q91","DUPLICATE","3b822c53-c5f4-4e02-b4d8-26e3c5351ea3","PN-CADET-A-Q573","F2B3Q91",""
"INLINE-B3Q92","DUPLICATE","a822c863-5400-4c47-acd3-ce5dc2bf5cf0","PN-CADET-A-Q574","F2B3Q92",""
"INLINE-B3Q93","DUPLICATE","b4d640e9-858e-42a2-8672-12628085f7bb","PN-CADET-A-Q575","F2B3Q93",""
"INLINE-B3Q94","DUPLICATE","f9edb56b-98d0-4499-83b1-02ed4f1702e3","PN-CADET-A-Q576","F2B3Q94",""
"INLINE-B3Q95","DUPLICATE","99f451ee-0cee-4297-8a2a-69ef5d58a8c8","PN-CADET-A-Q577","F2B3Q95",""
"INLINE-B3Q96","DUPLICATE","bcff029b-b383-46e1-bb40-84d2b3af4936","PN-CADET-A-Q578","F2B3Q96",""
"INLINE-B3Q97","DUPLICATE","d0b579b7-6577-4154-9022-efbed31519b7","PN-CADET-A-Q579","F2B3Q97",""
"INLINE-B3Q98","DUPLICATE","a5eebf14-bb21-43a9-a827-b6ee3205be58","PN-CADET-A-Q35","F2B3Q98",""
"INLINE-B3Q99","DUPLICATE","a27dc424-4691-474e-b9e4-354b64c6935a","PN-CADET-A-Q580","F2B3Q99",""
"INLINE-B3Q100","DUPLICATE","5b895493-12a8-471c-945b-c731cb609fb8","PN-CADET-A-Q581","F2B3Q100",""
"INLINE-B3Q101","DUPLICATE","e5c810bb-0620-4ca1-84c5-3bec602c28b6","PN-CADET-A-Q582","F2B3Q101",""
"INLINE-B3Q102","DUPLICATE","c4795bee-13a9-4bdd-b9ab-375062f010f3","PN-CADET-A-Q583","F2B3Q102",""
"INLINE-B3Q103","DUPLICATE","a7717e17-c391-4044-b184-1e72722d8c9a","PN-CADET-A-Q584","F2B3Q103",""
"INLINE-B3Q104","DUPLICATE","2fe0a888-ed1a-4a7f-a57c-504794b8b579","PN-CADET-A-Q585","F2B3Q104",""
"INLINE-B3Q105","DUPLICATE","e5a8ccae-d81d-4b8b-ab63-6a3b3359ee21","PN-CADET-A-Q586","F2B3Q105",""
"INLINE-B3Q106","DUPLICATE","d6299c98-408a-48a8-8800-cae9e71a9861","PN-CADET-A-Q587","F2B3Q106",""
"INLINE-B3Q107","DUPLICATE","5005ac68-fdd8-402e-a587-e640ff7b3d82","PN-CADET-A-Q588","F2B3Q107",""
"INLINE-B3Q108","DUPLICATE","321f9f71-3a10-43c2-bd06-6371b7778960","PN-CADET-A-Q589","F2B3Q108",""
"INLINE-B3Q109","DUPLICATE","59b17314-7b7d-4c61-a592-789c08c2d642","PN-CADET-A-Q590","F2B3Q109",""
"INLINE-B3Q110","DUPLICATE","43254f43-4518-4d90-b5b1-fd28ba076389","PN-CADET-A-Q591","F2B3Q110",""
"INLINE-B3Q111","DUPLICATE","f129b6fc-45d9-485e-ab3e-9ea48fe440dc","PN-CADET-A-Q592","F2B3Q111",""
"INLINE-B3Q112","DUPLICATE","b259752b-07db-49b9-a7c2-2fd2bfef5aeb","PN-CADET-A-Q593","F2B3Q112",""
"INLINE-B3Q113","DUPLICATE","d82d5e36-4348-44aa-8a80-70992bbf79d3","PN-CADET-A-Q77","F2B3Q113",""
"INLINE-B3Q114","DUPLICATE","f9c5efa4-0bac-4b01-b85d-e0a79bcc02b4","PN-CADET-A-Q594","F2B3Q114",""
"INLINE-B3Q115","DUPLICATE","c983c686-ff77-4c6c-b63e-4d8cbe7dfee5","PN-CADET-A-Q595","F2B3Q115",""
"INLINE-B3Q116","DUPLICATE","be6f8e3f-6c8b-4205-a3ae-8ac91820c6d9","PN-CADET-A-Q596","F2B3Q116",""
"INLINE-B3Q117","DUPLICATE","ab851c9f-07d0-4ae6-821f-0c1b60fd8e4a","PN-CADET-A-Q597","F2B3Q117",""
"INLINE-B3Q118","DUPLICATE","efa64777-9cbf-4fb6-bb09-52ba7c77026b","PN-CADET-A-Q598","F2B3Q118",""
"INLINE-B3Q119","DUPLICATE","b67071db-5b92-41f6-bcdc-708d716b4b24","PN-CADET-A-Q599","F2B3Q119",""
"INLINE-B3Q120","DUPLICATE","1f163e1a-83d8-40c8-b200-c2239601caeb","PN-CADET-A-Q190","F2B3Q120",""
"INLINE-B3Q121","DUPLICATE","8f8a62b2-8987-4a7d-808c-f622214e3a9d","PN-CADET-A-Q600","F2B3Q121",""
"INLINE-B3Q122","DUPLICATE","662b1165-8a78-44ee-9744-9e5e7ce4bcba","PN-CADET-A-Q601","F2B3Q122",""
"INLINE-B3Q123","DUPLICATE","39440c56-6eff-449e-9b17-51f177aeb125","PN-CADET-A-Q602","F2B3Q123",""
"INLINE-B3Q124","DUPLICATE","cf9f9825-7374-4327-a250-c33d952cb85d","PN-CADET-A-Q603","F2B3Q124",""
"INLINE-B3Q125","DUPLICATE","02dc9461-0b46-407b-b0d5-5b311644cc03","PN-CADET-A-Q604","F2B3Q125",""
"INLINE-B3Q126","DUPLICATE","8276d275-8b1d-4ec5-8298-36f262c86a3c","PN-CADET-A-Q605","F2B3Q126",""
"INLINE-B3Q127","DUPLICATE","09983090-313f-401b-bbbf-adc8217cc377","PN-CADET-A-Q606","F2B3Q127",""
"INLINE-B3Q128","DUPLICATE","4865c3d0-0391-4be4-a965-6fd85dda2f25","PN-CADET-A-Q607","F2B3Q128",""
"INLINE-B3Q129","DUPLICATE","e0b67b19-592d-4300-a0dc-fb7bee96dcdb","PN-CADET-A-Q608","F2B3Q129",""
"INLINE-B3Q130","DUPLICATE","2333a6eb-c8f5-4928-b422-3e0e212e39be","PN-CADET-A-Q609","F2B3Q130",""
"INLINE-B4Q1","UNRESOLVED","","","F2B2Q1","The analogy does not define a consistent relationship with exactly one listed answer."
"INLINE-B4Q2","DUPLICATE","893aac4f-c3f3-4316-8cca-3eb693273563","PN-CADET-A-Q453","F2B2Q2",""
"INLINE-B4Q3","DUPLICATE","fa047072-c2f7-40e0-9e14-715b9f6bde81","PN-CADET-A-Q454","F2B2Q3",""
"INLINE-B4Q4","DUPLICATE","b241ef8f-b6da-4d78-a8a7-5506167b06e6","PN-CADET-A-Q80","F2B2Q4",""
"INLINE-B4Q5","DUPLICATE","57931ec6-b147-47e8-aa47-6096e4c1a917","PN-CADET-A-Q743","F2B2Q5",""
"INLINE-B4Q6","UNRESOLVED","","","F2B2Q6","The odd-one-out criterion is unspecified or inconsistent, so the supplied key is not uniquely defensible."
"INLINE-B4Q7","UNRESOLVED","","","F2B2Q7","The source contains replacement characters where essential formulas, expressions or options should be; the original data cannot be recovered."
"INLINE-B4Q8","DUPLICATE","dca85aed-18ed-4d58-a340-f856429d97ac","PN-CADET-A-Q744","F2B2Q8",""
"INLINE-B4Q9","DUPLICATE","36eddb43-c3b3-4fc2-b745-1864ceff7d46","PN-CADET-A-Q455","F2B2Q9",""
"INLINE-B4Q10","DUPLICATE","b7be4a1d-3717-4e71-be0e-88c440587f66","PN-CADET-A-Q456","F2B2Q10",""
"INLINE-B4Q11","DUPLICATE","5accab5a-1141-4442-a8ff-af403953837b","PN-CADET-A-Q376","F2B2Q11",""
"INLINE-B4Q12","DUPLICATE","1dd52057-4da9-45b5-a050-ad1da98af289","PN-CADET-A-Q457","F2B2Q12",""
"INLINE-B4Q13","DUPLICATE","e5e221b1-9e93-4b98-be56-0fb35b43cb79","PN-CADET-A-Q458","F2B2Q13",""
"INLINE-B4Q14","DUPLICATE","3e40031b-59d6-46ae-b606-deb5262e816e","PN-CADET-A-Q198","F2B2Q14",""
"INLINE-B4Q15","UNRESOLVED","","","F2B2Q15","The odd-one-out criterion is unspecified or inconsistent, so the supplied key is not uniquely defensible."
"INLINE-B4Q16","DUPLICATE","3b6bb6b3-9bce-47c8-831f-334d3ae87bf8","PN-CADET-A-Q459","F2B2Q16",""
"INLINE-B4Q17","DUPLICATE","39959045-75b1-4a99-a708-a83146a66e14","PN-CADET-A-Q460","F2B2Q17",""
"INLINE-B4Q18","DUPLICATE","d50ade56-5c23-44b8-ae13-8e8519b8a79f","PN-CADET-A-Q461","F2B2Q18",""
"INLINE-B4Q19","DUPLICATE","c894fc9a-a391-44a7-8954-44113c92cd7d","PN-CADET-A-Q462","F2B2Q19",""
"INLINE-B4Q20","DUPLICATE","d73c1d35-7fb8-4a61-8100-d113d5a282fe","PN-CADET-A-Q228","F2B2Q20",""
"INLINE-B4Q21","DUPLICATE","462f59c5-1ba3-4a9e-adab-a90d0d48fc3a","PN-CADET-A-Q463","F2B2Q21",""
"INLINE-B4Q22","DUPLICATE","12d7e97c-8c20-46c4-9f3c-e9034ef8c8fb","PN-CADET-A-Q464","F2B2Q22",""
"INLINE-B4Q23","DUPLICATE","a6f287f4-a3b1-4cc5-aea6-d0ef5887b36b","PN-CADET-A-Q465","F2B2Q23",""
"INLINE-B4Q24","DUPLICATE","f9fcadfa-c16f-4059-917d-74c6b09b6850","PN-CADET-A-Q466","F2B2Q24",""
"INLINE-B4Q25","DUPLICATE","4fd66d37-9f02-408e-8bf4-d350fe169739","PN-CADET-A-Q467","F2B2Q25",""
"INLINE-B4Q26","DUPLICATE","144935a3-a046-40c0-8be1-1258f755b4af","PN-CADET-A-Q231","F2B2Q26",""
"INLINE-B4Q27","DUPLICATE","c34457ac-7a59-4f38-8ebb-b812ac172e2d","PN-CADET-A-Q432","F2B2Q27",""
"INLINE-B4Q28","DUPLICATE","636d76c9-9b9b-4b60-a20f-ca6eca0a152c","PN-CADET-A-Q468","F2B2Q28",""
"INLINE-B4Q29","DUPLICATE","44a87e65-45a8-4756-9b0d-c7716d468bab","PN-CADET-A-Q469","F2B2Q29",""
"INLINE-B4Q30","DUPLICATE","75658afb-d2c9-4646-be5d-789184af28a1","PN-CADET-A-Q470","F2B2Q30",""
"INLINE-B4Q31","DUPLICATE","489bd670-7141-4a5a-9f4f-39651215c561","PN-CADET-A-Q471","F2B2Q31",""
"INLINE-B4Q32","DUPLICATE","c2f58c54-1345-4cd3-bf2d-68ee0d74c03d","PN-CADET-A-Q240","F2B2Q32",""
"INLINE-B4Q33","DUPLICATE","213eb739-503f-47b0-8854-4c11f42cba82","PN-CADET-A-Q472","F2B2Q33",""
"INLINE-B4Q34","DUPLICATE","80728cf9-0f21-47fe-a5de-134b1bea224e","PN-CADET-A-Q473","F2B2Q34",""
"INLINE-B4Q35","DUPLICATE","50509178-bb56-4d2f-8111-99da3b785e6d","PN-CADET-A-Q474","F2B2Q35",""
"INLINE-B4Q36","DUPLICATE","08bc620a-1c6e-45ad-8ad6-5fe194868a1b","PN-CADET-A-Q475","F2B2Q36",""
"INLINE-B4Q37","DUPLICATE","eecfcd7d-ea60-4abf-b23c-3c35285de7fa","PN-CADET-A-Q476","F2B2Q37",""
"INLINE-B4Q38","DUPLICATE","c6f72085-c6ba-4b29-97b2-5a4286dfeee2","PN-CADET-A-Q271","F2B2Q38",""
"INLINE-B4Q39","UNRESOLVED","","","F2B2Q39","The source does not state a precise comparison or criterion that establishes one answer."
"INLINE-B4Q40","DUPLICATE","4baf6bd4-29ca-4de2-9323-4a05562fb723","PN-CADET-A-Q477","F2B2Q40",""
"INLINE-B4Q41","DUPLICATE","d6cf8023-1069-431e-ba5a-eac7a4b16137","PN-CADET-A-Q478","F2B2Q41",""
"INLINE-B4Q42","UNRESOLVED","","","F2B2Q42","The first presiding officers were Jogendra Nath Mandal (temporary) and Muhammad Ali Jinnah (elected President); neither is offered."
"INLINE-B4Q43","UNRESOLVED","","","F2B2Q43","The intended rule, measurement, administrative year or convention is unspecified, so a unique defensible answer cannot be established."
"INLINE-B4Q44","DUPLICATE","7ff3e5d3-5dea-4b5d-b140-6382995c09f0","PN-CADET-A-Q479","F2B2Q44",""
"INLINE-B4Q45","DUPLICATE","ff821b16-c664-4d18-b61e-5c22fefca909","PN-CADET-A-Q480","F2B2Q45",""
"INLINE-B4Q46","DUPLICATE","1f163e1a-83d8-40c8-b200-c2239601caeb","PN-CADET-A-Q190","F2B2Q46",""
"INLINE-B4Q47","DUPLICATE","a837c9d8-efa1-46b3-855d-2f30ca8d6b70","PN-CADET-A-Q79","F2B2Q47",""
"INLINE-B4Q48","DUPLICATE","0212ed3e-47b5-4435-80bd-fba7ebc2e0fd","PN-CADET-A-Q163","F2B2Q48",""
"INLINE-B4Q49","DUPLICATE","23811368-db62-48d9-9b3f-631477048193","PN-CADET-A-Q481","F2B2Q49",""
"INLINE-B4Q50","DUPLICATE","4a4d0459-dcdb-4283-8ba3-90af3b9791ef","PN-CADET-A-Q482","F2B2Q50",""
"INLINE-B4Q51","DUPLICATE","bda328a1-2a71-4b03-bb8d-e3f762ab2b21","PN-CADET-A-Q306","F2B2Q51",""
"INLINE-B4Q52","DUPLICATE","32ae8e24-0b35-4327-a51e-3033c98b16f0","PN-CADET-A-Q483","F2B2Q52",""
"INLINE-B4Q53","DUPLICATE","f2fa43e0-049a-4d0b-9b58-033239890517","PN-CADET-A-Q484","F2B2Q53",""
"INLINE-B4Q54","DUPLICATE","fdd5ec37-3d3e-43b2-b7f4-62282bc993e9","PN-CADET-A-Q485","F2B2Q54",""
"INLINE-B4Q55","DUPLICATE","aaab1b29-d514-4ae4-9c8c-27a1dc458c88","PN-CADET-A-Q486","F2B2Q55",""
"INLINE-B4Q56","DUPLICATE","33a18c08-6497-4e1a-9804-c3c4055a4bc9","PN-CADET-A-Q487","F2B2Q56",""
"INLINE-B4Q57","DUPLICATE","1a8776ad-9844-4500-88b4-79647ea92102","PN-CADET-A-Q488","F2B2Q57",""
"INLINE-B4Q58","DUPLICATE","42244871-1e57-4c27-b040-85c4f49e312a","PN-CADET-A-Q489","F2B2Q58",""
"INLINE-B4Q59","DUPLICATE","800fec3d-30be-4b27-b197-5a00ccb5baee","PN-CADET-A-Q490","F2B2Q59",""
"INLINE-B4Q60","UNRESOLVED","","","F2B2Q60","The source contains replacement characters where essential formulas, expressions or options should be; the original data cannot be recovered."
"INLINE-B4Q61","DUPLICATE","aa62fe77-5a96-46af-98c6-7656ee9f8d40","PN-CADET-A-Q196","F2B2Q61",""
"INLINE-B4Q62","UNRESOLVED","","","F2B2Q62","The source contains replacement characters where essential formulas, expressions or options should be; the original data cannot be recovered."
"INLINE-B4Q63","DUPLICATE","36d0acfc-8a14-4099-90cd-339b78e1f645","PN-CADET-A-Q491","F2B2Q63",""
"INLINE-B4Q64","DUPLICATE","2f990bb3-6a5c-4c7b-8d41-3fd645c82dde","PN-CADET-A-Q492","F2B2Q64",""
"INLINE-B4Q65","UNRESOLVED","","","F2B2Q65","The source contains replacement characters where essential formulas, expressions or options should be; the original data cannot be recovered."
"INLINE-B4Q66","DUPLICATE","f2353783-53a8-4611-94d6-0ea534973404","PN-CADET-A-Q493","F2B2Q66",""
"INLINE-B4Q67","UNRESOLVED","","","F2B2Q67","The intended rule, measurement, administrative year or convention is unspecified, so a unique defensible answer cannot be established."
"INLINE-B4Q68","DUPLICATE","891aa4a2-0905-4608-ab31-8bf851bef6db","PN-CADET-A-Q494","F2B2Q68",""
"INLINE-B4Q69","DUPLICATE","16c10d79-6450-47f7-b165-2fa066cf2163","PN-CADET-A-Q495","F2B2Q69",""
"INLINE-B4Q70","DUPLICATE","eb3c5a81-babd-4add-a905-b2ef56d423ce","PN-CADET-A-Q496","F2B2Q70",""
"INLINE-B4Q71","DUPLICATE","878428d6-b9ff-44b5-b343-071169a4f233","PN-CADET-A-Q95","F2B2Q71",""
"INLINE-B4Q72","DUPLICATE","4f6705b4-5e3a-4b31-bea9-a3626ed82396","PN-CADET-A-Q497","F2B2Q72",""
"INLINE-B4Q73","DUPLICATE","74ad82a1-86eb-4463-803a-e0f0a7f5b7e3","PN-CADET-A-Q498","F2B2Q73",""
"INLINE-B4Q74","DUPLICATE","7ad85d6e-495d-4d4a-af79-043460a2373f","PN-CADET-A-Q421","F2B2Q74",""
"INLINE-B4Q75","DUPLICATE","e2858d94-d738-4c19-8106-81753eb98ea9","PN-CADET-A-Q499","F2B2Q75",""
"INLINE-B4Q76","DUPLICATE","f7257dbb-0ea6-4cd6-b29c-2d7bc28d1eb3","PN-CADET-A-Q425","F2B2Q76",""
"INLINE-B4Q77","DUPLICATE","aed335b4-679d-4a91-bad3-0b8fd7de04ed","PN-CADET-A-Q500","F2B2Q77",""
"INLINE-B5Q351","UNRESOLVED","","","F2B1Q351","The odd-one-out criterion is unspecified or inconsistent, so the supplied key is not uniquely defensible."
"INLINE-B5Q352","DUPLICATE","7673cba5-88b2-421d-94c8-57bfd7d3f500","PN-CADET-A-Q401","F2B1Q352",""
"INLINE-B5Q353","DUPLICATE","cf72f106-f550-40da-99b6-f8f12af23a03","PN-CADET-A-Q402","F2B1Q353",""
"INLINE-B5Q354","DUPLICATE","cc2004d4-26ba-4132-89e3-3bc5920c3da2","PN-CADET-A-Q403","F2B1Q354",""
"INLINE-B5Q355","DUPLICATE","7e59c177-fdee-4cd2-97b9-cac3e8b5e3f0","PN-CADET-A-Q404","F2B1Q355",""
"INLINE-B5Q356","DUPLICATE","89683ae1-1d9c-4536-9950-e6a95955f814","PN-CADET-A-Q405","F2B1Q356",""
"INLINE-B5Q357","UNRESOLVED","","","F2B1Q357","The intended rule, measurement, administrative year or convention is unspecified, so a unique defensible answer cannot be established."
"INLINE-B5Q358","DUPLICATE","355aa805-e8d8-4a5e-98c4-6b2c17ddb1a1","PN-CADET-A-Q406","F2B1Q358",""
"INLINE-B5Q359","DUPLICATE","feca5e00-3cf0-4d62-90ec-68fdea733dda","PN-CADET-A-Q407","F2B1Q359",""
"INLINE-B5Q360","DUPLICATE","cf9ffcf1-7302-4a07-a0d9-379f5513a812","PN-CADET-A-Q408","F2B1Q360",""
"INLINE-B5Q361","DUPLICATE","2e73ca54-bba6-45b9-995b-1a474c494072","PN-CADET-A-Q409","F2B1Q361",""
"INLINE-B5Q362","DUPLICATE","3e40031b-59d6-46ae-b606-deb5262e816e","PN-CADET-A-Q198","F2B1Q362",""
"INLINE-B5Q363","DUPLICATE","3a7ad30e-1187-4c54-b9e3-7ac862eea054","PN-CADET-A-Q410","F2B1Q363",""
"INLINE-B5Q364","UNRESOLVED","","","F2B1Q364","The analogy does not define a consistent relationship with exactly one listed answer."
"INLINE-B5Q365","DUPLICATE","c571be55-d592-4586-9a3f-6eb228766d8e","PN-CADET-A-Q233","F2B1Q365",""
"INLINE-B5Q366","DUPLICATE","d1a87e25-722a-4f4c-b8c8-c25d6cf525a7","PN-CADET-A-Q411","F2B1Q366",""
"INLINE-B5Q367","DUPLICATE","62eeb7ad-47bd-4e1e-86bc-da84d2bba894","PN-CADET-A-Q349","F2B1Q367",""
"INLINE-B5Q368","UNRESOLVED","","","F2B1Q368","The odd-one-out criterion is unspecified or inconsistent, so the supplied key is not uniquely defensible."
"INLINE-B5Q369","DUPLICATE","57931ec6-b147-47e8-aa47-6096e4c1a917","PN-CADET-A-Q743","F2B1Q369",""
"INLINE-B5Q370","UNRESOLVED","","","F2B1Q370","The odd-one-out criterion is unspecified or inconsistent, so the supplied key is not uniquely defensible."
"INLINE-B5Q371","UNRESOLVED","","","F2B1Q371","The source contains replacement characters where essential formulas, expressions or options should be; the original data cannot be recovered."
"INLINE-B5Q372","UNRESOLVED","","","F2B1Q372","The source contains replacement characters where essential formulas, expressions or options should be; the original data cannot be recovered."
"INLINE-B5Q373","UNRESOLVED","","","F2B1Q373","The source contains replacement characters where essential formulas, expressions or options should be; the original data cannot be recovered."
"INLINE-B5Q374","UNRESOLVED","","","F2B1Q374","The source contains replacement characters where essential formulas, expressions or options should be; the original data cannot be recovered."
"INLINE-B5Q375","DUPLICATE","269a2e16-3963-4cfa-ac61-42e85e9584d2","PN-CADET-A-Q412","F2B1Q375",""
"INLINE-B5Q376","UNRESOLVED","","","F2B1Q376","The source contains replacement characters where essential formulas, expressions or options should be; the original data cannot be recovered."
"INLINE-B5Q377","UNRESOLVED","","","F2B1Q377","The source contains replacement characters where essential formulas, expressions or options should be; the original data cannot be recovered."
"INLINE-B5Q378","UNRESOLVED","","","F2B1Q378","The source contains replacement characters where essential formulas, expressions or options should be; the original data cannot be recovered."
"INLINE-B5Q379","DUPLICATE","43693f40-5783-43c4-845c-2ee8b4b5a99e","PN-CADET-A-Q413","F2B1Q379",""
"INLINE-B5Q380","DUPLICATE","d7dacd7b-66b1-4a1e-9738-efa2ce88d60f","PN-CADET-A-Q414","F2B1Q380",""
"INLINE-B5Q381","DUPLICATE","d83ac32e-9c4e-4615-bed8-f18d07cd02b5","PN-CADET-A-Q317","F2B1Q381",""
"INLINE-B5Q382","DUPLICATE","9388923f-7d8a-44f1-9e1b-6b4a56a7adb8","PN-CADET-A-Q302","F2B1Q382",""
"INLINE-B5Q383","DUPLICATE","c01fb480-2fc2-4bbb-b554-a8c37af23180","PN-CADET-A-Q415","F2B1Q383",""
"INLINE-B5Q384","UNRESOLVED","","","F2B1Q384","The source contains replacement characters where essential formulas, expressions or options should be; the original data cannot be recovered."
"INLINE-B5Q385","UNRESOLVED","","","F2B1Q385","The source contains replacement characters where essential formulas, expressions or options should be; the original data cannot be recovered."
"INLINE-B5Q386","DUPLICATE","aac2cbfa-bee7-47e0-a4c6-95d2aa2f2c8f","PN-CADET-A-Q242","F2B1Q386",""
"INLINE-B5Q387","DUPLICATE","dd34b5b6-d4b4-48fd-91a5-23b406fce721","PN-CADET-A-Q416","F2B1Q387",""
"INLINE-B5Q388","DUPLICATE","14fd5c01-9e46-4e9a-94b5-967d9dc297a2","PN-CADET-A-Q417","F2B1Q388",""
"INLINE-B5Q389","DUPLICATE","99e71e56-110c-4a1c-8bee-e4ae8cb62272","PN-CADET-A-Q418","F2B1Q389",""
"INLINE-B5Q390","DUPLICATE","fc29d3e2-341f-457a-af55-77aa99625cc3","PN-CADET-A-Q419","F2B1Q390",""
"INLINE-B5Q391","DUPLICATE","2e089b3d-598e-4717-a94e-8987dd5b01a9","PN-CADET-A-Q420","F2B1Q391",""
"INLINE-B5Q392","DUPLICATE","7ad85d6e-495d-4d4a-af79-043460a2373f","PN-CADET-A-Q421","F2B1Q392",""
"INLINE-B5Q393","DUPLICATE","a8dece06-f603-4eb8-b72f-bbde9fa7e7ed","PN-CADET-A-Q422","F2B1Q393",""
"INLINE-B5Q394","DUPLICATE","5accab5a-1141-4442-a8ff-af403953837b","PN-CADET-A-Q376","F2B1Q394",""
"INLINE-B5Q395","DUPLICATE","e75a796f-5f06-4f53-ac4e-e409aaaf99c8","PN-CADET-A-Q423","F2B1Q395",""
"INLINE-B5Q396","DUPLICATE","7d9d8111-4e79-40e4-9958-c4e806e86765","PN-CADET-A-Q424","F2B1Q396",""
"INLINE-B5Q397","DUPLICATE","f7257dbb-0ea6-4cd6-b29c-2d7bc28d1eb3","PN-CADET-A-Q425","F2B1Q397",""
"INLINE-B5Q398","DUPLICATE","a48a1267-9d81-4995-a3dd-03eaead6e37e","PN-CADET-A-Q426","F2B1Q398",""
"INLINE-B5Q399","DUPLICATE","391fab96-3d5a-4922-aa1f-41bb06b5384e","PN-CADET-A-Q427","F2B1Q399",""
"INLINE-B5Q400","DUPLICATE","fd394a80-9123-4705-b50b-11a3dfbb3739","PN-CADET-A-Q428","F2B1Q400",""
"INLINE-B5Q401","DUPLICATE","54971588-c028-4595-9779-d6f5e2b89598","PN-CADET-A-Q429","F2B1Q401",""
"INLINE-B5Q402","UNRESOLVED","","","F2B1Q402","The ordinal and supplied key conflict with the official presidency record; no supported 15th-President interpretation is supplied."
"INLINE-B5Q403","DUPLICATE","471553a1-9816-4fbf-b76e-73449a695b6d","PN-CADET-A-Q430","F2B1Q403",""
"INLINE-B5Q404","DUPLICATE","cdd16849-43cc-4435-b348-48da0df1082c","PN-CADET-A-Q431","F2B1Q404",""
"INLINE-B5Q405","DUPLICATE","c34457ac-7a59-4f38-8ebb-b812ac172e2d","PN-CADET-A-Q432","F2B1Q405",""
"INLINE-B5Q406","DUPLICATE","7d613ab6-56e6-40f4-ac4d-68f45720ee7d","PN-CADET-A-Q433","F2B1Q406",""
"INLINE-B5Q407","DUPLICATE","d94546f3-1681-4fdb-a159-074915cc0c7c","PN-CADET-A-Q434","F2B1Q407",""
"INLINE-B5Q408","DUPLICATE","d1cc00a4-91ba-4d85-8ad6-9e903dba96fb","PN-CADET-A-Q435","F2B1Q408",""
"INLINE-B5Q409","DUPLICATE","50d22913-9447-49f8-99db-b5f4e3962c2f","PN-CADET-A-Q436","F2B1Q409",""
"INLINE-B5Q410","DUPLICATE","9f449a0e-5e5d-45d7-a29f-2b817f4f2f0e","PN-CADET-A-Q437","F2B1Q410",""
"INLINE-B5Q411","DUPLICATE","104d8c61-48a8-47f0-8e19-adc954509919","PN-CADET-A-Q438","F2B1Q411",""
"INLINE-B5Q412","DUPLICATE","058beb2d-64d4-4c73-a36c-1ecc5f8434e5","PN-CADET-A-Q439","F2B1Q412",""
"INLINE-B5Q413","DUPLICATE","613b2543-ae09-481c-987f-728541f45cf2","PN-CADET-A-Q440","F2B1Q413",""
"INLINE-B5Q414","DUPLICATE","7e1d6703-ab97-4e5e-b1d6-1e170980b649","PN-CADET-A-Q441","F2B1Q414",""
"INLINE-B5Q415","DUPLICATE","03a23ed0-f6a3-447d-9203-65bdcce67cc8","PN-CADET-A-Q288","F2B1Q415",""
"INLINE-B5Q416","DUPLICATE","a439e63e-e94b-4148-aa15-44c967ee1610","PN-CADET-A-Q442","F2B1Q416",""
"INLINE-B5Q417","UNRESOLVED","","","F2B1Q417","The intended rule, measurement, administrative year or convention is unspecified, so a unique defensible answer cannot be established."
"INLINE-B5Q418","DUPLICATE","c9996dd2-44dd-4b3e-afc7-e359db590a39","PN-CADET-A-Q335","F2B1Q418",""
"INLINE-B5Q419","DUPLICATE","d2e7eda3-679b-4ccb-a9be-bbd148ecaf2f","PN-CADET-A-Q336","F2B1Q419",""
"INLINE-B5Q420","DUPLICATE","ab44db1e-8a95-4871-8704-cac337c304d1","PN-CADET-A-Q337","F2B1Q420",""
"INLINE-B5Q421","DUPLICATE","181bc22d-a483-462d-88d7-55d32679d99a","PN-CADET-A-Q334","F2B1Q421",""
"INLINE-B5Q422","DUPLICATE","5eec9841-28cf-45eb-b4f8-4102418796b7","PN-CADET-A-Q340","F2B1Q422",""
"INLINE-B5Q423","DUPLICATE","c04f66e8-5793-4e8a-a4e1-0c19ad979bfd","PN-CADET-A-Q341","F2B1Q423",""
"INLINE-B5Q424","DUPLICATE","7c5101a6-0c64-4174-a7c3-4e7cb5b5ed07","PN-CADET-A-Q443","F2B1Q424",""
"INLINE-B5Q425","DUPLICATE","8cedc6f9-998c-48ef-895b-996557d1556b","PN-CADET-A-Q444","F2B1Q425",""
"INLINE-B5Q426","DUPLICATE","61b5c09e-b67e-4ce2-9189-f6bce1fa8ca9","PN-CADET-A-Q383","F2B1Q426",""
"INLINE-B5Q427","DUPLICATE","a56ecf85-d977-4a1d-b0e4-a02b3669405f","PN-CADET-A-Q445","F2B1Q427",""
"INLINE-B5Q428","DUPLICATE","b241ef8f-b6da-4d78-a8a7-5506167b06e6","PN-CADET-A-Q80","F2B1Q428",""
"INLINE-B5Q429","DUPLICATE","a837c9d8-efa1-46b3-855d-2f30ca8d6b70","PN-CADET-A-Q79","F2B1Q429",""
"INLINE-B5Q430","DUPLICATE","817705fc-f577-41fe-b995-41304f967403","PN-CADET-A-Q446","F2B1Q430",""
"INLINE-B5Q431","DUPLICATE","d9e1181d-1860-4f33-80e2-8fc1cd07ba57","PN-CADET-A-Q447","F2B1Q431",""
"INLINE-B5Q432","DUPLICATE","64fc5e26-7181-44a2-b1fb-67603f6b9eec","PN-CADET-A-Q448","F2B1Q432",""
"INLINE-B5Q433","DUPLICATE","04de2277-5353-4d23-a4ce-63727f90f399","PN-CADET-A-Q449","F2B1Q433",""
"INLINE-B5Q434","DUPLICATE","f704fb48-fa80-4ef1-b04a-7e4f1a330b1d","PN-CADET-A-Q90","F2B1Q434",""
"INLINE-B5Q435","DUPLICATE","80448259-e069-4ab7-b26b-c884d9c6d5d5","PN-CADET-A-Q450","F2B1Q435",""
"INLINE-B5Q436","DUPLICATE","4a56356a-860e-48d4-b09b-25ca80ed1f3a","PN-CADET-A-Q451","F2B1Q436",""
"INLINE-B5Q437","DUPLICATE","7fae65e5-1fd6-4518-8423-0eb2f821e65e","PN-CADET-A-Q452","F2B1Q437",""
"INLINE-B6Q351","UNRESOLVED","","","F2B1Q351","The odd-one-out criterion is unspecified or inconsistent, so the supplied key is not uniquely defensible."
"INLINE-B6Q352","DUPLICATE","7673cba5-88b2-421d-94c8-57bfd7d3f500","PN-CADET-A-Q401","F2B1Q352",""
"INLINE-B6Q353","DUPLICATE","cf72f106-f550-40da-99b6-f8f12af23a03","PN-CADET-A-Q402","F2B1Q353",""
"INLINE-B6Q354","DUPLICATE","cc2004d4-26ba-4132-89e3-3bc5920c3da2","PN-CADET-A-Q403","F2B1Q354",""
"INLINE-B6Q355","DUPLICATE","7e59c177-fdee-4cd2-97b9-cac3e8b5e3f0","PN-CADET-A-Q404","F2B1Q355",""
"INLINE-B6Q356","DUPLICATE","89683ae1-1d9c-4536-9950-e6a95955f814","PN-CADET-A-Q405","F2B1Q356",""
"INLINE-B6Q357","UNRESOLVED","","","F2B1Q357","The intended rule, measurement, administrative year or convention is unspecified, so a unique defensible answer cannot be established."
"INLINE-B6Q358","DUPLICATE","355aa805-e8d8-4a5e-98c4-6b2c17ddb1a1","PN-CADET-A-Q406","F2B1Q358",""
"INLINE-B6Q359","DUPLICATE","feca5e00-3cf0-4d62-90ec-68fdea733dda","PN-CADET-A-Q407","F2B1Q359",""
"INLINE-B6Q360","DUPLICATE","cf9ffcf1-7302-4a07-a0d9-379f5513a812","PN-CADET-A-Q408","F2B1Q360",""
"INLINE-B6Q361","DUPLICATE","2e73ca54-bba6-45b9-995b-1a474c494072","PN-CADET-A-Q409","F2B1Q361",""
"INLINE-B6Q362","DUPLICATE","3e40031b-59d6-46ae-b606-deb5262e816e","PN-CADET-A-Q198","F2B1Q362",""
"INLINE-B6Q363","DUPLICATE","3a7ad30e-1187-4c54-b9e3-7ac862eea054","PN-CADET-A-Q410","F2B1Q363",""
"INLINE-B6Q364","UNRESOLVED","","","F2B1Q364","The analogy does not define a consistent relationship with exactly one listed answer."
"INLINE-B6Q365","DUPLICATE","c571be55-d592-4586-9a3f-6eb228766d8e","PN-CADET-A-Q233","F2B1Q365",""
"INLINE-B6Q366","DUPLICATE","d1a87e25-722a-4f4c-b8c8-c25d6cf525a7","PN-CADET-A-Q411","F2B1Q366",""
"INLINE-B6Q367","DUPLICATE","62eeb7ad-47bd-4e1e-86bc-da84d2bba894","PN-CADET-A-Q349","F2B1Q367",""
"INLINE-B6Q368","UNRESOLVED","","","F2B1Q368","The odd-one-out criterion is unspecified or inconsistent, so the supplied key is not uniquely defensible."
"INLINE-B6Q369","DUPLICATE","57931ec6-b147-47e8-aa47-6096e4c1a917","PN-CADET-A-Q743","F2B1Q369",""
"INLINE-B6Q370","UNRESOLVED","","","F2B1Q370","The odd-one-out criterion is unspecified or inconsistent, so the supplied key is not uniquely defensible."
"INLINE-B6Q371","UNRESOLVED","","","F2B1Q371","The source contains replacement characters where essential formulas, expressions or options should be; the original data cannot be recovered."
"INLINE-B6Q372","UNRESOLVED","","","F2B1Q372","The source contains replacement characters where essential formulas, expressions or options should be; the original data cannot be recovered."
"INLINE-B6Q373","UNRESOLVED","","","F2B1Q373","The source contains replacement characters where essential formulas, expressions or options should be; the original data cannot be recovered."
"INLINE-B6Q374","UNRESOLVED","","","F2B1Q374","The source contains replacement characters where essential formulas, expressions or options should be; the original data cannot be recovered."
"INLINE-B6Q375","DUPLICATE","269a2e16-3963-4cfa-ac61-42e85e9584d2","PN-CADET-A-Q412","F2B1Q375",""
"INLINE-B6Q376","UNRESOLVED","","","F2B1Q376","The source contains replacement characters where essential formulas, expressions or options should be; the original data cannot be recovered."
"INLINE-B6Q377","UNRESOLVED","","","F2B1Q377","The source contains replacement characters where essential formulas, expressions or options should be; the original data cannot be recovered."
"INLINE-B6Q378","UNRESOLVED","","","F2B1Q378","The source contains replacement characters where essential formulas, expressions or options should be; the original data cannot be recovered."
"INLINE-B6Q379","DUPLICATE","43693f40-5783-43c4-845c-2ee8b4b5a99e","PN-CADET-A-Q413","F2B1Q379",""
"INLINE-B6Q380","DUPLICATE","d7dacd7b-66b1-4a1e-9738-efa2ce88d60f","PN-CADET-A-Q414","F2B1Q380",""
"INLINE-B6Q381","DUPLICATE","d83ac32e-9c4e-4615-bed8-f18d07cd02b5","PN-CADET-A-Q317","F2B1Q381",""
"INLINE-B6Q382","DUPLICATE","9388923f-7d8a-44f1-9e1b-6b4a56a7adb8","PN-CADET-A-Q302","F2B1Q382",""
"INLINE-B6Q383","DUPLICATE","c01fb480-2fc2-4bbb-b554-a8c37af23180","PN-CADET-A-Q415","F2B1Q383",""
"INLINE-B6Q384","UNRESOLVED","","","F2B1Q384","The source contains replacement characters where essential formulas, expressions or options should be; the original data cannot be recovered."
"INLINE-B6Q385","UNRESOLVED","","","F2B1Q385","The source contains replacement characters where essential formulas, expressions or options should be; the original data cannot be recovered."
"INLINE-B6Q386","DUPLICATE","aac2cbfa-bee7-47e0-a4c6-95d2aa2f2c8f","PN-CADET-A-Q242","F2B1Q386",""
"INLINE-B6Q387","DUPLICATE","dd34b5b6-d4b4-48fd-91a5-23b406fce721","PN-CADET-A-Q416","F2B1Q387",""
"INLINE-B6Q388","DUPLICATE","14fd5c01-9e46-4e9a-94b5-967d9dc297a2","PN-CADET-A-Q417","F2B1Q388",""
"INLINE-B6Q389","DUPLICATE","99e71e56-110c-4a1c-8bee-e4ae8cb62272","PN-CADET-A-Q418","F2B1Q389",""
"INLINE-B6Q390","DUPLICATE","fc29d3e2-341f-457a-af55-77aa99625cc3","PN-CADET-A-Q419","F2B1Q390",""
"INLINE-B6Q391","DUPLICATE","2e089b3d-598e-4717-a94e-8987dd5b01a9","PN-CADET-A-Q420","F2B1Q391",""
"INLINE-B6Q392","DUPLICATE","7ad85d6e-495d-4d4a-af79-043460a2373f","PN-CADET-A-Q421","F2B1Q392",""
"INLINE-B6Q393","DUPLICATE","a8dece06-f603-4eb8-b72f-bbde9fa7e7ed","PN-CADET-A-Q422","F2B1Q393",""
"INLINE-B6Q394","DUPLICATE","5accab5a-1141-4442-a8ff-af403953837b","PN-CADET-A-Q376","F2B1Q394",""
"INLINE-B6Q395","DUPLICATE","e75a796f-5f06-4f53-ac4e-e409aaaf99c8","PN-CADET-A-Q423","F2B1Q395",""
"INLINE-B6Q396","DUPLICATE","7d9d8111-4e79-40e4-9958-c4e806e86765","PN-CADET-A-Q424","F2B1Q396",""
"INLINE-B6Q397","DUPLICATE","f7257dbb-0ea6-4cd6-b29c-2d7bc28d1eb3","PN-CADET-A-Q425","F2B1Q397",""
"INLINE-B6Q398","DUPLICATE","a48a1267-9d81-4995-a3dd-03eaead6e37e","PN-CADET-A-Q426","F2B1Q398",""
"INLINE-B6Q399","DUPLICATE","391fab96-3d5a-4922-aa1f-41bb06b5384e","PN-CADET-A-Q427","F2B1Q399",""
"INLINE-B6Q400","DUPLICATE","fd394a80-9123-4705-b50b-11a3dfbb3739","PN-CADET-A-Q428","F2B1Q400",""
"INLINE-B6Q401","DUPLICATE","54971588-c028-4595-9779-d6f5e2b89598","PN-CADET-A-Q429","F2B1Q401",""
"INLINE-B6Q402","UNRESOLVED","","","F2B1Q402","The ordinal and supplied key conflict with the official presidency record; no supported 15th-President interpretation is supplied."
"INLINE-B6Q403","DUPLICATE","471553a1-9816-4fbf-b76e-73449a695b6d","PN-CADET-A-Q430","F2B1Q403",""
"INLINE-B6Q404","DUPLICATE","cdd16849-43cc-4435-b348-48da0df1082c","PN-CADET-A-Q431","F2B1Q404",""
"INLINE-B6Q405","DUPLICATE","c34457ac-7a59-4f38-8ebb-b812ac172e2d","PN-CADET-A-Q432","F2B1Q405",""
"INLINE-B6Q406","DUPLICATE","7d613ab6-56e6-40f4-ac4d-68f45720ee7d","PN-CADET-A-Q433","F2B1Q406",""
"INLINE-B6Q407","DUPLICATE","d94546f3-1681-4fdb-a159-074915cc0c7c","PN-CADET-A-Q434","F2B1Q407",""
"INLINE-B6Q408","DUPLICATE","d1cc00a4-91ba-4d85-8ad6-9e903dba96fb","PN-CADET-A-Q435","F2B1Q408",""
"INLINE-B6Q409","DUPLICATE","50d22913-9447-49f8-99db-b5f4e3962c2f","PN-CADET-A-Q436","F2B1Q409",""
"INLINE-B6Q410","DUPLICATE","9f449a0e-5e5d-45d7-a29f-2b817f4f2f0e","PN-CADET-A-Q437","F2B1Q410",""
"INLINE-B6Q411","DUPLICATE","104d8c61-48a8-47f0-8e19-adc954509919","PN-CADET-A-Q438","F2B1Q411",""
"INLINE-B6Q412","DUPLICATE","058beb2d-64d4-4c73-a36c-1ecc5f8434e5","PN-CADET-A-Q439","F2B1Q412",""
"INLINE-B6Q413","DUPLICATE","613b2543-ae09-481c-987f-728541f45cf2","PN-CADET-A-Q440","F2B1Q413",""
"INLINE-B6Q414","DUPLICATE","7e1d6703-ab97-4e5e-b1d6-1e170980b649","PN-CADET-A-Q441","F2B1Q414",""
"INLINE-B6Q415","DUPLICATE","03a23ed0-f6a3-447d-9203-65bdcce67cc8","PN-CADET-A-Q288","F2B1Q415",""
"INLINE-B6Q416","DUPLICATE","a439e63e-e94b-4148-aa15-44c967ee1610","PN-CADET-A-Q442","F2B1Q416",""
"INLINE-B6Q417","UNRESOLVED","","","F2B1Q417","The intended rule, measurement, administrative year or convention is unspecified, so a unique defensible answer cannot be established."
"INLINE-B6Q418","DUPLICATE","c9996dd2-44dd-4b3e-afc7-e359db590a39","PN-CADET-A-Q335","F2B1Q418",""
"INLINE-B6Q419","DUPLICATE","d2e7eda3-679b-4ccb-a9be-bbd148ecaf2f","PN-CADET-A-Q336","F2B1Q419",""
"INLINE-B6Q420","DUPLICATE","ab44db1e-8a95-4871-8704-cac337c304d1","PN-CADET-A-Q337","F2B1Q420",""
"INLINE-B6Q421","DUPLICATE","181bc22d-a483-462d-88d7-55d32679d99a","PN-CADET-A-Q334","F2B1Q421",""
"INLINE-B6Q422","DUPLICATE","5eec9841-28cf-45eb-b4f8-4102418796b7","PN-CADET-A-Q340","F2B1Q422",""
"INLINE-B6Q423","DUPLICATE","c04f66e8-5793-4e8a-a4e1-0c19ad979bfd","PN-CADET-A-Q341","F2B1Q423",""
"INLINE-B6Q424","DUPLICATE","7c5101a6-0c64-4174-a7c3-4e7cb5b5ed07","PN-CADET-A-Q443","F2B1Q424",""
"INLINE-B6Q425","DUPLICATE","8cedc6f9-998c-48ef-895b-996557d1556b","PN-CADET-A-Q444","F2B1Q425",""
"INLINE-B6Q426","DUPLICATE","61b5c09e-b67e-4ce2-9189-f6bce1fa8ca9","PN-CADET-A-Q383","F2B1Q426",""
"INLINE-B6Q427","DUPLICATE","a56ecf85-d977-4a1d-b0e4-a02b3669405f","PN-CADET-A-Q445","F2B1Q427",""
"INLINE-B6Q428","DUPLICATE","b241ef8f-b6da-4d78-a8a7-5506167b06e6","PN-CADET-A-Q80","F2B1Q428",""
"INLINE-B6Q429","DUPLICATE","a837c9d8-efa1-46b3-855d-2f30ca8d6b70","PN-CADET-A-Q79","F2B1Q429",""
"INLINE-B6Q430","DUPLICATE","817705fc-f577-41fe-b995-41304f967403","PN-CADET-A-Q446","F2B1Q430",""
"INLINE-B6Q431","DUPLICATE","d9e1181d-1860-4f33-80e2-8fc1cd07ba57","PN-CADET-A-Q447","F2B1Q431",""
"INLINE-B6Q432","DUPLICATE","64fc5e26-7181-44a2-b1fb-67603f6b9eec","PN-CADET-A-Q448","F2B1Q432",""
"INLINE-B6Q433","DUPLICATE","04de2277-5353-4d23-a4ce-63727f90f399","PN-CADET-A-Q449","F2B1Q433",""
"INLINE-B6Q434","DUPLICATE","f704fb48-fa80-4ef1-b04a-7e4f1a330b1d","PN-CADET-A-Q90","F2B1Q434",""
"INLINE-B6Q435","DUPLICATE","80448259-e069-4ab7-b26b-c884d9c6d5d5","PN-CADET-A-Q450","F2B1Q435",""
"INLINE-B6Q436","DUPLICATE","4a56356a-860e-48d4-b09b-25ca80ed1f3a","PN-CADET-A-Q451","F2B1Q436",""
"INLINE-B6Q437","DUPLICATE","7fae65e5-1fd6-4518-8423-0eb2f821e65e","PN-CADET-A-Q452","F2B1Q437",""
"INLINE-B7Q191","DUPLICATE","9388923f-7d8a-44f1-9e1b-6b4a56a7adb8","PN-CADET-A-Q302","F2B1Q191",""
"INLINE-B7Q192","DUPLICATE","1f163e1a-83d8-40c8-b200-c2239601caeb","PN-CADET-A-Q190","F2B1Q192",""
"INLINE-B7Q193","DUPLICATE","a837c9d8-efa1-46b3-855d-2f30ca8d6b70","PN-CADET-A-Q79","F2B1Q193",""
"INLINE-B7Q194","DUPLICATE","bf86538e-8158-4a59-b714-d565a3326fc6","PN-CADET-A-Q192","F2B1Q194",""
"INLINE-B7Q195","DUPLICATE","e6c49d07-b7ec-494d-9447-92b11ba168e6","PN-CADET-A-Q303","F2B1Q195",""
"INLINE-B7Q196","DUPLICATE","0e2cc009-303e-47a8-b163-a422e6151c46","PN-CADET-A-Q304","F2B1Q196",""
"INLINE-B7Q197","DUPLICATE","aa62fe77-5a96-46af-98c6-7656ee9f8d40","PN-CADET-A-Q196","F2B1Q197",""
"INLINE-B7Q198","DUPLICATE","d4b45565-f1f2-413e-b5bb-105100c06cb3","PN-CADET-A-Q305","F2B1Q198",""
"INLINE-B7Q199","DUPLICATE","bda328a1-2a71-4b03-bb8d-e3f762ab2b21","PN-CADET-A-Q306","F2B1Q199",""
"INLINE-B7Q200","DUPLICATE","efad3e97-b1f3-42f4-a14a-2108970a6c6a","PN-CADET-A-Q307","F2B1Q200",""
"INLINE-B7Q201","DUPLICATE","0bb4802d-78ec-4727-9e6a-b0969aaf535d","PN-CADET-A-Q308","F2B1Q201",""
"INLINE-B7Q202","DUPLICATE","c2791d77-dba9-4b54-a2ca-757e9f949340","PN-CADET-A-Q309","F2B1Q202",""
"INLINE-B7Q203","DUPLICATE","f14bd930-07b2-43c1-9792-043f54b11f34","PN-CADET-A-Q270","F2B1Q203",""
"INLINE-B7Q204","DUPLICATE","a02a23c6-c738-4604-aa63-0ef00320c69b","PN-CADET-A-Q310","F2B1Q204",""
"INLINE-B7Q205","DUPLICATE","0c6a5a83-b222-44d5-98f4-fb62caabf8e8","PN-CADET-A-Q311","F2B1Q205",""
"INLINE-B7Q206","UNRESOLVED","","","F2B1Q206","The source contains replacement characters where essential formulas, expressions or options should be; the original data cannot be recovered."
"INLINE-B7Q207","UNRESOLVED","","","F2B1Q207","The source contains replacement characters where essential formulas, expressions or options should be; the original data cannot be recovered."
"INLINE-B7Q208","DUPLICATE","9ae63e93-1968-480d-88fd-fba0b535c81a","PN-CADET-A-Q81","F2B1Q208",""
"INLINE-B7Q209","DUPLICATE","b0cfff31-5cad-41a7-91da-6a9fe326c7b3","PN-CADET-A-Q241","F2B1Q209",""
"INLINE-B7Q210","DUPLICATE","14127078-6402-4a1c-b288-c76d98362e5c","PN-CADET-A-Q312","F2B1Q210",""
"INLINE-B7Q211","DUPLICATE","d4c53b9c-b5f9-42d5-bab9-116ca16551e7","PN-CADET-A-Q265","F2B1Q211",""
"INLINE-B7Q212","DUPLICATE","a9f64fb1-b46e-4a1a-87dd-a6bc80187f5e","PN-CADET-A-Q269","F2B1Q212",""
"INLINE-B7Q213","DUPLICATE","9c88d600-99a5-43c4-97b7-16177f462e84","PN-CADET-A-Q268","F2B1Q213",""
"INLINE-B7Q214","DUPLICATE","3ae8e5d4-4505-4dfb-b662-afbe920b49ee","PN-CADET-A-Q313","F2B1Q214",""
"INLINE-B7Q215","DUPLICATE","aac2cbfa-bee7-47e0-a4c6-95d2aa2f2c8f","PN-CADET-A-Q242","F2B1Q215",""
"INLINE-B7Q216","DUPLICATE","b77b5447-79cf-46bb-9c25-2cddadb296b2","PN-CADET-A-Q314","F2B1Q216",""
"INLINE-B7Q217","UNRESOLVED","","","F2B1Q217","The source contains replacement characters where essential formulas, expressions or options should be; the original data cannot be recovered."
"INLINE-B7Q218","DUPLICATE","e573bae0-25c6-47e4-9033-70ed4a3fbd5d","PN-CADET-A-Q261","F2B1Q218",""
"INLINE-B7Q219","DUPLICATE","32cceed7-7c49-414c-be80-1a70f6eb7cac","PN-CADET-A-Q315","F2B1Q219",""
"INLINE-B7Q220","DUPLICATE","b1c67cd1-90c5-426d-b581-250401ff74be","PN-CADET-A-Q294","F2B1Q220",""
"INLINE-B7Q221","UNRESOLVED","","","F2B1Q221","The source contains replacement characters where essential formulas, expressions or options should be; the original data cannot be recovered."
"INLINE-B7Q222","UNRESOLVED","","","F2B1Q222","The source contains replacement characters where essential formulas, expressions or options should be; the original data cannot be recovered."
"INLINE-B7Q223","DUPLICATE","b21f6fcd-65b0-44ac-a42e-e677f2732d8f","PN-CADET-A-Q742","F2B1Q223",""
"INLINE-B7Q224","UNRESOLVED","","","F2B1Q224","The source contains replacement characters where essential formulas, expressions or options should be; the original data cannot be recovered."
"INLINE-B7Q225","UNRESOLVED","","","F2B1Q225","The source contains replacement characters where essential formulas, expressions or options should be; the original data cannot be recovered."
"INLINE-B7Q226","UNRESOLVED","","","F2B1Q226","The source contains replacement characters where essential formulas, expressions or options should be; the original data cannot be recovered."
"INLINE-B7Q227","UNRESOLVED","","","F2B1Q227","The source contains replacement characters where essential formulas, expressions or options should be; the original data cannot be recovered."
"INLINE-B7Q228","UNRESOLVED","","","F2B1Q228","The source contains replacement characters where essential formulas, expressions or options should be; the original data cannot be recovered."
"INLINE-B7Q229","UNRESOLVED","","","F2B1Q229","The source contains replacement characters where essential formulas, expressions or options should be; the original data cannot be recovered."
"INLINE-B7Q230","UNRESOLVED","","","F2B1Q230","The source contains replacement characters where essential formulas, expressions or options should be; the original data cannot be recovered."
"INLINE-B7Q231","UNRESOLVED","","","F2B1Q231","The source contains replacement characters where essential formulas, expressions or options should be; the original data cannot be recovered."
"INLINE-B7Q232","DUPLICATE","8bc6935c-b8d5-4bd6-8579-13f5e4cbcbaa","PN-CADET-A-Q316","F2B1Q232",""
"INLINE-B7Q233","DUPLICATE","d83ac32e-9c4e-4615-bed8-f18d07cd02b5","PN-CADET-A-Q317","F2B1Q233",""
"INLINE-B7Q234","DUPLICATE","1b63b9da-6b1c-4fa8-ba86-abf7235bcd32","PN-CADET-A-Q318","F2B1Q234",""
"INLINE-B7Q235","DUPLICATE","2641db00-2701-4795-b389-16c21df00758","PN-CADET-A-Q319","F2B1Q235",""
"INLINE-B7Q236","DUPLICATE","94d99fc6-4ee5-45b8-a43f-0502fc3b6e1d","PN-CADET-A-Q320","F2B1Q236",""
"INLINE-B7Q237","DUPLICATE","5a072740-9401-4598-b7a0-2a0c897387f7","PN-CADET-A-Q321","F2B1Q237",""
"INLINE-B7Q238","DUPLICATE","b357c5b4-5077-48a8-90c0-001357118f3c","PN-CADET-A-Q322","F2B1Q238",""
"INLINE-B7Q239","DUPLICATE","b16e51f0-c54b-43f4-8c70-544263c883f0","PN-CADET-A-Q248","F2B1Q239",""
"INLINE-B7Q240","DUPLICATE","39cc1463-f769-44e2-899a-eb1e6851f98a","PN-CADET-A-Q323","F2B1Q240",""
"INLINE-B7Q241","DUPLICATE","47c94c3e-668f-41f2-8549-f0b446517f27","PN-CADET-A-Q324","F2B1Q241",""
"INLINE-B7Q242","DUPLICATE","929a1fce-bf71-45b8-a8ae-100f42958c03","PN-CADET-A-Q325","F2B1Q242",""
"INLINE-B7Q243","DUPLICATE","acf53f4c-f177-44e3-a6ca-0786defe01d2","PN-CADET-A-Q273","F2B1Q243",""
"INLINE-B7Q244","DUPLICATE","a4e27112-619c-4e4b-9d2b-633c54d1cdad","PN-CADET-A-Q326","F2B1Q244",""
"INLINE-B7Q245","DUPLICATE","30122d61-9268-4078-ab5e-c7f58e35af17","PN-CADET-A-Q239","F2B1Q245",""
"INLINE-B7Q246","DUPLICATE","b6f2fb97-d40e-4774-9d06-71968dc29aa5","PN-CADET-A-Q327","F2B1Q246",""
"INLINE-B7Q247","DUPLICATE","9fd16586-856d-487c-8ac5-2ba95a964c14","PN-CADET-A-Q328","F2B1Q247",""
"INLINE-B7Q248","DUPLICATE","704824b6-f256-422f-a215-0a33335bd965","PN-CADET-A-Q329","F2B1Q248",""
"INLINE-B7Q249","DUPLICATE","5bf83793-bab6-440c-8e8c-e4c36d969470","PN-CADET-A-Q330","F2B1Q249",""
"INLINE-B7Q250","DUPLICATE","e7000762-4894-4631-8119-69df388fa351","PN-CADET-A-Q331","F2B1Q250",""
"INLINE-B7Q251","DUPLICATE","8dc4aba6-dd9a-4b11-acbf-b70e07171ef8","PN-CADET-A-Q332","F2B1Q251",""
"INLINE-B7Q252","DUPLICATE","74a3d53c-41d7-4cff-926b-c37510c5e5e5","PN-CADET-A-Q283","F2B1Q252",""
"INLINE-B7Q253","DUPLICATE","06434265-5eb9-4eca-b14f-b71383089dfc","PN-CADET-A-Q284","F2B1Q253",""
"INLINE-B7Q254","DUPLICATE","14a4f116-2a2b-4a3b-bd12-ff51453a2841","PN-CADET-A-Q333","F2B1Q254",""
"INLINE-B7Q255","DUPLICATE","1adb27df-8eee-412f-aade-dd53d378a3ac","PN-CADET-A-Q207","F2B1Q255",""
"INLINE-B7Q256","DUPLICATE","7f267e6e-c183-4f56-bbf7-144af702a76a","PN-CADET-A-Q289","F2B1Q256",""
"INLINE-B7Q257","DUPLICATE","181bc22d-a483-462d-88d7-55d32679d99a","PN-CADET-A-Q334","F2B1Q257",""
"INLINE-B7Q258","DUPLICATE","c9996dd2-44dd-4b3e-afc7-e359db590a39","PN-CADET-A-Q335","F2B1Q258",""
"INLINE-B7Q259","DUPLICATE","d2e7eda3-679b-4ccb-a9be-bbd148ecaf2f","PN-CADET-A-Q336","F2B1Q259",""
"INLINE-B7Q260","DUPLICATE","ab44db1e-8a95-4871-8704-cac337c304d1","PN-CADET-A-Q337","F2B1Q260",""
"INLINE-B7Q261","DUPLICATE","2ebc7fe7-36c6-45eb-bdb4-144037fc2a8b","PN-CADET-A-Q338","F2B1Q261",""
"INLINE-B7Q262","DUPLICATE","0ecf1849-90ad-4885-a56e-845f73471c4d","PN-CADET-A-Q339","F2B1Q262",""
"INLINE-B7Q263","DUPLICATE","5eec9841-28cf-45eb-b4f8-4102418796b7","PN-CADET-A-Q340","F2B1Q263",""
"INLINE-B7Q264","DUPLICATE","c04f66e8-5793-4e8a-a4e1-0c19ad979bfd","PN-CADET-A-Q341","F2B1Q264",""
"INLINE-B7Q265","DUPLICATE","00141671-4228-444f-bdf9-9aaf41b8cf94","PN-CADET-A-Q342","F2B1Q265",""
"INLINE-B7Q266","DUPLICATE","a2aab6df-2857-4a8a-9e7e-4870d7404e96","PN-CADET-A-Q343","F2B1Q266",""
"INLINE-B7Q267","DUPLICATE","7615160a-5293-4f81-8bab-0be335d73cba","PN-CADET-A-Q277","F2B1Q267",""
"INLINE-B7Q268","DUPLICATE","8b6bd7a6-fe2a-4fe9-8f14-c2a9f4b6eb3a","PN-CADET-A-Q278","F2B1Q268",""
"INLINE-B7Q269","DUPLICATE","fed3dec9-8d98-4280-a83c-6dc5a1852456","PN-CADET-A-Q344","F2B1Q269",""
"INLINE-B7Q270","DUPLICATE","ccff4b07-db31-4d0e-9e44-66d3746a78ff","PN-CADET-A-Q345","F2B1Q270",""
"INLINE-B7Q271","DUPLICATE","3e40031b-59d6-46ae-b606-deb5262e816e","PN-CADET-A-Q198","F2B1Q271",""
"INLINE-B7Q272","DUPLICATE","e7ff7dbc-d550-445f-8e84-82201ec2f914","PN-CADET-A-Q263","F2B1Q272",""
"INLINE-B7Q273","DUPLICATE","bc012481-cea4-4509-9f78-93eab943a4dc","PN-CADET-A-Q264","F2B1Q273",""
"INLINE-B7Q274","DUPLICATE","1f795adb-fe7e-4b09-a172-7005ee999e9d","PN-CADET-A-Q296","F2B1Q274",""
"INLINE-B7Q275","DUPLICATE","5ada6133-cd5c-4841-b05b-8a7fe4529628","PN-CADET-A-Q295","F2B1Q275",""
"INLINE-B7Q276","DUPLICATE","7b5e5495-9348-4f42-a363-d6c36a907711","PN-CADET-A-Q346","F2B1Q276",""
"INLINE-B7Q277","DUPLICATE","9d53ede0-0274-4d08-8308-ce9d1b5fd067","PN-CADET-A-Q216","F2B1Q277",""
"INLINE-B7Q278","DUPLICATE","315de749-a5c8-433c-99a3-bb6f28135be6","PN-CADET-A-Q300","F2B1Q278",""
"INLINE-B7Q279","DUPLICATE","fbcd5ae1-498e-4da8-87d5-a470184737e1","PN-CADET-A-Q741","F2B1Q279",""
"INLINE-B7Q280","UNRESOLVED","","","F2B1Q280","The odd-one-out criterion is unspecified or inconsistent, so the supplied key is not uniquely defensible."
"INLINE-B7Q281","DUPLICATE","9218556c-ce02-4b28-bc88-16840b979314","PN-CADET-A-Q301","F2B1Q281",""
"INLINE-B7Q282","DUPLICATE","75430c54-5623-4b9a-bd32-e1b2eaffc2ce","PN-CADET-A-Q347","F2B1Q282",""
"INLINE-B7Q283","DUPLICATE","3f4c93e8-2395-43dc-a2a0-62e19ed7ca77","PN-CADET-A-Q348","F2B1Q283",""
"INLINE-B7Q284","DUPLICATE","62eeb7ad-47bd-4e1e-86bc-da84d2bba894","PN-CADET-A-Q349","F2B1Q284",""
"INLINE-B7Q285","UNRESOLVED","","","F2B1Q285","The odd-one-out criterion is unspecified or inconsistent, so the supplied key is not uniquely defensible."
"INLINE-B7Q286","DUPLICATE","821c140f-2525-4440-9cf2-66545c509914","PN-CADET-A-Q10","F2B1Q286",""
"INLINE-B7Q287","DUPLICATE","d7ec60b9-bd7a-4b93-8d34-daffa796599c","PN-CADET-A-Q350","F2B1Q287",""
"INLINE-B7Q288","DUPLICATE","cf44a036-8317-49d7-a288-e18f89a96a56","PN-CADET-A-Q217","F2B1Q288",""
"INLINE-B7Q289","DUPLICATE","c50b1189-daf6-4d46-90f1-60b1c5bad83e","PN-CADET-A-Q351","F2B1Q289",""
"INLINE-B7Q290","DUPLICATE","099b694f-60a4-464e-98d3-d7b54c4b6f79","PN-CADET-A-Q352","F2B1Q290",""
"INLINE-B7Q291","DUPLICATE","20e5b16e-2e73-4370-8a13-5095e743fec8","PN-CADET-A-Q353","F2B1Q291",""
"INLINE-B7Q292","DUPLICATE","b51698dc-43ec-4bec-9f0d-3e6ddbacf303","PN-CADET-A-Q354","F2B1Q292",""
"INLINE-B7Q293","DUPLICATE","2df43e67-4267-49c9-969b-a5bfcbbf5904","PN-CADET-A-Q355","F2B1Q293",""
"INLINE-B7Q294","DUPLICATE","bf787d93-bdfc-40e6-b325-80207fccc441","PN-CADET-A-Q285","F2B1Q294",""
"INLINE-B7Q295","DUPLICATE","dc5b42f1-92bb-46c0-bcf5-919f74837359","PN-CADET-A-Q356","F2B1Q295",""
"INLINE-B7Q296","DUPLICATE","298b8319-64a6-4e13-944e-c2a3cef50a0c","PN-CADET-A-Q357","F2B1Q296",""
"INLINE-B7Q297","DUPLICATE","66339486-c71a-447f-ace1-7b199df746a6","PN-CADET-A-Q358","F2B1Q297",""
"INLINE-B7Q298","DUPLICATE","17b55400-be0d-43dd-9228-de9af2e157f7","PN-CADET-A-Q215","F2B1Q298",""
"INLINE-B7Q299","DUPLICATE","6a0ff7b1-47b6-49e1-bffa-42756f287edc","PN-CADET-A-Q359","F2B1Q299",""
"INLINE-B7Q300","UNRESOLVED","","","F2B1Q300","The intended rule, measurement, administrative year or convention is unspecified, so a unique defensible answer cannot be established."
"INLINE-B7Q301","DUPLICATE","b33acae4-f041-441f-9767-707eace1b194","PN-CADET-A-Q360","F2B1Q301",""
"INLINE-B7Q302","DUPLICATE","8712e692-4502-4656-a0bf-e9c7f7aafc47","PN-CADET-A-Q361","F2B1Q302",""
"INLINE-B7Q303","DUPLICATE","70aaa0b3-114e-4188-b470-beb5bd7d0061","PN-CADET-A-Q218","F2B1Q303",""
"INLINE-B7Q304","DUPLICATE","0ad8d0d3-99dd-4b06-aae4-9ba03d4de86c","PN-CADET-A-Q362","F2B1Q304",""
"INLINE-B7Q305","DUPLICATE","baac59e2-8633-4b11-be15-40792418a261","PN-CADET-A-Q363","F2B1Q305",""
"INLINE-B7Q306","DUPLICATE","044499c3-ef14-4d87-a0a0-b5645e01a4c4","PN-CADET-A-Q364","F2B1Q306",""
"INLINE-B7Q307","DUPLICATE","a5c9697a-014a-4ac8-be18-06d48299e280","PN-CADET-A-Q365","F2B1Q307",""
"INLINE-B7Q308","DUPLICATE","529d0ac6-401f-4860-bc4a-1778c370c419","PN-CADET-A-Q366","F2B1Q308",""
"INLINE-B7Q309","DUPLICATE","8e9602b6-2f13-4c07-9c2c-8f722dfe4d62","PN-CADET-A-Q367","F2B1Q309",""
"INLINE-B7Q310","DUPLICATE","a010be20-9ae5-49ab-9561-3df41eb64dd6","PN-CADET-A-Q290","F2B1Q310",""
"INLINE-B7Q311","DUPLICATE","31d48d37-f8e2-4d72-8d59-40bc7ec3220e","PN-CADET-A-Q368","F2B1Q311",""
"INLINE-B7Q312","DUPLICATE","e7649155-bce2-4c95-b767-8ec11668aac2","PN-CADET-A-Q1","F2B1Q312",""
"INLINE-B7Q313","DUPLICATE","f2c36b0e-bd54-4c4a-8714-c04afe471e2c","PN-CADET-A-Q369","F2B1Q313",""
"INLINE-B7Q314","DUPLICATE","002cb5e8-1122-4ad8-98d0-15553dda8bd4","PN-CADET-A-Q235","F2B1Q314",""
"INLINE-B7Q315","DUPLICATE","a837c9d8-efa1-46b3-855d-2f30ca8d6b70","PN-CADET-A-Q79","F2B1Q315",""
"INLINE-B7Q316","DUPLICATE","14f08589-360f-41d9-a126-4e1e557e3646","PN-CADET-A-Q370","F2B1Q316",""
"INLINE-B7Q317","DUPLICATE","d35484be-4579-4d06-8615-a6de2c9f89fd","PN-CADET-A-Q371","F2B1Q317",""
"INLINE-B7Q318","DUPLICATE","2a0abb96-4c5e-484c-b692-2f38f44e997d","PN-CADET-A-Q372","F2B1Q318",""
"INLINE-B7Q319","DUPLICATE","666fa970-9636-4aea-a6b1-ee9e051e7edd","PN-CADET-A-Q281","F2B1Q319",""
"INLINE-B7Q320","DUPLICATE","f0b114a5-3658-45e1-9569-8acf44d3face","PN-CADET-A-Q373","F2B1Q320",""
"INLINE-B7Q321","DUPLICATE","8879c5ed-265a-453f-acb7-06d0dcdfcd23","PN-CADET-A-Q374","F2B1Q321",""
"INLINE-B7Q322","DUPLICATE","bdcc1985-6aa0-4369-a5f4-8a50af75327d","PN-CADET-A-Q375","F2B1Q322",""
"INLINE-B7Q323","DUPLICATE","b241ef8f-b6da-4d78-a8a7-5506167b06e6","PN-CADET-A-Q80","F2B1Q323",""
"INLINE-B7Q324","DUPLICATE","5accab5a-1141-4442-a8ff-af403953837b","PN-CADET-A-Q376","F2B1Q324",""
"INLINE-B7Q325","DUPLICATE","4fe4f905-d079-4305-95d9-1b978c5fcfb6","PN-CADET-A-Q377","F2B1Q325",""
"INLINE-B7Q326","DUPLICATE","635ca0bc-62a0-433c-9f40-df1701d2685c","PN-CADET-A-Q378","F2B1Q326",""
"INLINE-B7Q327","DUPLICATE","03a23ed0-f6a3-447d-9203-65bdcce67cc8","PN-CADET-A-Q288","F2B1Q327",""
"INLINE-B7Q328","DUPLICATE","3b1d9b26-649d-4527-baf2-80283d05f452","PN-CADET-A-Q379","F2B1Q328",""
"INLINE-B7Q329","DUPLICATE","67be9535-3a54-4310-8d65-f6bcba04bd43","PN-CADET-A-Q380","F2B1Q329",""
"INLINE-B7Q330","DUPLICATE","03fe5ce5-2cdf-4e50-9598-62011eecdda2","PN-CADET-A-Q381","F2B1Q330",""
"INLINE-B7Q331","DUPLICATE","52118f0b-6dd9-4209-9ee3-070487ff84f7","PN-CADET-A-Q382","F2B1Q331",""
"INLINE-B7Q332","DUPLICATE","61b5c09e-b67e-4ce2-9189-f6bce1fa8ca9","PN-CADET-A-Q383","F2B1Q332",""
"INLINE-B7Q333","DUPLICATE","1b6586ce-ea19-4168-ab60-e17950037956","PN-CADET-A-Q384","F2B1Q333",""
"INLINE-B7Q334","DUPLICATE","39216349-ac31-401c-a5a1-6304485d15c9","PN-CADET-A-Q385","F2B1Q334",""
"INLINE-B7Q335","DUPLICATE","dda72c1d-585c-4d3d-b446-967986950feb","PN-CADET-A-Q386","F2B1Q335",""
"INLINE-B7Q336","DUPLICATE","5c19e43b-a1b2-4a15-9b31-d717a3b05663","PN-CADET-A-Q387","F2B1Q336",""
"INLINE-B7Q337","DUPLICATE","30b7dcc1-8f08-449b-9f50-4889a9430e31","PN-CADET-A-Q388","F2B1Q337",""
"INLINE-B7Q338","DUPLICATE","a2aab6df-2857-4a8a-9e7e-4870d7404e96","PN-CADET-A-Q343","F2B1Q338",""
"INLINE-B7Q339","DUPLICATE","288a4bce-e895-4a5a-8b9c-9bd13feae61a","PN-CADET-A-Q389","F2B1Q339",""
"INLINE-B7Q340","DUPLICATE","13a40e5d-ce27-4f8a-afc6-a130cd8a76da","PN-CADET-A-Q390","F2B1Q340",""
"INLINE-B7Q341","DUPLICATE","df426d6f-1094-45cc-9a07-bfd275113917","PN-CADET-A-Q391","F2B1Q341",""
"INLINE-B7Q342","DUPLICATE","dddce84f-c0e1-4419-a5ea-eb3568eff65a","PN-CADET-A-Q392","F2B1Q342",""
"INLINE-B7Q343","DUPLICATE","e08de4e1-cc92-4d1f-8d9b-84c11099d1b3","PN-CADET-A-Q393","F2B1Q343",""
"INLINE-B7Q344","DUPLICATE","f117fbb8-c9d5-4e8e-9947-086c3dbaa28c","PN-CADET-A-Q394","F2B1Q344",""
"INLINE-B7Q345","DUPLICATE","10132de4-7c7e-490d-a499-d6aa743158ac","PN-CADET-A-Q395","F2B1Q345",""
"INLINE-B7Q346","DUPLICATE","836734f9-fe27-432a-babe-15c55ff2ba58","PN-CADET-A-Q396","F2B1Q346",""
"INLINE-B7Q347","DUPLICATE","ea5f1887-a7b6-4951-8bb2-0714b1598806","PN-CADET-A-Q397","F2B1Q347",""
"INLINE-B7Q348","DUPLICATE","b4579c71-677e-4d1e-ac95-156c93690ad8","PN-CADET-A-Q398","F2B1Q348",""
"INLINE-B7Q349","DUPLICATE","0d88370d-3a58-4114-af00-5aef1f999463","PN-CADET-A-Q399","F2B1Q349",""
"INLINE-B7Q350","DUPLICATE","ce84b82b-9917-4e6e-a067-bf7ea1a0d0f4","PN-CADET-A-Q400","F2B1Q350",""
"INLINE-B8Q141","DUPLICATE","e7ff7dbc-d550-445f-8e84-82201ec2f914","PN-CADET-A-Q263","F2B1Q141",""
"INLINE-B8Q142","DUPLICATE","bc012481-cea4-4509-9f78-93eab943a4dc","PN-CADET-A-Q264","F2B1Q142",""
"INLINE-B8Q143","DUPLICATE","d4c53b9c-b5f9-42d5-bab9-116ca16551e7","PN-CADET-A-Q265","F2B1Q143",""
"INLINE-B8Q144","DUPLICATE","64dad69e-3816-440e-bd2d-9d89efcfa4ed","PN-CADET-A-Q266","F2B1Q144",""
"INLINE-B8Q145","DUPLICATE","ef518876-67d3-4ce8-b334-a15fcba0706e","PN-CADET-A-Q267","F2B1Q145",""
"INLINE-B8Q146","DUPLICATE","9c88d600-99a5-43c4-97b7-16177f462e84","PN-CADET-A-Q268","F2B1Q146",""
"INLINE-B8Q147","DUPLICATE","fbcd5ae1-498e-4da8-87d5-a470184737e1","PN-CADET-A-Q741","F2B1Q147",""
"INLINE-B8Q148","DUPLICATE","a9f64fb1-b46e-4a1a-87dd-a6bc80187f5e","PN-CADET-A-Q269","F2B1Q148",""
"INLINE-B8Q149","DUPLICATE","9ae63e93-1968-480d-88fd-fba0b535c81a","PN-CADET-A-Q81","F2B1Q149",""
"INLINE-B8Q150","DUPLICATE","f14bd930-07b2-43c1-9792-043f54b11f34","PN-CADET-A-Q270","F2B1Q150",""
"INLINE-B8Q151","DUPLICATE","c6f72085-c6ba-4b29-97b2-5a4286dfeee2","PN-CADET-A-Q271","F2B1Q151",""
"INLINE-B8Q152","DUPLICATE","93f169bf-6a10-4c2d-8b6d-e0d0e3443f6a","PN-CADET-A-Q272","F2B1Q152",""
"INLINE-B8Q153","DUPLICATE","acf53f4c-f177-44e3-a6ca-0786defe01d2","PN-CADET-A-Q273","F2B1Q153",""
"INLINE-B8Q154","DUPLICATE","1a3cdc8a-7108-405a-aae4-1eee24fdaf6e","PN-CADET-A-Q274","F2B1Q154",""
"INLINE-B8Q155","DUPLICATE","89155ab9-d89b-48d3-8b1d-54eb11eeb9d3","PN-CADET-A-Q275","F2B1Q155",""
"INLINE-B8Q156","DUPLICATE","719cacc9-1f3e-4404-8b5f-8a494b5f32d1","PN-CADET-A-Q276","F2B1Q156",""
"INLINE-B8Q157","DUPLICATE","7615160a-5293-4f81-8bab-0be335d73cba","PN-CADET-A-Q277","F2B1Q157",""
"INLINE-B8Q158","DUPLICATE","8b6bd7a6-fe2a-4fe9-8f14-c2a9f4b6eb3a","PN-CADET-A-Q278","F2B1Q158",""
"INLINE-B8Q159","DUPLICATE","455c67e7-3a67-4c78-9eef-ff7bd7c1c5a1","PN-CADET-A-Q279","F2B1Q159",""
"INLINE-B8Q160","DUPLICATE","3d955e5e-da80-4ce1-8118-d731886cd93e","PN-CADET-A-Q280","F2B1Q160",""
"INLINE-B8Q161","DUPLICATE","666fa970-9636-4aea-a6b1-ee9e051e7edd","PN-CADET-A-Q281","F2B1Q161",""
"INLINE-B8Q162","DUPLICATE","7d6887a2-df49-41f1-89c7-ab0713825e58","PN-CADET-A-Q282","F2B1Q162",""
"INLINE-B8Q163","DUPLICATE","74a3d53c-41d7-4cff-926b-c37510c5e5e5","PN-CADET-A-Q283","F2B1Q163",""
"INLINE-B8Q164","DUPLICATE","06434265-5eb9-4eca-b14f-b71383089dfc","PN-CADET-A-Q284","F2B1Q164",""
"INLINE-B8Q165","DUPLICATE","bf787d93-bdfc-40e6-b325-80207fccc441","PN-CADET-A-Q285","F2B1Q165",""
"INLINE-B8Q166","DUPLICATE","184d630c-d023-43be-aade-f35a6fb30ae2","PN-CADET-A-Q286","F2B1Q166",""
"INLINE-B8Q167","DUPLICATE","0619067e-c94b-4ec0-ad99-f7a7b3e46579","PN-CADET-A-Q287","F2B1Q167",""
"INLINE-B8Q168","DUPLICATE","03a23ed0-f6a3-447d-9203-65bdcce67cc8","PN-CADET-A-Q288","F2B1Q168",""
"INLINE-B8Q169","DUPLICATE","7f267e6e-c183-4f56-bbf7-144af702a76a","PN-CADET-A-Q289","F2B1Q169",""
"INLINE-B8Q170","DUPLICATE","a010be20-9ae5-49ab-9561-3df41eb64dd6","PN-CADET-A-Q290","F2B1Q170",""
"INLINE-B8Q171","UNRESOLVED","","","F2B1Q171","The source contains replacement characters where essential formulas, expressions or options should be; the original data cannot be recovered."
"INLINE-B8Q172","DUPLICATE","e98d1d3d-ff77-447d-8e71-f7bc62c5db4c","PN-CADET-A-Q291","F2B1Q172",""
"INLINE-B8Q173","DUPLICATE","56aec9e5-2eec-440b-8196-95a864400100","PN-CADET-A-Q292","F2B1Q173",""
"INLINE-B8Q174","DUPLICATE","871f41bb-9f91-4e01-8d86-93deec5d9679","PN-CADET-A-Q293","F2B1Q174",""
"INLINE-B8Q175","DUPLICATE","b1c67cd1-90c5-426d-b581-250401ff74be","PN-CADET-A-Q294","F2B1Q175",""
"INLINE-B8Q176","UNRESOLVED","","","F2B1Q176","The source contains replacement characters where essential formulas, expressions or options should be; the original data cannot be recovered."
"INLINE-B8Q177","DUPLICATE","5ada6133-cd5c-4841-b05b-8a7fe4529628","PN-CADET-A-Q295","F2B1Q177",""
"INLINE-B8Q178","DUPLICATE","3e40031b-59d6-46ae-b606-deb5262e816e","PN-CADET-A-Q198","F2B1Q178",""
"INLINE-B8Q179","DUPLICATE","1f795adb-fe7e-4b09-a172-7005ee999e9d","PN-CADET-A-Q296","F2B1Q179",""
"INLINE-B8Q180","UNRESOLVED","","","F2B1Q180","The intended rule, measurement, administrative year or convention is unspecified, so a unique defensible answer cannot be established."
"INLINE-B8Q181","DUPLICATE","3252ef0b-71fb-4cb4-9a52-9c948898a4d1","PN-CADET-A-Q297","F2B1Q181",""
"INLINE-B8Q182","DUPLICATE","de7956af-5af6-43d8-98fe-54880be2eda4","PN-CADET-A-Q298","F2B1Q182",""
"INLINE-B8Q183","DUPLICATE","72730232-ec2a-4109-92ae-f8c5ea305e60","PN-CADET-A-Q299","F2B1Q183",""
"INLINE-B8Q184","UNRESOLVED","","","F2B1Q184","The source contains replacement characters where essential formulas, expressions or options should be; the original data cannot be recovered."
"INLINE-B8Q185","UNRESOLVED","","","F2B1Q185","The source contains replacement characters where essential formulas, expressions or options should be; the original data cannot be recovered."
"INLINE-B8Q186","UNRESOLVED","","","F2B1Q186","The source contains replacement characters where essential formulas, expressions or options should be; the original data cannot be recovered."
"INLINE-B8Q187","UNRESOLVED","","","F2B1Q187","The intended rule, measurement, administrative year or convention is unspecified, so a unique defensible answer cannot be established."
"INLINE-B8Q188","DUPLICATE","315de749-a5c8-433c-99a3-bb6f28135be6","PN-CADET-A-Q300","F2B1Q188",""
"INLINE-B8Q189","UNRESOLVED","","","F2B1Q189","The odd-one-out criterion is unspecified or inconsistent, so the supplied key is not uniquely defensible."
"INLINE-B8Q190","DUPLICATE","9218556c-ce02-4b28-bc88-16840b979314","PN-CADET-A-Q301","F2B1Q190",""
"INLINE-B9Q1","DUPLICATE","74bf89de-57f9-45a7-8424-0c316c819b65","PN-CADET-A-Q189","F2B1Q1",""
"INLINE-B9Q2","DUPLICATE","1f163e1a-83d8-40c8-b200-c2239601caeb","PN-CADET-A-Q190","F2B1Q2",""
"INLINE-B9Q3","DUPLICATE","a837c9d8-efa1-46b3-855d-2f30ca8d6b70","PN-CADET-A-Q79","F2B1Q3",""
"INLINE-B9Q4","DUPLICATE","ba5700d8-8309-4bd0-94f8-89984d9b913c","PN-CADET-A-Q191","F2B1Q4",""
"INLINE-B9Q5","DUPLICATE","bf86538e-8158-4a59-b714-d565a3326fc6","PN-CADET-A-Q192","F2B1Q5",""
"INLINE-B9Q6","DUPLICATE","8ef9ce3c-1859-48e6-838b-c728527ea944","PN-CADET-A-Q193","F2B1Q6",""
"INLINE-B9Q7","DUPLICATE","88ee4d77-37c7-4d1c-8756-ea9e39d3340b","PN-CADET-A-Q194","F2B1Q7",""
"INLINE-B9Q8","DUPLICATE","bdc3e3ed-7eb4-43d5-956e-a92a9c159a5f","PN-CADET-A-Q195","F2B1Q8",""
"INLINE-B9Q9","DUPLICATE","aa62fe77-5a96-46af-98c6-7656ee9f8d40","PN-CADET-A-Q196","F2B1Q9",""
"INLINE-B9Q10","DUPLICATE","f75bee72-7a4b-490f-b448-6ebad83b5c52","PN-CADET-A-Q197","F2B1Q10",""
"INLINE-B9Q11","DUPLICATE","3e40031b-59d6-46ae-b606-deb5262e816e","PN-CADET-A-Q198","F2B1Q11",""
"INLINE-B9Q12","DUPLICATE","0e28dc88-3423-4c7f-9714-d954fd300a7c","PN-CADET-A-Q199","F2B1Q12",""
"INLINE-B9Q13","DUPLICATE","c043ce25-3aeb-4a1a-a064-0cb765de8b07","PN-CADET-A-Q200","F2B1Q13",""
"INLINE-B9Q14","DUPLICATE","4c81f423-73e8-467f-8d9a-7ca7b82d0975","PN-CADET-A-Q201","F2B1Q14",""
"INLINE-B9Q15","DUPLICATE","70daa592-1cde-4c07-b5db-4c8cc31345cc","PN-CADET-A-Q202","F2B1Q15",""
"INLINE-B9Q16","DUPLICATE","f062a9da-d5c1-4c45-84ba-ae0dc571ba54","PN-CADET-A-Q203","F2B1Q16",""
"INLINE-B9Q17","DUPLICATE","ff40a904-1960-4b1e-afff-35560e4ced36","PN-CADET-A-Q204","F2B1Q17",""
"INLINE-B9Q18","DUPLICATE","7dc31afe-cda3-497e-99d4-3292990c7ca3","PN-CADET-A-Q205","F2B1Q18",""
"INLINE-B9Q19","DUPLICATE","7001ba5a-5af3-42fe-9e26-bc54c9141141","PN-CADET-A-Q206","F2B1Q19",""
"INLINE-B9Q20","UNRESOLVED","","","F2B1Q20","The source does not supply four distinct options and exactly one usable answer."
"INLINE-B9Q21","DUPLICATE","1adb27df-8eee-412f-aade-dd53d378a3ac","PN-CADET-A-Q207","F2B1Q21",""
"INLINE-B9Q22","DUPLICATE","83615398-7a0c-4f85-9fb3-2b0e9b22c2ea","PN-CADET-A-Q208","F2B1Q22",""
"INLINE-B9Q23","DUPLICATE","536b501d-bc94-4c57-ba1f-a0acc53c8e03","PN-CADET-A-Q209","F2B1Q23",""
"INLINE-B9Q24","DUPLICATE","12d2c8f8-1de1-4dec-a1aa-d8c6b77df1d7","PN-CADET-A-Q210","F2B1Q24",""
"INLINE-B9Q25","DUPLICATE","fbe41fe5-00ff-4cb9-8f6f-3637ce2e5483","PN-CADET-A-Q211","F2B1Q25",""
"INLINE-B9Q26","DUPLICATE","76d4a5d0-ca29-4648-ad6c-3cb9c3148f8e","PN-CADET-A-Q212","F2B1Q26",""
"INLINE-B9Q27","DUPLICATE","c827f7c5-ca5f-464c-a065-14e0079a21fc","PN-CADET-A-Q213","F2B1Q27",""
"INLINE-B9Q28","DUPLICATE","de7bc1a3-176e-481b-baea-51312b5e2f62","PN-CADET-A-Q214","F2B1Q28",""
"INLINE-B9Q29","DUPLICATE","17b55400-be0d-43dd-9228-de9af2e157f7","PN-CADET-A-Q215","F2B1Q29",""
"INLINE-B9Q30","DUPLICATE","9d53ede0-0274-4d08-8308-ce9d1b5fd067","PN-CADET-A-Q216","F2B1Q30",""
"INLINE-B9Q31","DUPLICATE","cf44a036-8317-49d7-a288-e18f89a96a56","PN-CADET-A-Q217","F2B1Q31",""
"INLINE-B9Q32","DUPLICATE","70aaa0b3-114e-4188-b470-beb5bd7d0061","PN-CADET-A-Q218","F2B1Q32",""
"INLINE-B9Q33","DUPLICATE","b2f6e1bb-d50e-427b-9364-53cd562e6163","PN-CADET-A-Q133","F2B1Q33",""
"INLINE-B9Q34","DUPLICATE","b593a4c7-3edc-48e5-a4e8-ef58db9f25d3","PN-CADET-A-Q219","F2B1Q34",""
"INLINE-B9Q35","DUPLICATE","a95bc9ba-db7e-482b-95cc-37735a340313","PN-CADET-A-Q162","F2B1Q35",""
"INLINE-B9Q36","DUPLICATE","3eef6178-f550-4e36-996c-1a0c983bb825","PN-CADET-A-Q220","F2B1Q36",""
"INLINE-B9Q37","DUPLICATE","6aa7f5f8-3a30-472f-b2be-779e724bc130","PN-CADET-A-Q221","F2B1Q37",""
"INLINE-B9Q38","DUPLICATE","7c4125b5-af54-493d-ba3e-e506deb37fc6","PN-CADET-A-Q222","F2B1Q38",""
"INLINE-B9Q39","DUPLICATE","f5172e17-d2b8-4956-8d6e-9ef0faf07487","PN-CADET-A-Q102","F2B1Q39",""
"INLINE-B9Q40","DUPLICATE","e80ac0a0-b149-4d92-a8b3-8ab390e34039","PN-CADET-A-Q223","F2B1Q40",""
"INLINE-B9Q41","DUPLICATE","b37d6dbf-1574-4279-a560-d920cb17d9b2","PN-CADET-A-Q224","F2B1Q41",""
"INLINE-B9Q42","DUPLICATE","a0f1fbca-b8e6-4a46-9a5f-393fa420d0e2","PN-CADET-A-Q225","F2B1Q42",""
"INLINE-B9Q43","DUPLICATE","a4c13ad0-dac6-4ffd-bf11-b8edea95f2cf","PN-CADET-A-Q226","F2B1Q43",""
"INLINE-B9Q44","DUPLICATE","f6c8ac1f-eb67-4bea-9f0e-bdc70f8ac7e8","PN-CADET-A-Q227","F2B1Q44",""
"INLINE-B9Q45","DUPLICATE","d73c1d35-7fb8-4a61-8100-d113d5a282fe","PN-CADET-A-Q228","F2B1Q45",""
"INLINE-B9Q46","DUPLICATE","a96e4eb9-e485-4968-b71d-a01a32a71a08","PN-CADET-A-Q229","F2B1Q46",""
"INLINE-B9Q47","DUPLICATE","d6a0e4cf-6a64-419c-93e4-956e8612e4b4","PN-CADET-A-Q230","F2B1Q47",""
"INLINE-B9Q48","DUPLICATE","144935a3-a046-40c0-8be1-1258f755b4af","PN-CADET-A-Q231","F2B1Q48",""
"INLINE-B9Q49","DUPLICATE","1d97fce9-f800-48d1-b3b2-bb35bff85da1","PN-CADET-A-Q232","F2B1Q49",""
"INLINE-B9Q50","DUPLICATE","c571be55-d592-4586-9a3f-6eb228766d8e","PN-CADET-A-Q233","F2B1Q50",""
"INLINE-B9Q51","DUPLICATE","a261f8d4-b39f-48d2-a3c9-2e8386b6d49b","PN-CADET-A-Q234","F2B1Q51",""
"INLINE-B9Q52","DUPLICATE","002cb5e8-1122-4ad8-98d0-15553dda8bd4","PN-CADET-A-Q235","F2B1Q52",""
"INLINE-B9Q53","DUPLICATE","b37b97c6-6d93-4c12-8bbe-487fd0826c43","PN-CADET-A-Q26","F2B1Q53",""
"INLINE-B9Q54","DUPLICATE","1f163e1a-83d8-40c8-b200-c2239601caeb","PN-CADET-A-Q190","F2B1Q54",""
"INLINE-B9Q55","DUPLICATE","a837c9d8-efa1-46b3-855d-2f30ca8d6b70","PN-CADET-A-Q79","F2B1Q55",""
"INLINE-B9Q56","DUPLICATE","ba5700d8-8309-4bd0-94f8-89984d9b913c","PN-CADET-A-Q191","F2B1Q56",""
"INLINE-B9Q57","DUPLICATE","bf86538e-8158-4a59-b714-d565a3326fc6","PN-CADET-A-Q192","F2B1Q57",""
"INLINE-B9Q58","DUPLICATE","8ef9ce3c-1859-48e6-838b-c728527ea944","PN-CADET-A-Q193","F2B1Q58",""
"INLINE-B9Q59","DUPLICATE","067699ec-61ba-4f3a-b015-13e754ab2de7","PN-CADET-A-Q236","F2B1Q59",""
"INLINE-B9Q60","DUPLICATE","23f3d286-2deb-4e7a-9441-5e69d4858476","PN-CADET-A-Q237","F2B1Q60",""
"INLINE-B9Q61","DUPLICATE","aa62fe77-5a96-46af-98c6-7656ee9f8d40","PN-CADET-A-Q196","F2B1Q61",""
"INLINE-B9Q62","DUPLICATE","f75bee72-7a4b-490f-b448-6ebad83b5c52","PN-CADET-A-Q197","F2B1Q62",""
"INLINE-B9Q63","DUPLICATE","17d38d4c-8bf0-4e8d-8484-b42ba229ec84","PN-CADET-A-Q740","F2B1Q63",""
"INLINE-B9Q64","DUPLICATE","30f8a71a-767d-4062-8671-16ab10d8d332","PN-CADET-A-Q238","F2B1Q64",""
"INLINE-B9Q65","DUPLICATE","30122d61-9268-4078-ab5e-c7f58e35af17","PN-CADET-A-Q239","F2B1Q65",""
"INLINE-B9Q66","DUPLICATE","c2f58c54-1345-4cd3-bf2d-68ee0d74c03d","PN-CADET-A-Q240","F2B1Q66",""
"INLINE-B9Q67","DUPLICATE","9ae63e93-1968-480d-88fd-fba0b535c81a","PN-CADET-A-Q81","F2B1Q67",""
"INLINE-B9Q68","DUPLICATE","b0cfff31-5cad-41a7-91da-6a9fe326c7b3","PN-CADET-A-Q241","F2B1Q68",""
"INLINE-B9Q69","DUPLICATE","aac2cbfa-bee7-47e0-a4c6-95d2aa2f2c8f","PN-CADET-A-Q242","F2B1Q69",""
"INLINE-B9Q70","DUPLICATE","6b9ad11e-0c1f-4551-adbe-6391a06cfaf2","PN-CADET-A-Q243","F2B1Q70",""
"INLINE-B9Q71","DUPLICATE","17d38d4c-8bf0-4e8d-8484-b42ba229ec84","PN-CADET-A-Q740","F2B1Q71",""
"INLINE-B9Q72","DUPLICATE","40c7dab3-151f-44ae-a025-71f71efb4ff5","PN-CADET-A-Q244","F2B1Q72",""
"INLINE-B9Q73","DUPLICATE","8b75ca4a-0198-4b94-9378-6a7635a3fadc","PN-CADET-A-Q245","F2B1Q73",""
"INLINE-B9Q74","DUPLICATE","c2f58c54-1345-4cd3-bf2d-68ee0d74c03d","PN-CADET-A-Q240","F2B1Q74",""
"INLINE-B9Q75","DUPLICATE","b0cfff31-5cad-41a7-91da-6a9fe326c7b3","PN-CADET-A-Q241","F2B1Q75",""
"INLINE-B9Q76","DUPLICATE","55530178-ed55-4786-9126-d3255ce2a6fe","PN-CADET-A-Q246","F2B1Q76",""
"INLINE-B9Q77","DUPLICATE","10b8ee2f-84ca-49a0-9a73-4b2f610a476f","PN-CADET-A-Q247","F2B1Q77",""
"INLINE-B9Q78","DUPLICATE","b16e51f0-c54b-43f4-8c70-544263c883f0","PN-CADET-A-Q248","F2B1Q78",""
"INLINE-B9Q79","DUPLICATE","6b6a5335-d9f3-42ee-80ed-14f1b44a0016","PN-CADET-A-Q249","F2B1Q79",""
"INLINE-B9Q80","DUPLICATE","7d58105f-f92d-40e7-8c71-a643fa49e5d5","PN-CADET-A-Q250","F2B1Q80",""
"INLINE-B9Q81","DUPLICATE","6f3a5c68-7666-4151-97dc-a6ce3cd0371b","PN-CADET-A-Q251","F2B1Q81",""
"INLINE-B9Q82","DUPLICATE","929b7162-f83d-4427-b7c2-2380e159b672","PN-CADET-A-Q252","F2B1Q82",""
"INLINE-B9Q83","DUPLICATE","b241ef8f-b6da-4d78-a8a7-5506167b06e6","PN-CADET-A-Q80","F2B1Q83",""
"INLINE-B9Q84","DUPLICATE","0212ed3e-47b5-4435-80bd-fba7ebc2e0fd","PN-CADET-A-Q163","F2B1Q84",""
"INLINE-B9Q85","DUPLICATE","48a8585b-e11e-4fce-8d31-4e6ac468d276","PN-CADET-A-Q253","F2B1Q85",""
"INLINE-B9Q86","DUPLICATE","dbe33ff4-095e-4c5b-9f66-3e31ad5e1305","PN-CADET-A-Q254","F2B1Q86",""
"INLINE-B9Q87","DUPLICATE","7c4450c7-eaf6-4ccd-8b33-be8044704608","PN-CADET-A-Q255","F2B1Q87",""
"INLINE-B9Q88","DUPLICATE","6d7d2616-c839-478e-a32e-27a5ae35d7a4","PN-CADET-A-Q256","F2B1Q88",""
"INLINE-B9Q89","DUPLICATE","d476203d-b184-4533-86a6-63b463eaf13b","PN-CADET-A-Q257","F2B1Q89",""
"INLINE-B9Q90","DUPLICATE","a4f1e3b9-184b-44ca-b0ff-acf2098b9b66","PN-CADET-A-Q258","F2B1Q90",""
"INLINE-B9Q91","DUPLICATE","9d030a87-d54f-48a6-8648-382e52012887","PN-CADET-A-Q259","F2B1Q91",""
"INLINE-B9Q92","DUPLICATE","b0cfff31-5cad-41a7-91da-6a9fe326c7b3","PN-CADET-A-Q241","F2B1Q92",""
"INLINE-B9Q93","DUPLICATE","59ba6c85-ad86-41c9-b298-edf39574e634","PN-CADET-A-Q260","F2B1Q93",""
"INLINE-B9Q94","DUPLICATE","b16e51f0-c54b-43f4-8c70-544263c883f0","PN-CADET-A-Q248","F2B1Q94",""
"INLINE-B9Q95","DUPLICATE","e573bae0-25c6-47e4-9033-70ed4a3fbd5d","PN-CADET-A-Q261","F2B1Q95",""
"INLINE-B9Q96","DUPLICATE","6f3a5c68-7666-4151-97dc-a6ce3cd0371b","PN-CADET-A-Q251","F2B1Q96",""
"INLINE-B9Q97","DUPLICATE","929b7162-f83d-4427-b7c2-2380e159b672","PN-CADET-A-Q252","F2B1Q97",""
"INLINE-B9Q98","DUPLICATE","b241ef8f-b6da-4d78-a8a7-5506167b06e6","PN-CADET-A-Q80","F2B1Q98",""
"INLINE-B9Q99","DUPLICATE","0212ed3e-47b5-4435-80bd-fba7ebc2e0fd","PN-CADET-A-Q163","F2B1Q99",""
"INLINE-B9Q100","DUPLICATE","09654ecf-f3fd-4b3a-b187-50c948dc531b","PN-CADET-A-Q262","F2B1Q100",""
