question_uuid,old_code,new_code,bank
"70000000-0000-0000-0000-000000000001","AFNS-Q-001","AFNS-A-Q1","AFNS-A"
"70000000-0000-0000-0000-000000000002","AFNS-Q-002","AFNS-A-Q2","AFNS-A"
"70000000-0000-0000-0000-000000000003","AFNS-Q-003","AFNS-A-Q3","AFNS-A"
"70000000-0000-0000-0000-000000000004","AFNS-Q-004","AFNS-A-Q4","AFNS-A"
"70000000-0000-0000-0000-000000000005","AFNS-Q-005","AFNS-A-Q5","AFNS-A"
"70000000-0000-0000-0000-000000000006","AFNS-Q-006","AFNS-A-Q6","AFNS-A"
"70000000-0000-0000-0000-000000000007","AFNS-Q-007","AFNS-A-Q7","AFNS-A"
"70000000-0000-0000-0000-000000000008","AFNS-Q-008","AFNS-A-Q8","AFNS-A"
"70000000-0000-0000-0000-000000000009","AFNS-Q-009","AFNS-A-Q9","AFNS-A"
"70000000-0000-0000-0000-00000000000a","AFNS-Q-010","AFNS-A-Q10","AFNS-A"
"70000000-0000-0000-0000-00000000000b","AFNS-Q-011","AFNS-A-Q11","AFNS-A"
"70000000-0000-0000-0000-00000000000c","AFNS-Q-012","AFNS-A-Q12","AFNS-A"
"70000000-0000-0000-0000-00000000000d","AFNS-Q-013","AFNS-A-Q13","AFNS-A"
"70000000-0000-0000-0000-00000000000e","AFNS-Q-014","AFNS-A-Q14","AFNS-A"
"70000000-0000-0000-0000-00000000000f","AFNS-Q-015","AFNS-A-Q15","AFNS-A"
"70000000-0000-0000-0000-000000000010","AFNS-Q-016","AFNS-A-Q16","AFNS-A"
"70000000-0000-0000-0000-000000000011","AFNS-Q-017","AFNS-A-Q17","AFNS-A"
"70000000-0000-0000-0000-000000000012","AFNS-Q-018","AFNS-A-Q18","AFNS-A"
"70000000-0000-0000-0000-000000000013","AFNS-Q-019","AFNS-A-Q19","AFNS-A"
"70000000-0000-0000-0000-000000000014","AFNS-Q-020","AFNS-A-Q20","AFNS-A"
"70000000-0000-0000-0000-000000000015","AFNS-Q-021","AFNS-A-Q21","AFNS-A"
"70000000-0000-0000-0000-000000000016","AFNS-Q-022","AFNS-A-Q22","AFNS-A"
"70000000-0000-0000-0000-000000000017","AFNS-Q-023","AFNS-A-Q23","AFNS-A"
"70000000-0000-0000-0000-000000000018","AFNS-Q-024","AFNS-A-Q24","AFNS-A"
"70000000-0000-0000-0000-000000000019","AFNS-Q-025","AFNS-A-Q25","AFNS-A"
"70000000-0000-0000-0000-00000000001a","AFNS-Q-026","AFNS-A-Q26","AFNS-A"
"70000000-0000-0000-0000-00000000001b","AFNS-Q-027","AFNS-A-Q27","AFNS-A"
"70000000-0000-0000-0000-00000000001c","AFNS-Q-028","AFNS-A-Q28","AFNS-A"
"70000000-0000-0000-0000-00000000001d","AFNS-Q-029","AFNS-A-Q29","AFNS-A"
"70000000-0000-0000-0000-00000000001e","AFNS-Q-030","AFNS-A-Q30","AFNS-A"
"70000000-0000-0000-0000-00000000001f","AFNS-Q-031","AFNS-A-Q31","AFNS-A"
"70000000-0000-0000-0000-000000000020","AFNS-Q-032","AFNS-A-Q32","AFNS-A"
"70000000-0000-0000-0000-000000000021","AFNS-Q-033","AFNS-A-Q33","AFNS-A"
"70000000-0000-0000-0000-000000000022","AFNS-Q-034","AFNS-A-Q34","AFNS-A"
"70000000-0000-0000-0000-000000000023","AFNS-Q-035","AFNS-A-Q35","AFNS-A"
"70000000-0000-0000-0000-000000000024","AFNS-Q-036","AFNS-A-Q36","AFNS-A"
"70000000-0000-0000-0000-000000000025","AFNS-Q-037","AFNS-A-Q37","AFNS-A"
"70000000-0000-0000-0000-000000000026","AFNS-Q-038","AFNS-A-Q38","AFNS-A"
"70000000-0000-0000-0000-000000000027","AFNS-Q-039","AFNS-A-Q39","AFNS-A"
"70000000-0000-0000-0000-000000000028","AFNS-Q-040","AFNS-A-Q40","AFNS-A"
"70000000-0000-0000-0000-000000000029","AFNS-Q-041","AFNS-A-Q41","AFNS-A"
"70000000-0000-0000-0000-00000000002a","AFNS-Q-042","AFNS-A-Q42","AFNS-A"
"70000000-0000-0000-0000-00000000002b","AFNS-Q-043","AFNS-A-Q43","AFNS-A"
"70000000-0000-0000-0000-00000000002c","AFNS-Q-044","AFNS-A-Q44","AFNS-A"
"70000000-0000-0000-0000-00000000002d","AFNS-Q-045","AFNS-A-Q45","AFNS-A"
"70000000-0000-0000-0000-00000000002e","AFNS-Q-046","AFNS-A-Q46","AFNS-A"
"70000000-0000-0000-0000-00000000002f","AFNS-Q-047","v-Q1","v"
"70000000-0000-0000-0000-000000000030","AFNS-Q-048","AFNS-A-Q47","AFNS-A"
"70000000-0000-0000-0000-000000000031","AFNS-Q-049","AFNS-A-Q48","AFNS-A"
"70000000-0000-0000-0000-000000000032","AFNS-Q-050","AFNS-A-Q49","AFNS-A"
"70000000-0000-0000-0000-000000000033","AFNS-Q-051","v-Q2","v"
"70000000-0000-0000-0000-000000000034","AFNS-Q-052","v-Q3","v"
"70000000-0000-0000-0000-000000000035","AFNS-Q-053","AFNS-A-Q50","AFNS-A"
"70000000-0000-0000-0000-000000000036","AFNS-Q-054","AFNS-A-Q51","AFNS-A"
"70000000-0000-0000-0000-000000000037","AFNS-Q-055","AFNS-A-Q52","AFNS-A"
"70000000-0000-0000-0000-000000000038","AFNS-Q-056","AFNS-A-Q53","AFNS-A"
"70000000-0000-0000-0000-000000000039","AFNS-Q-057","AFNS-A-Q54","AFNS-A"
"70000000-0000-0000-0000-00000000003a","AFNS-Q-058","AFNS-A-Q55","AFNS-A"
"70000000-0000-0000-0000-00000000003b","AFNS-Q-059","AFNS-A-Q56","AFNS-A"
"70000000-0000-0000-0000-00000000003c","AFNS-Q-060","AFNS-A-Q57","AFNS-A"
"70000000-0000-0000-0000-00000000003d","AFNS-Q-061","AFNS-A-Q58","AFNS-A"
"70000000-0000-0000-0000-00000000003e","AFNS-Q-062","AFNS-A-Q59","AFNS-A"
"70000000-0000-0000-0000-00000000003f","AFNS-Q-063","AFNS-A-Q60","AFNS-A"
"70000000-0000-0000-0000-000000000040","AFNS-Q-064","AFNS-A-Q61","AFNS-A"
"70000000-0000-0000-0000-000000000041","AFNS-Q-065","AFNS-A-Q62","AFNS-A"
"70000000-0000-0000-0000-000000000042","AFNS-Q-066","AFNS-A-Q63","AFNS-A"
"70000000-0000-0000-0000-000000000043","AFNS-Q-067","AFNS-A-Q64","AFNS-A"
"70000000-0000-0000-0000-000000000044","AFNS-Q-068","AFNS-A-Q65","AFNS-A"
"70000000-0000-0000-0000-000000000045","AFNS-Q-069","AFNS-A-Q66","AFNS-A"
"70000000-0000-0000-0000-000000000046","AFNS-Q-070","AFNS-A-Q67","AFNS-A"
"70000000-0000-0000-0000-000000000047","AFNS-Q-071","AFNS-A-Q68","AFNS-A"
"70000000-0000-0000-0000-000000000048","AFNS-Q-072","AFNS-A-Q69","AFNS-A"
"70000000-0000-0000-0000-000000000049","AFNS-Q-073","AFNS-A-Q70","AFNS-A"
"70000000-0000-0000-0000-00000000004a","AFNS-Q-074","AFNS-A-Q71","AFNS-A"
"70000000-0000-0000-0000-00000000004b","AFNS-Q-075","AFNS-A-Q72","AFNS-A"
"70000000-0000-0000-0000-00000000004c","AFNS-Q-076","AFNS-A-Q73","AFNS-A"
"70000000-0000-0000-0000-00000000004d","AFNS-Q-077","AFNS-A-Q74","AFNS-A"
"70000000-0000-0000-0000-00000000004e","AFNS-Q-078","AFNS-A-Q75","AFNS-A"
"70000000-0000-0000-0000-00000000004f","AFNS-Q-079","AFNS-A-Q76","AFNS-A"
"70000000-0000-0000-0000-000000000050","AFNS-Q-080","AFNS-A-Q77","AFNS-A"
"70000000-0000-0000-0000-000000000051","AFNS-Q-081","AFNS-A-Q78","AFNS-A"
"70000000-0000-0000-0000-000000000052","AFNS-Q-082","AFNS-A-Q79","AFNS-A"
"70000000-0000-0000-0000-000000000053","AFNS-Q-083","AFNS-A-Q80","AFNS-A"
"70000000-0000-0000-0000-000000000054","AFNS-Q-084","AFNS-A-Q81","AFNS-A"
"70000000-0000-0000-0000-000000000055","AFNS-Q-085","AFNS-A-Q82","AFNS-A"
"70000000-0000-0000-0000-000000000056","AFNS-Q-086","AFNS-A-Q83","AFNS-A"
"70000000-0000-0000-0000-000000000057","AFNS-Q-087","AFNS-A-Q84","AFNS-A"
"70000000-0000-0000-0000-000000000058","AFNS-Q-088","AFNS-A-Q85","AFNS-A"
"70000000-0000-0000-0000-000000000059","AFNS-Q-089","AFNS-A-Q86","AFNS-A"
"70000000-0000-0000-0000-00000000005a","AFNS-Q-090","AFNS-A-Q87","AFNS-A"
"70000000-0000-0000-0000-00000000005b","AFNS-Q-091","AFNS-A-Q88","AFNS-A"
"70000000-0000-0000-0000-00000000005c","AFNS-Q-092","AFNS-A-Q89","AFNS-A"
"70000000-0000-0000-0000-00000000005d","AFNS-Q-093","v-Q4","v"
"70000000-0000-0000-0000-00000000005e","AFNS-Q-094","AFNS-A-Q90","AFNS-A"
"70000000-0000-0000-0000-00000000005f","AFNS-Q-095","AFNS-A-Q91","AFNS-A"
"70000000-0000-0000-0000-000000000060","AFNS-Q-096","AFNS-A-Q92","AFNS-A"
"70000000-0000-0000-0000-000000000061","AFNS-Q-097","AFNS-A-Q93","AFNS-A"
"70000000-0000-0000-0000-000000000062","AFNS-Q-098","AFNS-A-Q94","AFNS-A"
"70000000-0000-0000-0000-000000000063","AFNS-Q-099","AFNS-A-Q95","AFNS-A"
"70000000-0000-0000-0000-000000000064","AFNS-Q-100","AFNS-A-Q96","AFNS-A"
"70000000-0000-0000-0000-000000000065","AFNS-Q-101","AFNS-A-Q97","AFNS-A"
"70000000-0000-0000-0000-000000000066","AFNS-Q-102","AFNS-A-Q98","AFNS-A"
"70000000-0000-0000-0000-000000000067","AFNS-Q-103","AFNS-A-Q99","AFNS-A"
"70000000-0000-0000-0000-000000000068","AFNS-Q-104","AFNS-A-Q100","AFNS-A"
"70000000-0000-0000-0000-000000000069","AFNS-Q-105","AFNS-A-Q101","AFNS-A"
"70000000-0000-0000-0000-00000000006a","AFNS-Q-106","AFNS-A-Q102","AFNS-A"
"70000000-0000-0000-0000-00000000006b","AFNS-Q-107","AFNS-A-Q103","AFNS-A"
"70000000-0000-0000-0000-00000000006c","AFNS-Q-108","AFNS-A-Q104","AFNS-A"
"70000000-0000-0000-0000-00000000006d","AFNS-Q-109","AFNS-A-Q105","AFNS-A"
"70000000-0000-0000-0000-00000000006e","AFNS-Q-110","AFNS-A-Q106","AFNS-A"
"70000000-0000-0000-0000-00000000006f","AFNS-Q-111","AFNS-A-Q107","AFNS-A"
"70000000-0000-0000-0000-000000000070","AFNS-Q-112","AFNS-A-Q108","AFNS-A"
"70000000-0000-0000-0000-000000000071","AFNS-Q-113","AFNS-A-Q109","AFNS-A"
"70000000-0000-0000-0000-000000000072","AFNS-Q-114","AFNS-A-Q110","AFNS-A"
"70000000-0000-0000-0000-000000000073","AFNS-Q-115","AFNS-A-Q111","AFNS-A"
"70000000-0000-0000-0000-000000000074","AFNS-Q-116","AFNS-A-Q112","AFNS-A"
"70000000-0000-0000-0000-000000000075","AFNS-Q-117","AFNS-A-Q113","AFNS-A"
"70000000-0000-0000-0000-000000000076","AFNS-Q-118","AFNS-A-Q114","AFNS-A"
"70000000-0000-0000-0000-000000000077","AFNS-Q-119","AFNS-A-Q115","AFNS-A"
"70000000-0000-0000-0000-000000000078","AFNS-Q-120","AFNS-A-Q116","AFNS-A"
"70000000-0000-0000-0000-000000000079","AFNS-Q-121","AFNS-A-Q117","AFNS-A"
"70000000-0000-0000-0000-00000000007a","AFNS-Q-122","AFNS-A-Q118","AFNS-A"
"70000000-0000-0000-0000-00000000007b","AFNS-Q-123","AFNS-A-Q119","AFNS-A"
"70000000-0000-0000-0000-00000000007c","AFNS-Q-124","AFNS-A-Q120","AFNS-A"
"70000000-0000-0000-0000-00000000007d","AFNS-Q-125","AFNS-A-Q121","AFNS-A"
"70000000-0000-0000-0000-00000000007e","AFNS-Q-126","AFNS-A-Q122","AFNS-A"
"70000000-0000-0000-0000-00000000007f","AFNS-Q-127","AFNS-A-Q123","AFNS-A"
"70000000-0000-0000-0000-000000000080","AFNS-Q-128","AFNS-A-Q124","AFNS-A"
"70000000-0000-0000-0000-000000000081","AFNS-Q-129","AFNS-A-Q125","AFNS-A"
"70000000-0000-0000-0000-000000000082","AFNS-Q-130","AFNS-A-Q126","AFNS-A"
"70000000-0000-0000-0000-000000000083","AFNS-Q-131","AFNS-A-Q127","AFNS-A"
"70000000-0000-0000-0000-000000000084","AFNS-Q-132","AFNS-A-Q128","AFNS-A"
"70000000-0000-0000-0000-000000000085","AFNS-Q-133","AFNS-A-Q129","AFNS-A"
"70000000-0000-0000-0000-000000000086","AFNS-Q-134","AFNS-A-Q130","AFNS-A"
"70000000-0000-0000-0000-000000000087","AFNS-Q-135","AFNS-A-Q131","AFNS-A"
"70000000-0000-0000-0000-000000000088","AFNS-Q-136","AFNS-A-Q132","AFNS-A"
"70000000-0000-0000-0000-000000000089","AFNS-Q-137","AFNS-A-Q133","AFNS-A"
"70000000-0000-0000-0000-00000000008a","AFNS-Q-138","AFNS-A-Q134","AFNS-A"
"70000000-0000-0000-0000-00000000008b","AFNS-Q-139","AFNS-A-Q135","AFNS-A"
"70000000-0000-0000-0000-00000000008c","AFNS-Q-140","AFNS-A-Q136","AFNS-A"
"70000000-0000-0000-0000-00000000008d","AFNS-Q-141","AFNS-A-Q137","AFNS-A"
"70000000-0000-0000-0000-00000000008e","AFNS-Q-142","AFNS-A-Q138","AFNS-A"
"70000000-0000-0000-0000-00000000008f","AFNS-Q-143","AFNS-A-Q139","AFNS-A"
"70000000-0000-0000-0000-000000000090","AFNS-Q-144","AFNS-A-Q140","AFNS-A"
"70000000-0000-0000-0000-000000000091","AFNS-Q-145","AFNS-A-Q141","AFNS-A"
"70000000-0000-0000-0000-000000000092","AFNS-Q-146","AFNS-A-Q142","AFNS-A"
"70000000-0000-0000-0000-000000000093","AFNS-Q-147","AFNS-A-Q143","AFNS-A"
"70000000-0000-0000-0000-000000000094","AFNS-Q-148","AFNS-A-Q144","AFNS-A"
"70000000-0000-0000-0000-000000000095","AFNS-Q-149","AFNS-A-Q145","AFNS-A"
"70000000-0000-0000-0000-000000000096","AFNS-Q-150","AFNS-A-Q146","AFNS-A"
"70000000-0000-0000-0000-000000000097","AFNS-Q-151","AFNS-A-Q147","AFNS-A"
"70000000-0000-0000-0000-000000000098","AFNS-Q-152","AFNS-A-Q148","AFNS-A"
"70000000-0000-0000-0000-000000000099","AFNS-Q-153","v-Q5","v"
"70000000-0000-0000-0000-00000000009a","AFNS-Q-154","AFNS-A-Q149","AFNS-A"
"70000000-0000-0000-0000-00000000009b","AFNS-Q-155","AFNS-A-Q150","AFNS-A"
"70000000-0000-0000-0000-00000000009c","AFNS-Q-156","AFNS-A-Q151","AFNS-A"
"70000000-0000-0000-0000-00000000009d","AFNS-Q-157","AFNS-A-Q152","AFNS-A"
"70000000-0000-0000-0000-00000000009e","AFNS-Q-158","AFNS-A-Q153","AFNS-A"
"70000000-0000-0000-0000-00000000009f","AFNS-Q-159","AFNS-A-Q154","AFNS-A"
"70000000-0000-0000-0000-0000000000a0","AFNS-Q-160","AFNS-A-Q155","AFNS-A"
"70000000-0000-0000-0000-0000000000a1","AFNS-Q-161","AFNS-A-Q156","AFNS-A"
"70000000-0000-0000-0000-0000000000a2","AFNS-Q-162","AFNS-A-Q157","AFNS-A"
"70000000-0000-0000-0000-0000000000a3","AFNS-Q-163","AFNS-A-Q158","AFNS-A"
"70000000-0000-0000-0000-0000000000a4","AFNS-Q-164","AFNS-A-Q159","AFNS-A"
"70000000-0000-0000-0000-0000000000a5","AFNS-Q-165","AFNS-A-Q160","AFNS-A"
"70000000-0000-0000-0000-0000000000a6","AFNS-Q-166","AFNS-A-Q161","AFNS-A"
"70000000-0000-0000-0000-0000000000a7","AFNS-Q-167","AFNS-A-Q162","AFNS-A"
"70000000-0000-0000-0000-0000000000a8","AFNS-Q-168","AFNS-A-Q163","AFNS-A"
"70000000-0000-0000-0000-0000000000a9","AFNS-Q-169","AFNS-A-Q164","AFNS-A"
"70000000-0000-0000-0000-0000000000aa","AFNS-Q-170","AFNS-A-Q165","AFNS-A"
"70000000-0000-0000-0000-0000000000ab","AFNS-Q-171","v-Q6","v"
"70000000-0000-0000-0000-0000000000ac","AFNS-Q-172","v-Q7","v"
"70000000-0000-0000-0000-0000000000ad","AFNS-Q-173","AFNS-A-Q166","AFNS-A"
"70000000-0000-0000-0000-0000000000ae","AFNS-Q-174","AFNS-A-Q167","AFNS-A"
"70000000-0000-0000-0000-0000000000af","AFNS-Q-175","AFNS-A-Q168","AFNS-A"
"70000000-0000-0000-0000-0000000000b0","AFNS-Q-176","v-Q8","v"
"70000000-0000-0000-0000-0000000000b1","AFNS-Q-177","v-Q9","v"
"70000000-0000-0000-0000-0000000000b2","AFNS-Q-178","v-Q10","v"
"70000000-0000-0000-0000-0000000000b3","AFNS-Q-179","AFNS-A-Q169","AFNS-A"
"70000000-0000-0000-0000-0000000000b4","AFNS-Q-180","AFNS-A-Q170","AFNS-A"
"70000000-0000-0000-0000-0000000000b5","AFNS-Q-181","AFNS-A-Q171","AFNS-A"
"70000000-0000-0000-0000-0000000000b6","AFNS-Q-182","AFNS-A-Q172","AFNS-A"
"70000000-0000-0000-0000-0000000000b7","AFNS-Q-183","AFNS-A-Q173","AFNS-A"
"70000000-0000-0000-0000-0000000000b8","AFNS-Q-184","AFNS-A-Q174","AFNS-A"
"70000000-0000-0000-0000-0000000000b9","AFNS-Q-185","AFNS-A-Q175","AFNS-A"
"70000000-0000-0000-0000-0000000000ba","AFNS-Q-186","AFNS-A-Q176","AFNS-A"
"70000000-0000-0000-0000-0000000000bb","AFNS-Q-187","AFNS-A-Q177","AFNS-A"
"70000000-0000-0000-0000-0000000000bc","AFNS-Q-188","AFNS-A-Q178","AFNS-A"
"70000000-0000-0000-0000-0000000000bd","AFNS-Q-189","AFNS-A-Q179","AFNS-A"
"70000000-0000-0000-0000-0000000000be","AFNS-Q-190","AFNS-A-Q180","AFNS-A"
"70000000-0000-0000-0000-0000000000bf","AFNS-Q-191","AFNS-A-Q181","AFNS-A"
"70000000-0000-0000-0000-0000000000c0","AFNS-Q-192","AFNS-A-Q182","AFNS-A"
"70000000-0000-0000-0000-0000000000c1","AFNS-Q-193","AFNS-A-Q183","AFNS-A"
"70000000-0000-0000-0000-0000000000c2","AFNS-Q-194","AFNS-A-Q184","AFNS-A"
"70000000-0000-0000-0000-0000000000c3","AFNS-Q-195","AFNS-A-Q185","AFNS-A"
"70000000-0000-0000-0000-0000000000c4","AFNS-Q-196","v-Q11","v"
"70000000-0000-0000-0000-0000000000c5","AFNS-Q-197","AFNS-A-Q186","AFNS-A"
"70000000-0000-0000-0000-0000000000c6","AFNS-Q-198","AFNS-A-Q187","AFNS-A"
"70000000-0000-0000-0000-0000000000c7","AFNS-Q-199","AFNS-A-Q188","AFNS-A"
"70000000-0000-0000-0000-0000000000c8","AFNS-Q-200","AFNS-A-Q189","AFNS-A"
"70000000-0000-0000-0000-0000000000c9","AFNS-Q-201","AFNS-A-Q190","AFNS-A"
"70000000-0000-0000-0000-0000000000ca","AFNS-Q-202","AFNS-A-Q191","AFNS-A"
"70000000-0000-0000-0000-0000000000cb","AFNS-Q-203","AFNS-A-Q192","AFNS-A"
"70000000-0000-0000-0000-0000000000cc","AFNS-Q-204","AFNS-A-Q193","AFNS-A"
"70000000-0000-0000-0000-0000000000cd","AFNS-Q-205","AFNS-A-Q194","AFNS-A"
"70000000-0000-0000-0000-0000000000ce","AFNS-Q-206","AFNS-A-Q195","AFNS-A"
"70000000-0000-0000-0000-0000000000cf","AFNS-Q-207","AFNS-A-Q196","AFNS-A"
"70000000-0000-0000-0000-0000000000d0","AFNS-Q-208","AFNS-A-Q197","AFNS-A"
"70000000-0000-0000-0000-0000000000d1","AFNS-Q-209","AFNS-A-Q198","AFNS-A"
"70000000-0000-0000-0000-0000000000d2","AFNS-Q-210","AFNS-A-Q199","AFNS-A"
"70000000-0000-0000-0000-0000000000d3","AFNS-Q-211","AFNS-A-Q200","AFNS-A"
"70000000-0000-0000-0000-0000000000d4","AFNS-Q-212","AFNS-A-Q201","AFNS-A"
"70000000-0000-0000-0000-0000000000d5","AFNS-Q-213","AFNS-A-Q202","AFNS-A"
"70000000-0000-0000-0000-0000000000d6","AFNS-Q-214","AFNS-A-Q203","AFNS-A"
"70000000-0000-0000-0000-0000000000d7","AFNS-Q-215","AFNS-A-Q204","AFNS-A"
"70000000-0000-0000-0000-0000000000d8","AFNS-Q-216","AFNS-A-Q205","AFNS-A"
"70000000-0000-0000-0000-0000000000d9","AFNS-Q-217","AFNS-A-Q206","AFNS-A"
"70000000-0000-0000-0000-0000000000da","AFNS-Q-218","AFNS-A-Q207","AFNS-A"
"70000000-0000-0000-0000-0000000000db","AFNS-Q-219","AFNS-A-Q208","AFNS-A"
"70000000-0000-0000-0000-0000000000dc","AFNS-Q-220","AFNS-A-Q209","AFNS-A"
"70000000-0000-0000-0000-0000000000dd","AFNS-Q-221","AFNS-A-Q210","AFNS-A"
"70000000-0000-0000-0000-0000000000de","AFNS-Q-222","AFNS-A-Q211","AFNS-A"
"70000000-0000-0000-0000-0000000000df","AFNS-Q-223","AFNS-A-Q212","AFNS-A"
"70000000-0000-0000-0000-0000000000e0","AFNS-Q-224","AFNS-A-Q213","AFNS-A"
"70000000-0000-0000-0000-0000000000e1","AFNS-Q-225","AFNS-A-Q214","AFNS-A"
"70000000-0000-0000-0000-0000000000e2","AFNS-Q-226","AFNS-A-Q215","AFNS-A"
"70000000-0000-0000-0000-0000000000e3","AFNS-Q-227","v-Q12","v"
"70000000-0000-0000-0000-0000000000e4","AFNS-Q-228","AFNS-A-Q216","AFNS-A"
"70000000-0000-0000-0000-0000000000e5","AFNS-Q-229","AFNS-A-Q217","AFNS-A"
"70000000-0000-0000-0000-0000000000e6","AFNS-Q-230","AFNS-A-Q218","AFNS-A"
"70000000-0000-0000-0000-0000000000e7","AFNS-Q-231","AFNS-A-Q219","AFNS-A"
"70000000-0000-0000-0000-0000000000e8","AFNS-Q-232","AFNS-A-Q220","AFNS-A"
"70000000-0000-0000-0000-0000000000e9","AFNS-Q-233","AFNS-A-Q221","AFNS-A"
"70000000-0000-0000-0000-0000000000ea","AFNS-Q-234","AFNS-A-Q222","AFNS-A"
"70000000-0000-0000-0000-0000000000eb","AFNS-Q-235","AFNS-A-Q223","AFNS-A"
"70000000-0000-0000-0000-0000000000ec","AFNS-Q-236","AFNS-A-Q224","AFNS-A"
"70000000-0000-0000-0000-0000000000ed","AFNS-Q-237","AFNS-A-Q225","AFNS-A"
"70000000-0000-0000-0000-0000000000ee","AFNS-Q-238","AFNS-A-Q226","AFNS-A"
"70000000-0000-0000-0000-0000000000ef","AFNS-Q-239","v-Q13","v"
"70000000-0000-0000-0000-0000000000f0","AFNS-Q-240","AFNS-A-Q227","AFNS-A"
"70000000-0000-0000-0000-0000000000f1","AFNS-Q-241","AFNS-A-Q228","AFNS-A"
"70000000-0000-0000-0000-0000000000f2","AFNS-Q-242","AFNS-A-Q229","AFNS-A"
"70000000-0000-0000-0000-0000000000f3","AFNS-Q-243","AFNS-A-Q230","AFNS-A"
"70000000-0000-0000-0000-0000000000f4","AFNS-Q-244","AFNS-A-Q231","AFNS-A"
"70000000-0000-0000-0000-0000000000f5","AFNS-Q-245","AFNS-A-Q232","AFNS-A"
"70000000-0000-0000-0000-0000000000f6","AFNS-Q-246","AFNS-A-Q233","AFNS-A"
"70000000-0000-0000-0000-0000000000f7","AFNS-Q-247","AFNS-A-Q234","AFNS-A"
"70000000-0000-0000-0000-0000000000f8","AFNS-Q-248","AFNS-A-Q235","AFNS-A"
"70000000-0000-0000-0000-0000000000f9","AFNS-Q-249","AFNS-A-Q236","AFNS-A"
"70000000-0000-0000-0000-0000000000fa","AFNS-Q-250","AFNS-A-Q237","AFNS-A"
"70000000-0000-0000-0000-0000000000fb","AFNS-Q-251","AFNS-A-Q238","AFNS-A"
"70000000-0000-0000-0000-0000000000fc","AFNS-Q-252","AFNS-A-Q239","AFNS-A"
"70000000-0000-0000-0000-0000000000fd","AFNS-Q-253","AFNS-A-Q240","AFNS-A"
"70000000-0000-0000-0000-0000000000fe","AFNS-Q-254","AFNS-A-Q241","AFNS-A"
"70000000-0000-0000-0000-0000000000ff","AFNS-Q-255","AFNS-A-Q242","AFNS-A"
"70000000-0000-0000-0000-000000000100","AFNS-Q-256","AFNS-A-Q243","AFNS-A"
"70000000-0000-0000-0000-000000000101","AFNS-Q-257","AFNS-A-Q244","AFNS-A"
"70000000-0000-0000-0000-000000000102","AFNS-Q-258","AFNS-A-Q245","AFNS-A"
"70000000-0000-0000-0000-000000000103","AFNS-Q-259","AFNS-A-Q246","AFNS-A"
"70000000-0000-0000-0000-000000000104","AFNS-Q-260","AFNS-A-Q247","AFNS-A"
"70000000-0000-0000-0000-000000000105","AFNS-Q-261","AFNS-A-Q248","AFNS-A"
"70000000-0000-0000-0000-000000000106","AFNS-Q-262","AFNS-A-Q249","AFNS-A"
"70000000-0000-0000-0000-000000000107","AFNS-Q-263","AFNS-A-Q250","AFNS-A"
"70000000-0000-0000-0000-000000000108","AFNS-Q-264","AFNS-A-Q251","AFNS-A"
"70000000-0000-0000-0000-000000000109","AFNS-Q-265","AFNS-A-Q252","AFNS-A"
"70000000-0000-0000-0000-00000000010a","AFNS-Q-266","AFNS-A-Q253","AFNS-A"
"70000000-0000-0000-0000-00000000010b","AFNS-Q-267","AFNS-A-Q254","AFNS-A"
"70000000-0000-0000-0000-00000000010c","AFNS-Q-268","AFNS-A-Q255","AFNS-A"
"70000000-0000-0000-0000-00000000010d","AFNS-Q-269","AFNS-A-Q256","AFNS-A"
"70000000-0000-0000-0000-00000000010e","AFNS-Q-270","AFNS-A-Q257","AFNS-A"
"70000000-0000-0000-0000-00000000010f","AFNS-Q-271","AFNS-A-Q258","AFNS-A"
"70000000-0000-0000-0000-000000000110","AFNS-Q-272","AFNS-A-Q259","AFNS-A"
"70000000-0000-0000-0000-000000000111","AFNS-Q-273","AFNS-A-Q260","AFNS-A"
"70000000-0000-0000-0000-000000000112","AFNS-Q-274","AFNS-A-Q261","AFNS-A"
"70000000-0000-0000-0000-000000000113","AFNS-Q-275","AFNS-A-Q262","AFNS-A"
"70000000-0000-0000-0000-000000000114","AFNS-Q-276","AFNS-A-Q263","AFNS-A"
"70000000-0000-0000-0000-000000000115","AFNS-Q-277","v-Q14","v"
"70000000-0000-0000-0000-000000000116","AFNS-Q-278","AFNS-A-Q264","AFNS-A"
"70000000-0000-0000-0000-000000000117","AFNS-Q-279","AFNS-A-Q265","AFNS-A"
"70000000-0000-0000-0000-000000000118","AFNS-Q-280","AFNS-A-Q266","AFNS-A"
"70000000-0000-0000-0000-000000000119","AFNS-Q-281","AFNS-A-Q267","AFNS-A"
"70000000-0000-0000-0000-00000000011a","AFNS-Q-282","AFNS-A-Q268","AFNS-A"
"70000000-0000-0000-0000-00000000011b","AFNS-Q-283","AFNS-A-Q269","AFNS-A"
"70000000-0000-0000-0000-00000000011c","AFNS-Q-284","AFNS-A-Q270","AFNS-A"
"70000000-0000-0000-0000-00000000011d","AFNS-Q-285","AFNS-A-Q271","AFNS-A"
"70000000-0000-0000-0000-00000000011e","AFNS-Q-286","AFNS-A-Q272","AFNS-A"
"70000000-0000-0000-0000-00000000011f","AFNS-Q-287","AFNS-A-Q273","AFNS-A"
"70000000-0000-0000-0000-000000000120","AFNS-Q-288","AFNS-A-Q274","AFNS-A"
"70000000-0000-0000-0000-000000000121","AFNS-Q-289","AFNS-A-Q275","AFNS-A"
"70000000-0000-0000-0000-000000000122","AFNS-Q-290","AFNS-A-Q276","AFNS-A"
"70000000-0000-0000-0000-000000000123","AFNS-Q-291","AFNS-A-Q277","AFNS-A"
"70000000-0000-0000-0000-000000000124","AFNS-Q-292","AFNS-A-Q278","AFNS-A"
"70000000-0000-0000-0000-000000000125","AFNS-Q-293","AFNS-A-Q279","AFNS-A"
"70000000-0000-0000-0000-000000000126","AFNS-Q-294","AFNS-A-Q280","AFNS-A"
"70000000-0000-0000-0000-000000000127","AFNS-Q-295","AFNS-A-Q281","AFNS-A"
"70000000-0000-0000-0000-000000000128","AFNS-Q-296","AFNS-A-Q282","AFNS-A"
"70000000-0000-0000-0000-000000000129","AFNS-Q-297","AFNS-A-Q283","AFNS-A"
"70000000-0000-0000-0000-00000000012a","AFNS-Q-298","v-Q15","v"
"70000000-0000-0000-0000-00000000012b","AFNS-Q-299","AFNS-A-Q284","AFNS-A"
"70000000-0000-0000-0000-00000000012c","AFNS-Q-300","AFNS-A-Q285","AFNS-A"
"70000000-0000-0000-0000-00000000012d","AFNS-Q-301","AFNS-A-Q286","AFNS-A"
"70000000-0000-0000-0000-00000000012e","AFNS-Q-302","AFNS-A-Q287","AFNS-A"
"70000000-0000-0000-0000-00000000012f","AFNS-Q-303","AFNS-A-Q288","AFNS-A"
"70000000-0000-0000-0000-000000000130","AFNS-Q-304","AFNS-A-Q289","AFNS-A"
"70000000-0000-0000-0000-000000000131","AFNS-Q-305","AFNS-A-Q290","AFNS-A"
"70000000-0000-0000-0000-000000000132","AFNS-Q-306","AFNS-A-Q291","AFNS-A"
"70000000-0000-0000-0000-000000000133","AFNS-Q-307","AFNS-A-Q292","AFNS-A"
"70000000-0000-0000-0000-000000000134","AFNS-Q-308","AFNS-A-Q293","AFNS-A"
"70000000-0000-0000-0000-000000000135","AFNS-Q-309","AFNS-A-Q294","AFNS-A"
"70000000-0000-0000-0000-000000000136","AFNS-Q-310","AFNS-A-Q295","AFNS-A"
"70000000-0000-0000-0000-000000000137","AFNS-Q-311","AFNS-A-Q296","AFNS-A"
"70000000-0000-0000-0000-000000000138","AFNS-Q-312","AFNS-A-Q297","AFNS-A"
"70000000-0000-0000-0000-000000000139","AFNS-Q-313","AFNS-A-Q298","AFNS-A"
"70000000-0000-0000-0000-00000000013a","AFNS-Q-314","AFNS-A-Q299","AFNS-A"
"70000000-0000-0000-0000-00000000013b","AFNS-Q-315","AFNS-A-Q300","AFNS-A"
"70000000-0000-0000-0000-00000000013c","AFNS-Q-316","AFNS-A-Q301","AFNS-A"
"70000000-0000-0000-0000-00000000013d","AFNS-Q-317","AFNS-A-Q302","AFNS-A"
"70000000-0000-0000-0000-00000000013e","AFNS-Q-318","AFNS-A-Q303","AFNS-A"
"70000000-0000-0000-0000-00000000013f","AFNS-Q-319","AFNS-A-Q304","AFNS-A"
"70000000-0000-0000-0000-000000000140","AFNS-Q-320","AFNS-A-Q305","AFNS-A"
"70000000-0000-0000-0000-000000000141","AFNS-Q-321","AFNS-A-Q306","AFNS-A"
"70000000-0000-0000-0000-000000000142","AFNS-Q-322","AFNS-A-Q307","AFNS-A"
"70000000-0000-0000-0000-000000000143","AFNS-Q-323","AFNS-A-Q308","AFNS-A"
"70000000-0000-0000-0000-000000000144","AFNS-Q-324","AFNS-A-Q309","AFNS-A"
"70000000-0000-0000-0000-000000000145","AFNS-Q-325","AFNS-A-Q310","AFNS-A"
"70000000-0000-0000-0000-000000000146","AFNS-Q-326","AFNS-A-Q311","AFNS-A"
"70000000-0000-0000-0000-000000000147","AFNS-Q-327","AFNS-A-Q312","AFNS-A"
"70000000-0000-0000-0000-000000000148","AFNS-Q-328","AFNS-A-Q313","AFNS-A"
"70000000-0000-0000-0000-000000000149","AFNS-Q-329","AFNS-A-Q314","AFNS-A"
"70000000-0000-0000-0000-00000000014a","AFNS-Q-330","AFNS-A-Q315","AFNS-A"
"70000000-0000-0000-0000-00000000014b","AFNS-Q-331","AFNS-A-Q316","AFNS-A"
"70000000-0000-0000-0000-00000000014c","AFNS-Q-332","AFNS-A-Q317","AFNS-A"
"70000000-0000-0000-0000-00000000014d","AFNS-Q-333","AFNS-A-Q318","AFNS-A"
"70000000-0000-0000-0000-00000000014e","AFNS-Q-334","AFNS-A-Q319","AFNS-A"
"70000000-0000-0000-0000-00000000014f","AFNS-Q-335","AFNS-A-Q320","AFNS-A"
"70000000-0000-0000-0000-000000000150","AFNS-Q-336","AFNS-A-Q321","AFNS-A"
"70000000-0000-0000-0000-000000000151","AFNS-Q-337","AFNS-A-Q322","AFNS-A"
"70000000-0000-0000-0000-000000000152","AFNS-Q-338","AFNS-A-Q323","AFNS-A"
"70000000-0000-0000-0000-000000000153","AFNS-Q-339","AFNS-A-Q324","AFNS-A"
"70000000-0000-0000-0000-000000000154","AFNS-Q-340","AFNS-A-Q325","AFNS-A"
"70000000-0000-0000-0000-000000000155","AFNS-Q-341","AFNS-A-Q326","AFNS-A"
"70000000-0000-0000-0000-000000000156","AFNS-Q-342","AFNS-A-Q327","AFNS-A"
"70000000-0000-0000-0000-000000000157","AFNS-Q-343","AFNS-A-Q328","AFNS-A"
"70000000-0000-0000-0000-000000000158","AFNS-Q-344","AFNS-A-Q329","AFNS-A"
"70000000-0000-0000-0000-000000000159","AFNS-Q-345","AFNS-A-Q330","AFNS-A"
"70000000-0000-0000-0000-00000000015a","AFNS-Q-346","AFNS-A-Q331","AFNS-A"
"70000000-0000-0000-0000-00000000015b","AFNS-Q-347","AFNS-A-Q332","AFNS-A"
"70000000-0000-0000-0000-00000000015c","AFNS-Q-348","AFNS-A-Q333","AFNS-A"
"70000000-0000-0000-0000-00000000015d","AFNS-Q-349","AFNS-A-Q334","AFNS-A"
"70000000-0000-0000-0000-00000000015e","AFNS-Q-350","AFNS-A-Q335","AFNS-A"
"70000000-0000-0000-0000-00000000015f","AFNS-Q-351","AFNS-A-Q336","AFNS-A"
"70000000-0000-0000-0000-000000000160","AFNS-Q-352","AFNS-A-Q337","AFNS-A"
"70000000-0000-0000-0000-000000000161","AFNS-Q-353","AFNS-A-Q338","AFNS-A"
"70000000-0000-0000-0000-000000000162","AFNS-Q-354","AFNS-A-Q339","AFNS-A"
"70000000-0000-0000-0000-000000000163","AFNS-Q-355","AFNS-A-Q340","AFNS-A"
"70000000-0000-0000-0000-000000000164","AFNS-Q-356","AFNS-A-Q341","AFNS-A"
"70000000-0000-0000-0000-000000000165","AFNS-Q-357","AFNS-A-Q342","AFNS-A"
"70000000-0000-0000-0000-000000000166","AFNS-Q-358","v-Q16","v"
"70000000-0000-0000-0000-000000000167","AFNS-Q-359","AFNS-A-Q343","AFNS-A"
"70000000-0000-0000-0000-000000000168","AFNS-Q-360","AFNS-A-Q344","AFNS-A"
"70000000-0000-0000-0000-000000000169","AFNS-Q-361","AFNS-A-Q345","AFNS-A"
"70000000-0000-0000-0000-00000000016a","AFNS-Q-362","AFNS-A-Q346","AFNS-A"
"70000000-0000-0000-0000-00000000016b","AFNS-Q-363","AFNS-A-Q347","AFNS-A"
"70000000-0000-0000-0000-00000000016c","AFNS-Q-364","AFNS-A-Q348","AFNS-A"
"70000000-0000-0000-0000-00000000016d","AFNS-Q-365","AFNS-A-Q349","AFNS-A"
"70000000-0000-0000-0000-00000000016e","AFNS-Q-366","AFNS-A-Q350","AFNS-A"
"70000000-0000-0000-0000-00000000016f","AFNS-Q-367","AFNS-A-Q351","AFNS-A"
"70000000-0000-0000-0000-000000000170","AFNS-Q-368","AFNS-A-Q352","AFNS-A"
"70000000-0000-0000-0000-000000000171","AFNS-Q-369","v-Q17","v"
"70000000-0000-0000-0000-000000000172","AFNS-Q-370","AFNS-A-Q353","AFNS-A"
"70000000-0000-0000-0000-000000000173","AFNS-Q-371","AFNS-A-Q354","AFNS-A"
"70000000-0000-0000-0000-000000000174","AFNS-Q-372","AFNS-A-Q355","AFNS-A"
"70000000-0000-0000-0000-000000000175","AFNS-Q-373","AFNS-A-Q356","AFNS-A"
"70000000-0000-0000-0000-000000000176","AFNS-Q-374","AFNS-A-Q357","AFNS-A"
"70000000-0000-0000-0000-000000000177","AFNS-Q-375","AFNS-A-Q358","AFNS-A"
"70000000-0000-0000-0000-000000000178","AFNS-Q-376","AFNS-A-Q359","AFNS-A"
"70000000-0000-0000-0000-000000000179","AFNS-Q-377","AFNS-A-Q360","AFNS-A"
"70000000-0000-0000-0000-00000000017a","AFNS-Q-378","AFNS-A-Q361","AFNS-A"
"70000000-0000-0000-0000-00000000017b","AFNS-Q-379","AFNS-A-Q362","AFNS-A"
"70000000-0000-0000-0000-00000000017c","AFNS-Q-380","AFNS-A-Q363","AFNS-A"
"70000000-0000-0000-0000-00000000017d","AFNS-Q-381","AFNS-A-Q364","AFNS-A"
"70000000-0000-0000-0000-00000000017e","AFNS-Q-382","AFNS-A-Q365","AFNS-A"
"70000000-0000-0000-0000-00000000017f","AFNS-Q-383","AFNS-A-Q366","AFNS-A"
"70000000-0000-0000-0000-000000000180","AFNS-Q-384","AFNS-A-Q367","AFNS-A"
"70000000-0000-0000-0000-000000000181","AFNS-Q-385","AFNS-A-Q368","AFNS-A"
"70000000-0000-0000-0000-000000000182","AFNS-Q-386","AFNS-A-Q369","AFNS-A"
"70000000-0000-0000-0000-000000000183","AFNS-Q-387","AFNS-A-Q370","AFNS-A"
"70000000-0000-0000-0000-000000000184","AFNS-Q-388","AFNS-A-Q371","AFNS-A"
"70000000-0000-0000-0000-000000000185","AFNS-Q-389","AFNS-A-Q372","AFNS-A"
"70000000-0000-0000-0000-000000000186","AFNS-Q-390","AFNS-A-Q373","AFNS-A"
"70000000-0000-0000-0000-000000000187","AFNS-Q-391","AFNS-A-Q374","AFNS-A"
"70000000-0000-0000-0000-000000000188","AFNS-Q-392","AFNS-A-Q375","AFNS-A"
"70000000-0000-0000-0000-000000000189","AFNS-Q-393","AFNS-A-Q376","AFNS-A"
"70000000-0000-0000-0000-00000000018a","AFNS-Q-394","AFNS-A-Q377","AFNS-A"
"70000000-0000-0000-0000-00000000018b","AFNS-Q-395","AFNS-A-Q378","AFNS-A"
"70000000-0000-0000-0000-00000000018c","AFNS-Q-396","AFNS-A-Q379","AFNS-A"
"70000000-0000-0000-0000-00000000018d","AFNS-Q-397","AFNS-A-Q380","AFNS-A"
"70000000-0000-0000-0000-00000000018e","AFNS-Q-398","AFNS-A-Q381","AFNS-A"
"70000000-0000-0000-0000-00000000018f","AFNS-Q-399","AFNS-A-Q382","AFNS-A"
"70000000-0000-0000-0000-000000000190","AFNS-Q-400","AFNS-A-Q383","AFNS-A"
"70000000-0000-0000-0000-000000000191","AFNS-Q-401","AFNS-A-Q384","AFNS-A"
"70000000-0000-0000-0000-000000000192","AFNS-Q-402","AFNS-A-Q385","AFNS-A"
"70000000-0000-0000-0000-000000000193","AFNS-Q-403","AFNS-A-Q386","AFNS-A"
"70000000-0000-0000-0000-000000000194","AFNS-Q-404","AFNS-A-Q387","AFNS-A"
"70000000-0000-0000-0000-000000000195","AFNS-Q-405","AFNS-A-Q388","AFNS-A"
"70000000-0000-0000-0000-000000000196","AFNS-Q-406","AFNS-A-Q389","AFNS-A"
"70000000-0000-0000-0000-000000000197","AFNS-Q-407","AFNS-A-Q390","AFNS-A"
"70000000-0000-0000-0000-000000000198","AFNS-Q-408","AFNS-A-Q391","AFNS-A"
"70000000-0000-0000-0000-000000000199","AFNS-Q-409","AFNS-A-Q392","AFNS-A"
"70000000-0000-0000-0000-00000000019a","AFNS-Q-410","AFNS-A-Q393","AFNS-A"
"70000000-0000-0000-0000-00000000019b","AFNS-Q-411","AFNS-A-Q394","AFNS-A"
"70000000-0000-0000-0000-00000000019c","AFNS-Q-412","AFNS-A-Q395","AFNS-A"
"70000000-0000-0000-0000-00000000019d","AFNS-Q-413","AFNS-A-Q396","AFNS-A"
"70000000-0000-0000-0000-00000000019e","AFNS-Q-414","AFNS-A-Q397","AFNS-A"
"70000000-0000-0000-0000-00000000019f","AFNS-Q-415","AFNS-A-Q398","AFNS-A"
"70000000-0000-0000-0000-0000000001a0","AFNS-Q-416","AFNS-A-Q399","AFNS-A"
"70000000-0000-0000-0000-0000000001a1","AFNS-Q-417","AFNS-A-Q400","AFNS-A"
"70000000-0000-0000-0000-0000000001a2","AFNS-Q-418","AFNS-A-Q401","AFNS-A"
"70000000-0000-0000-0000-0000000001a3","AFNS-Q-419","AFNS-A-Q402","AFNS-A"
"70000000-0000-0000-0000-0000000001a4","AFNS-Q-420","AFNS-A-Q403","AFNS-A"
"70000000-0000-0000-0000-0000000001a5","AFNS-Q-421","AFNS-A-Q404","AFNS-A"
"70000000-0000-0000-0000-0000000001a6","AFNS-Q-422","AFNS-A-Q405","AFNS-A"
"70000000-0000-0000-0000-0000000001a7","AFNS-Q-423","AFNS-A-Q406","AFNS-A"
"70000000-0000-0000-0000-0000000001a8","AFNS-Q-424","AFNS-A-Q407","AFNS-A"
"70000000-0000-0000-0000-0000000001a9","AFNS-Q-425","AFNS-A-Q408","AFNS-A"
"70000000-0000-0000-0000-0000000001aa","AFNS-Q-426","AFNS-A-Q409","AFNS-A"
"70000000-0000-0000-0000-0000000001ab","AFNS-Q-427","AFNS-A-Q410","AFNS-A"
"70000000-0000-0000-0000-0000000001ac","AFNS-Q-428","AFNS-A-Q411","AFNS-A"
"70000000-0000-0000-0000-0000000001ad","AFNS-Q-429","AFNS-A-Q412","AFNS-A"
"70000000-0000-0000-0000-0000000001ae","AFNS-Q-430","AFNS-A-Q413","AFNS-A"
"70000000-0000-0000-0000-0000000001af","AFNS-Q-431","AFNS-A-Q414","AFNS-A"
"70000000-0000-0000-0000-0000000001b0","AFNS-Q-432","AFNS-A-Q415","AFNS-A"
"70000000-0000-0000-0000-0000000001b1","AFNS-Q-433","AFNS-A-Q416","AFNS-A"
"70000000-0000-0000-0000-0000000001b2","AFNS-Q-434","AFNS-A-Q417","AFNS-A"
"70000000-0000-0000-0000-0000000001b3","AFNS-Q-435","AFNS-A-Q418","AFNS-A"
"70000000-0000-0000-0000-0000000001b4","AFNS-Q-436","AFNS-A-Q419","AFNS-A"
"70000000-0000-0000-0000-0000000001b5","AFNS-Q-437","AFNS-A-Q420","AFNS-A"
"70000000-0000-0000-0000-0000000001b6","AFNS-Q-438","AFNS-A-Q421","AFNS-A"
"70000000-0000-0000-0000-0000000001b7","AFNS-Q-439","AFNS-A-Q422","AFNS-A"
"70000000-0000-0000-0000-0000000001b8","AFNS-Q-440","AFNS-A-Q423","AFNS-A"
"70000000-0000-0000-0000-0000000001b9","AFNS-Q-441","AFNS-A-Q424","AFNS-A"
"70000000-0000-0000-0000-0000000001ba","AFNS-Q-442","AFNS-A-Q425","AFNS-A"
"70000000-0000-0000-0000-0000000001bb","AFNS-Q-443","AFNS-A-Q426","AFNS-A"
"70000000-0000-0000-0000-0000000001bc","AFNS-Q-444","AFNS-A-Q427","AFNS-A"
"70000000-0000-0000-0000-0000000001bd","AFNS-Q-445","AFNS-A-Q428","AFNS-A"
"70000000-0000-0000-0000-0000000001be","AFNS-Q-446","AFNS-A-Q429","AFNS-A"
"70000000-0000-0000-0000-0000000001bf","AFNS-Q-447","AFNS-A-Q430","AFNS-A"
"70000000-0000-0000-0000-0000000001c0","AFNS-Q-448","AFNS-A-Q431","AFNS-A"
"70000000-0000-0000-0000-0000000001c1","AFNS-Q-449","AFNS-A-Q432","AFNS-A"
"70000000-0000-0000-0000-0000000001c2","AFNS-Q-450","AFNS-A-Q433","AFNS-A"
"70000000-0000-0000-0000-0000000001c3","AFNS-Q-451","AFNS-A-Q434","AFNS-A"
"70000000-0000-0000-0000-0000000001c4","AFNS-Q-452","AFNS-A-Q435","AFNS-A"
"70000000-0000-0000-0000-0000000001c5","AFNS-Q-453","AFNS-A-Q436","AFNS-A"
"70000000-0000-0000-0000-0000000001c6","AFNS-Q-454","AFNS-A-Q437","AFNS-A"
"70000000-0000-0000-0000-0000000001c7","AFNS-Q-455","AFNS-A-Q438","AFNS-A"
"70000000-0000-0000-0000-0000000001c8","AFNS-Q-456","AFNS-A-Q439","AFNS-A"
"70000000-0000-0000-0000-0000000001c9","AFNS-Q-457","AFNS-A-Q440","AFNS-A"
"70000000-0000-0000-0000-0000000001ca","AFNS-Q-458","AFNS-A-Q441","AFNS-A"
"70000000-0000-0000-0000-0000000001cb","AFNS-Q-459","AFNS-A-Q442","AFNS-A"
"70000000-0000-0000-0000-0000000001cc","AFNS-Q-460","AFNS-A-Q443","AFNS-A"
"70000000-0000-0000-0000-0000000001cd","AFNS-Q-461","AFNS-A-Q444","AFNS-A"
"70000000-0000-0000-0000-0000000001ce","AFNS-Q-462","AFNS-A-Q445","AFNS-A"
"70000000-0000-0000-0000-0000000001cf","AFNS-Q-463","AFNS-A-Q446","AFNS-A"
"70000000-0000-0000-0000-0000000001d0","AFNS-Q-464","AFNS-A-Q447","AFNS-A"
"70000000-0000-0000-0000-0000000001d1","AFNS-Q-465","AFNS-A-Q448","AFNS-A"
"70000000-0000-0000-0000-0000000001d2","AFNS-Q-466","AFNS-A-Q449","AFNS-A"
"70000000-0000-0000-0000-0000000001d3","AFNS-Q-467","AFNS-A-Q450","AFNS-A"
"70000000-0000-0000-0000-0000000001d4","AFNS-Q-468","AFNS-A-Q451","AFNS-A"
"70000000-0000-0000-0000-0000000001d5","AFNS-Q-469","AFNS-A-Q452","AFNS-A"
"70000000-0000-0000-0000-0000000001d6","AFNS-Q-470","AFNS-A-Q453","AFNS-A"
"70000000-0000-0000-0000-0000000001d7","AFNS-Q-471","AFNS-A-Q454","AFNS-A"
"70000000-0000-0000-0000-0000000001d8","AFNS-Q-472","AFNS-A-Q455","AFNS-A"
"70000000-0000-0000-0000-0000000001d9","AFNS-Q-473","AFNS-A-Q456","AFNS-A"
"70000000-0000-0000-0000-0000000001da","AFNS-Q-474","v-Q18","v"
"70000000-0000-0000-0000-0000000001db","AFNS-Q-475","v-Q19","v"
"70000000-0000-0000-0000-0000000001dc","AFNS-Q-476","AFNS-A-Q457","AFNS-A"
"70000000-0000-0000-0000-0000000001dd","AFNS-Q-477","AFNS-A-Q458","AFNS-A"
"70000000-0000-0000-0000-0000000001de","AFNS-Q-478","AFNS-A-Q459","AFNS-A"
"70000000-0000-0000-0000-0000000001df","AFNS-Q-479","AFNS-A-Q460","AFNS-A"
"70000000-0000-0000-0000-0000000001e0","AFNS-Q-480","v-Q20","v"
"70000000-0000-0000-0000-0000000001e1","AFNS-Q-481","AFNS-A-Q461","AFNS-A"
"70000000-0000-0000-0000-0000000001e2","AFNS-Q-482","AFNS-A-Q462","AFNS-A"
"70000000-0000-0000-0000-0000000001e3","AFNS-Q-483","AFNS-A-Q463","AFNS-A"
"70000000-0000-0000-0000-0000000001e4","AFNS-Q-484","AFNS-A-Q464","AFNS-A"
"70000000-0000-0000-0000-0000000001e5","AFNS-Q-485","AFNS-A-Q465","AFNS-A"
"70000000-0000-0000-0000-0000000001e6","AFNS-Q-486","AFNS-A-Q466","AFNS-A"
"70000000-0000-0000-0000-0000000001e7","AFNS-Q-487","AFNS-A-Q467","AFNS-A"
"70000000-0000-0000-0000-0000000001e8","AFNS-Q-488","AFNS-A-Q468","AFNS-A"
"70000000-0000-0000-0000-0000000001e9","AFNS-Q-489","AFNS-A-Q469","AFNS-A"
"70000000-0000-0000-0000-0000000001ea","AFNS-Q-490","v-Q21","v"
"70000000-0000-0000-0000-0000000001eb","AFNS-Q-491","AFNS-A-Q470","AFNS-A"
"70000000-0000-0000-0000-0000000001ec","AFNS-Q-492","AFNS-A-Q471","AFNS-A"
"70000000-0000-0000-0000-0000000001ed","AFNS-Q-493","AFNS-A-Q472","AFNS-A"
"70000000-0000-0000-0000-0000000001ee","AFNS-Q-494","AFNS-A-Q473","AFNS-A"
"70000000-0000-0000-0000-0000000001ef","AFNS-Q-495","AFNS-A-Q474","AFNS-A"
"70000000-0000-0000-0000-0000000001f0","AFNS-Q-496","AFNS-A-Q475","AFNS-A"
"70000000-0000-0000-0000-0000000001f1","AFNS-Q-497","v-Q22","v"
"70000000-0000-0000-0000-0000000001f2","AFNS-Q-498","v-Q23","v"
"70000000-0000-0000-0000-0000000001f3","AFNS-Q-499","AFNS-A-Q476","AFNS-A"
"70000000-0000-0000-0000-0000000001f4","AFNS-Q-500","AFNS-A-Q477","AFNS-A"
"70000000-0000-0000-0000-0000000001f5","AFNS-Q-501","AFNS-A-Q478","AFNS-A"
"70000000-0000-0000-0000-0000000001f6","AFNS-Q-502","AFNS-A-Q479","AFNS-A"
"70000000-0000-0000-0000-0000000001f7","AFNS-Q-503","v-Q24","v"
"70000000-0000-0000-0000-0000000001f8","AFNS-Q-504","AFNS-A-Q480","AFNS-A"
"70000000-0000-0000-0000-0000000001f9","AFNS-Q-505","AFNS-A-Q481","AFNS-A"
"70000000-0000-0000-0000-0000000001fa","AFNS-Q-506","AFNS-A-Q482","AFNS-A"
"70000000-0000-0000-0000-0000000001fb","AFNS-Q-507","AFNS-A-Q483","AFNS-A"
"70000000-0000-0000-0000-0000000001fc","AFNS-Q-508","AFNS-A-Q484","AFNS-A"
"70000000-0000-0000-0000-0000000001fd","AFNS-Q-509","AFNS-A-Q485","AFNS-A"
"70000000-0000-0000-0000-0000000001fe","AFNS-Q-510","v-Q25","v"
"70000000-0000-0000-0000-0000000001ff","AFNS-Q-511","AFNS-A-Q486","AFNS-A"
"70000000-0000-0000-0000-000000000200","AFNS-Q-512","AFNS-A-Q487","AFNS-A"
"70000000-0000-0000-0000-000000000201","AFNS-Q-513","AFNS-A-Q488","AFNS-A"
"70000000-0000-0000-0000-000000000202","AFNS-Q-514","AFNS-A-Q489","AFNS-A"
"70000000-0000-0000-0000-000000000203","AFNS-Q-515","AFNS-A-Q490","AFNS-A"
"70000000-0000-0000-0000-000000000204","AFNS-Q-516","AFNS-A-Q491","AFNS-A"
"70000000-0000-0000-0000-000000000205","AFNS-Q-517","AFNS-A-Q492","AFNS-A"
"70000000-0000-0000-0000-000000000206","AFNS-Q-518","AFNS-A-Q493","AFNS-A"
"70000000-0000-0000-0000-000000000207","AFNS-Q-519","AFNS-A-Q494","AFNS-A"
"70000000-0000-0000-0000-000000000208","AFNS-Q-520","AFNS-A-Q495","AFNS-A"
"70000000-0000-0000-0000-000000000209","AFNS-Q-521","AFNS-A-Q496","AFNS-A"
"70000000-0000-0000-0000-00000000020a","AFNS-Q-522","AFNS-A-Q497","AFNS-A"
"70000000-0000-0000-0000-00000000020b","AFNS-Q-523","AFNS-A-Q498","AFNS-A"
"70000000-0000-0000-0000-00000000020c","AFNS-Q-524","AFNS-A-Q499","AFNS-A"
"70000000-0000-0000-0000-00000000020d","AFNS-Q-525","AFNS-A-Q500","AFNS-A"
"70000000-0000-0000-0000-00000000020e","AFNS-Q-526","AFNS-A-Q501","AFNS-A"
"70000000-0000-0000-0000-00000000020f","AFNS-Q-527","AFNS-A-Q502","AFNS-A"
"70000000-0000-0000-0000-000000000210","AFNS-Q-528","AFNS-A-Q503","AFNS-A"
"70000000-0000-0000-0000-000000000211","AFNS-Q-529","AFNS-A-Q504","AFNS-A"
"70000000-0000-0000-0000-000000000212","AFNS-Q-530","AFNS-A-Q505","AFNS-A"
"70000000-0000-0000-0000-000000000213","AFNS-Q-531","AFNS-A-Q506","AFNS-A"
"70000000-0000-0000-0000-000000000214","AFNS-Q-532","AFNS-A-Q507","AFNS-A"
"70000000-0000-0000-0000-000000000215","AFNS-Q-533","AFNS-A-Q508","AFNS-A"
"70000000-0000-0000-0000-000000000216","AFNS-Q-534","AFNS-A-Q509","AFNS-A"
"70000000-0000-0000-0000-000000000217","AFNS-Q-535","AFNS-A-Q510","AFNS-A"
"70000000-0000-0000-0000-000000000218","AFNS-Q-536","AFNS-A-Q511","AFNS-A"
"70000000-0000-0000-0000-000000000219","AFNS-Q-537","AFNS-A-Q512","AFNS-A"
"70000000-0000-0000-0000-00000000021a","AFNS-Q-538","AFNS-A-Q513","AFNS-A"
"70000000-0000-0000-0000-00000000021b","AFNS-Q-539","AFNS-A-Q514","AFNS-A"
"70000000-0000-0000-0000-00000000021c","AFNS-Q-540","AFNS-A-Q515","AFNS-A"
"70000000-0000-0000-0000-00000000021d","AFNS-Q-541","AFNS-A-Q516","AFNS-A"
"70000000-0000-0000-0000-00000000021e","AFNS-Q-542","AFNS-A-Q517","AFNS-A"
"70000000-0000-0000-0000-00000000021f","AFNS-Q-543","AFNS-A-Q518","AFNS-A"
"70000000-0000-0000-0000-000000000220","AFNS-Q-544","AFNS-A-Q519","AFNS-A"
"70000000-0000-0000-0000-000000000221","AFNS-Q-545","AFNS-A-Q520","AFNS-A"
"70000000-0000-0000-0000-000000000222","AFNS-Q-546","AFNS-A-Q521","AFNS-A"
"70000000-0000-0000-0000-000000000223","AFNS-Q-547","AFNS-A-Q522","AFNS-A"
"70000000-0000-0000-0000-000000000224","AFNS-Q-548","AFNS-A-Q523","AFNS-A"
"70000000-0000-0000-0000-000000000225","AFNS-Q-549","AFNS-A-Q524","AFNS-A"
"70000000-0000-0000-0000-000000000226","AFNS-Q-550","AFNS-A-Q525","AFNS-A"
"70000000-0000-0000-0000-000000000227","AFNS-Q-551","AFNS-A-Q526","AFNS-A"
"70000000-0000-0000-0000-000000000228","AFNS-Q-552","AFNS-A-Q527","AFNS-A"
"70000000-0000-0000-0000-000000000229","AFNS-Q-553","AFNS-A-Q528","AFNS-A"
"70000000-0000-0000-0000-00000000022a","AFNS-Q-554","AFNS-A-Q529","AFNS-A"
"70000000-0000-0000-0000-00000000022b","AFNS-Q-555","AFNS-A-Q530","AFNS-A"
"70000000-0000-0000-0000-00000000022c","AFNS-Q-556","AFNS-A-Q531","AFNS-A"
"70000000-0000-0000-0000-00000000022d","AFNS-Q-557","AFNS-A-Q532","AFNS-A"
"70000000-0000-0000-0000-00000000022e","AFNS-Q-558","AFNS-A-Q533","AFNS-A"
"70000000-0000-0000-0000-00000000022f","AFNS-Q-559","AFNS-A-Q534","AFNS-A"
"70000000-0000-0000-0000-000000000230","AFNS-Q-560","v-Q26","v"
"70000000-0000-0000-0000-000000000231","AFNS-Q-561","AFNS-A-Q535","AFNS-A"
"70000000-0000-0000-0000-000000000232","AFNS-Q-562","AFNS-A-Q536","AFNS-A"
"70000000-0000-0000-0000-000000000233","AFNS-Q-563","AFNS-A-Q537","AFNS-A"
"70000000-0000-0000-0000-000000000234","AFNS-Q-564","AFNS-A-Q538","AFNS-A"
"70000000-0000-0000-0000-000000000235","AFNS-Q-565","AFNS-A-Q539","AFNS-A"
"70000000-0000-0000-0000-000000000236","AFNS-Q-566","AFNS-A-Q540","AFNS-A"
"70000000-0000-0000-0000-000000000237","AFNS-Q-567","AFNS-A-Q541","AFNS-A"
"70000000-0000-0000-0000-000000000238","AFNS-Q-568","v-Q27","v"
"70000000-0000-0000-0000-000000000239","AFNS-Q-569","AFNS-A-Q542","AFNS-A"
"70000000-0000-0000-0000-00000000023a","AFNS-Q-570","AFNS-A-Q543","AFNS-A"
"70000000-0000-0000-0000-00000000023b","AFNS-Q-571","AFNS-A-Q544","AFNS-A"
"70000000-0000-0000-0000-00000000023c","AFNS-Q-572","AFNS-A-Q545","AFNS-A"
"70000000-0000-0000-0000-00000000023d","AFNS-Q-573","AFNS-A-Q546","AFNS-A"
"70000000-0000-0000-0000-00000000023e","AFNS-Q-574","AFNS-A-Q547","AFNS-A"
"70000000-0000-0000-0000-00000000023f","AFNS-Q-575","AFNS-A-Q548","AFNS-A"
"70000000-0000-0000-0000-000000000240","AFNS-Q-576","AFNS-A-Q549","AFNS-A"
"70000000-0000-0000-0000-000000000241","AFNS-Q-577","AFNS-A-Q550","AFNS-A"
"70000000-0000-0000-0000-000000000242","AFNS-Q-578","AFNS-A-Q551","AFNS-A"
"70000000-0000-0000-0000-000000000243","AFNS-Q-579","AFNS-A-Q552","AFNS-A"
"70000000-0000-0000-0000-000000000244","AFNS-Q-580","AFNS-A-Q553","AFNS-A"
"70000000-0000-0000-0000-000000000245","AFNS-Q-581","AFNS-A-Q554","AFNS-A"
"70000000-0000-0000-0000-000000000246","AFNS-Q-582","AFNS-A-Q555","AFNS-A"
"70000000-0000-0000-0000-000000000247","AFNS-Q-583","AFNS-A-Q556","AFNS-A"
"70000000-0000-0000-0000-000000000248","AFNS-Q-584","AFNS-A-Q557","AFNS-A"
"70000000-0000-0000-0000-000000000249","AFNS-Q-585","v-Q28","v"
"70000000-0000-0000-0000-00000000024a","AFNS-Q-586","AFNS-A-Q558","AFNS-A"
"70000000-0000-0000-0000-00000000024b","AFNS-Q-587","v-Q29","v"
"70000000-0000-0000-0000-00000000024c","AFNS-Q-588","v-Q30","v"
"70000000-0000-0000-0000-00000000024d","AFNS-Q-589","AFNS-A-Q559","AFNS-A"
"70000000-0000-0000-0000-00000000024e","AFNS-Q-590","AFNS-A-Q560","AFNS-A"
"70000000-0000-0000-0000-00000000024f","AFNS-Q-591","AFNS-A-Q561","AFNS-A"
"70000000-0000-0000-0000-000000000250","AFNS-Q-592","AFNS-A-Q562","AFNS-A"
"70000000-0000-0000-0000-000000000251","AFNS-Q-593","AFNS-A-Q563","AFNS-A"
"70000000-0000-0000-0000-000000000252","AFNS-Q-594","AFNS-A-Q564","AFNS-A"
"70000000-0000-0000-0000-000000000253","AFNS-Q-595","AFNS-A-Q565","AFNS-A"
"70000000-0000-0000-0000-000000000254","AFNS-Q-596","AFNS-A-Q566","AFNS-A"
"70000000-0000-0000-0000-000000000255","AFNS-Q-597","AFNS-A-Q567","AFNS-A"
"70000000-0000-0000-0000-000000000256","AFNS-Q-598","AFNS-A-Q568","AFNS-A"
"70000000-0000-0000-0000-000000000257","AFNS-Q-599","AFNS-A-Q569","AFNS-A"
"70000000-0000-0000-0000-000000000258","AFNS-Q-600","AFNS-A-Q570","AFNS-A"
"70000000-0000-0000-0000-000000000259","AFNS-Q-601","AFNS-A-Q571","AFNS-A"
"70000000-0000-0000-0000-00000000025a","AFNS-Q-602","AFNS-A-Q572","AFNS-A"
"70000000-0000-0000-0000-00000000025b","AFNS-Q-603","AFNS-A-Q573","AFNS-A"
"70000000-0000-0000-0000-00000000025c","AFNS-Q-604","AFNS-A-Q574","AFNS-A"
"70000000-0000-0000-0000-00000000025d","AFNS-Q-605","AFNS-A-Q575","AFNS-A"
"70000000-0000-0000-0000-00000000025e","AFNS-Q-606","AFNS-A-Q576","AFNS-A"
"70000000-0000-0000-0000-00000000025f","AFNS-Q-607","AFNS-A-Q577","AFNS-A"
"70000000-0000-0000-0000-000000000260","AFNS-Q-608","AFNS-A-Q578","AFNS-A"
"70000000-0000-0000-0000-000000000261","AFNS-Q-609","AFNS-A-Q579","AFNS-A"
"70000000-0000-0000-0000-000000000262","AFNS-Q-610","AFNS-A-Q580","AFNS-A"
"70000000-0000-0000-0000-000000000263","AFNS-Q-611","AFNS-A-Q581","AFNS-A"
"70000000-0000-0000-0000-000000000264","AFNS-Q-612","AFNS-A-Q582","AFNS-A"
"70000000-0000-0000-0000-000000000265","AFNS-Q-613","AFNS-A-Q583","AFNS-A"
"70000000-0000-0000-0000-000000000266","AFNS-Q-614","AFNS-A-Q584","AFNS-A"
"70000000-0000-0000-0000-000000000267","AFNS-Q-615","AFNS-A-Q585","AFNS-A"
"70000000-0000-0000-0000-000000000268","AFNS-Q-616","AFNS-A-Q586","AFNS-A"
"70000000-0000-0000-0000-000000000269","AFNS-Q-617","AFNS-A-Q587","AFNS-A"
"70000000-0000-0000-0000-00000000026a","AFNS-Q-618","AFNS-A-Q588","AFNS-A"
"70000000-0000-0000-0000-00000000026b","AFNS-Q-619","AFNS-A-Q589","AFNS-A"
"70000000-0000-0000-0000-00000000026c","AFNS-Q-620","AFNS-A-Q590","AFNS-A"
"70000000-0000-0000-0000-00000000026d","AFNS-Q-621","AFNS-A-Q591","AFNS-A"
"70000000-0000-0000-0000-00000000026e","AFNS-Q-622","AFNS-A-Q592","AFNS-A"
"70000000-0000-0000-0000-00000000026f","AFNS-Q-623","AFNS-A-Q593","AFNS-A"
"70000000-0000-0000-0000-000000000270","AFNS-Q-624","AFNS-A-Q594","AFNS-A"
"70000000-0000-0000-0000-000000000271","AFNS-Q-625","AFNS-A-Q595","AFNS-A"
"70000000-0000-0000-0000-000000000272","AFNS-Q-626","v-Q31","v"
"70000000-0000-0000-0000-000000000273","AFNS-Q-627","v-Q32","v"
"70000000-0000-0000-0000-000000000274","AFNS-Q-628","AFNS-A-Q596","AFNS-A"
"70000000-0000-0000-0000-000000000275","AFNS-Q-629","AFNS-A-Q597","AFNS-A"
"70000000-0000-0000-0000-000000000276","AFNS-Q-630","AFNS-A-Q598","AFNS-A"
"70000000-0000-0000-0000-000000000277","AFNS-Q-631","v-Q33","v"
"70000000-0000-0000-0000-000000000278","AFNS-Q-632","AFNS-A-Q599","AFNS-A"
"70000000-0000-0000-0000-000000000279","AFNS-Q-633","AFNS-A-Q600","AFNS-A"
"70000000-0000-0000-0000-00000000027a","AFNS-Q-634","AFNS-A-Q601","AFNS-A"
"70000000-0000-0000-0000-00000000027b","AFNS-Q-635","AFNS-A-Q602","AFNS-A"
"70000000-0000-0000-0000-00000000027c","AFNS-Q-636","AFNS-A-Q603","AFNS-A"
"70000000-0000-0000-0000-00000000027d","AFNS-Q-637","AFNS-A-Q604","AFNS-A"
"70000000-0000-0000-0000-00000000027e","AFNS-Q-638","AFNS-A-Q605","AFNS-A"
"70000000-0000-0000-0000-00000000027f","AFNS-Q-639","AFNS-A-Q606","AFNS-A"
"70000000-0000-0000-0000-000000000280","AFNS-Q-640","AFNS-A-Q607","AFNS-A"
"70000000-0000-0000-0000-000000000281","AFNS-Q-641","AFNS-A-Q608","AFNS-A"
"70000000-0000-0000-0000-000000000282","AFNS-Q-642","AFNS-A-Q609","AFNS-A"
"70000000-0000-0000-0000-000000000283","AFNS-Q-643","v-Q34","v"
"70000000-0000-0000-0000-000000000284","AFNS-Q-644","AFNS-A-Q610","AFNS-A"
"70000000-0000-0000-0000-000000000285","AFNS-Q-645","AFNS-A-Q611","AFNS-A"
"70000000-0000-0000-0000-000000000286","AFNS-Q-646","AFNS-A-Q612","AFNS-A"
"70000000-0000-0000-0000-000000000287","AFNS-Q-647","AFNS-A-Q613","AFNS-A"
"70000000-0000-0000-0000-000000000288","AFNS-Q-648","AFNS-A-Q614","AFNS-A"
"70000000-0000-0000-0000-000000000289","AFNS-Q-649","AFNS-A-Q615","AFNS-A"
"70000000-0000-0000-0000-00000000028a","AFNS-Q-650","AFNS-A-Q616","AFNS-A"
"70000000-0000-0000-0000-00000000028b","AFNS-Q-651","v-Q35","v"
"70000000-0000-0000-0000-00000000028c","AFNS-Q-652","AFNS-A-Q617","AFNS-A"
"70000000-0000-0000-0000-00000000028d","AFNS-Q-653","v-Q36","v"
"70000000-0000-0000-0000-00000000028e","AFNS-Q-654","v-Q37","v"
"70000000-0000-0000-0000-00000000028f","AFNS-Q-655","AFNS-A-Q618","AFNS-A"
"70000000-0000-0000-0000-000000000290","AFNS-Q-656","AFNS-A-Q619","AFNS-A"
"70000000-0000-0000-0000-000000000291","AFNS-Q-657","AFNS-A-Q620","AFNS-A"
"70000000-0000-0000-0000-000000000292","AFNS-Q-658","AFNS-A-Q621","AFNS-A"
"70000000-0000-0000-0000-000000000293","AFNS-Q-659","AFNS-A-Q622","AFNS-A"
"70000000-0000-0000-0000-000000000294","AFNS-Q-660","AFNS-A-Q623","AFNS-A"
"70000000-0000-0000-0000-000000000295","AFNS-Q-661","AFNS-A-Q624","AFNS-A"
"70000000-0000-0000-0000-000000000296","AFNS-Q-662","AFNS-A-Q625","AFNS-A"
"70000000-0000-0000-0000-000000000297","AFNS-Q-663","AFNS-A-Q626","AFNS-A"
"70000000-0000-0000-0000-000000000298","AFNS-Q-664","AFNS-A-Q627","AFNS-A"
"70000000-0000-0000-0000-000000000299","AFNS-Q-665","AFNS-A-Q628","AFNS-A"
"70000000-0000-0000-0000-00000000029a","AFNS-Q-666","AFNS-A-Q629","AFNS-A"
"70000000-0000-0000-0000-00000000029b","AFNS-Q-667","AFNS-A-Q630","AFNS-A"
"70000000-0000-0000-0000-00000000029c","AFNS-Q-668","AFNS-A-Q631","AFNS-A"
"70000000-0000-0000-0000-00000000029d","AFNS-Q-669","AFNS-A-Q632","AFNS-A"
"70000000-0000-0000-0000-00000000029e","AFNS-Q-670","AFNS-A-Q633","AFNS-A"
"70000000-0000-0000-0000-00000000029f","AFNS-Q-671","AFNS-A-Q634","AFNS-A"
"70000000-0000-0000-0000-0000000002a0","AFNS-Q-672","AFNS-A-Q635","AFNS-A"
"70000000-0000-0000-0000-0000000002a1","AFNS-Q-673","AFNS-A-Q636","AFNS-A"
"70000000-0000-0000-0000-0000000002a2","AFNS-Q-674","AFNS-A-Q637","AFNS-A"
"70000000-0000-0000-0000-0000000002a3","AFNS-Q-675","AFNS-A-Q638","AFNS-A"
"70000000-0000-0000-0000-0000000002a4","AFNS-Q-676","AFNS-A-Q639","AFNS-A"
"70000000-0000-0000-0000-0000000002a5","AFNS-Q-677","AFNS-A-Q640","AFNS-A"
"70000000-0000-0000-0000-0000000002a6","AFNS-Q-678","AFNS-A-Q641","AFNS-A"
"70000000-0000-0000-0000-0000000002a7","AFNS-Q-679","AFNS-A-Q642","AFNS-A"
"70000000-0000-0000-0000-0000000002a8","AFNS-Q-680","AFNS-A-Q643","AFNS-A"
"70000000-0000-0000-0000-0000000002a9","AFNS-Q-681","AFNS-A-Q644","AFNS-A"
"70000000-0000-0000-0000-0000000002aa","AFNS-Q-682","AFNS-A-Q645","AFNS-A"
"70000000-0000-0000-0000-0000000002ab","AFNS-Q-683","AFNS-A-Q646","AFNS-A"
"70000000-0000-0000-0000-0000000002ac","AFNS-Q-684","AFNS-A-Q647","AFNS-A"
"70000000-0000-0000-0000-0000000002ad","AFNS-Q-685","AFNS-A-Q648","AFNS-A"
"70000000-0000-0000-0000-0000000002ae","AFNS-Q-686","AFNS-A-Q649","AFNS-A"
"70000000-0000-0000-0000-0000000002af","AFNS-Q-687","AFNS-A-Q650","AFNS-A"
"70000000-0000-0000-0000-0000000002b0","AFNS-Q-688","AFNS-A-Q651","AFNS-A"
"70000000-0000-0000-0000-0000000002b1","AFNS-Q-689","AFNS-A-Q652","AFNS-A"
"70000000-0000-0000-0000-0000000002b2","AFNS-Q-690","AFNS-A-Q653","AFNS-A"
"70000000-0000-0000-0000-0000000002b3","AFNS-Q-691","AFNS-A-Q654","AFNS-A"
"70000000-0000-0000-0000-0000000002b4","AFNS-Q-692","AFNS-A-Q655","AFNS-A"
"70000000-0000-0000-0000-0000000002b5","AFNS-Q-693","AFNS-A-Q656","AFNS-A"
"70000000-0000-0000-0000-0000000002b6","AFNS-Q-694","AFNS-A-Q657","AFNS-A"
"70000000-0000-0000-0000-0000000002b7","AFNS-Q-695","AFNS-A-Q658","AFNS-A"
"70000000-0000-0000-0000-0000000002b8","AFNS-Q-696","AFNS-A-Q659","AFNS-A"
"70000000-0000-0000-0000-0000000002b9","AFNS-Q-697","AFNS-A-Q660","AFNS-A"
"70000000-0000-0000-0000-0000000002ba","AFNS-Q-698","AFNS-A-Q661","AFNS-A"
"70000000-0000-0000-0000-0000000002bb","AFNS-Q-699","AFNS-A-Q662","AFNS-A"
"70000000-0000-0000-0000-0000000002bc","AFNS-Q-700","AFNS-A-Q663","AFNS-A"
"70000000-0000-0000-0000-0000000002bd","AFNS-Q-701","AFNS-A-Q664","AFNS-A"
"70000000-0000-0000-0000-0000000002be","AFNS-Q-702","AFNS-A-Q665","AFNS-A"
"70000000-0000-0000-0000-0000000002bf","AFNS-Q-703","AFNS-A-Q666","AFNS-A"
"70000000-0000-0000-0000-0000000002c0","AFNS-Q-704","AFNS-A-Q667","AFNS-A"
"70000000-0000-0000-0000-0000000002c1","AFNS-Q-705","AFNS-A-Q668","AFNS-A"
"70000000-0000-0000-0000-0000000002c2","AFNS-Q-706","AFNS-A-Q669","AFNS-A"
"70000000-0000-0000-0000-0000000002c3","AFNS-Q-707","AFNS-A-Q670","AFNS-A"
"70000000-0000-0000-0000-0000000002c4","AFNS-Q-708","AFNS-A-Q671","AFNS-A"
"70000000-0000-0000-0000-0000000002c5","AFNS-Q-709","AFNS-A-Q672","AFNS-A"
"70000000-0000-0000-0000-0000000002c6","AFNS-Q-710","AFNS-A-Q673","AFNS-A"
"70000000-0000-0000-0000-0000000002c7","AFNS-Q-711","AFNS-A-Q674","AFNS-A"
"70000000-0000-0000-0000-0000000002c8","AFNS-Q-712","AFNS-A-Q675","AFNS-A"
"70000000-0000-0000-0000-0000000002c9","AFNS-Q-713","AFNS-A-Q676","AFNS-A"
"70000000-0000-0000-0000-0000000002ca","AFNS-Q-714","AFNS-A-Q677","AFNS-A"
"70000000-0000-0000-0000-0000000002cb","AFNS-Q-715","AFNS-A-Q678","AFNS-A"
"70000000-0000-0000-0000-0000000002cc","AFNS-Q-716","AFNS-A-Q679","AFNS-A"
"70000000-0000-0000-0000-0000000002cd","AFNS-Q-717","AFNS-A-Q680","AFNS-A"
"70000000-0000-0000-0000-0000000002ce","AFNS-Q-718","AFNS-A-Q681","AFNS-A"
"70000000-0000-0000-0000-0000000002cf","AFNS-Q-719","AFNS-A-Q682","AFNS-A"
"70000000-0000-0000-0000-0000000002d0","AFNS-Q-720","AFNS-A-Q683","AFNS-A"
"70000000-0000-0000-0000-0000000002d1","AFNS-Q-721","AFNS-A-Q684","AFNS-A"
"70000000-0000-0000-0000-0000000002d2","AFNS-Q-722","AFNS-A-Q685","AFNS-A"
"70000000-0000-0000-0000-0000000002d3","AFNS-Q-723","AFNS-A-Q686","AFNS-A"
"70000000-0000-0000-0000-0000000002d4","AFNS-Q-724","AFNS-A-Q687","AFNS-A"
"70000000-0000-0000-0000-0000000002d5","AFNS-Q-725","AFNS-A-Q688","AFNS-A"
"70000000-0000-0000-0000-0000000002d6","AFNS-Q-726","AFNS-A-Q689","AFNS-A"
"70000000-0000-0000-0000-0000000002d7","AFNS-Q-727","AFNS-A-Q690","AFNS-A"
"70000000-0000-0000-0000-0000000002d8","AFNS-Q-728","AFNS-A-Q691","AFNS-A"
"70000000-0000-0000-0000-0000000002d9","AFNS-Q-729","AFNS-A-Q692","AFNS-A"
"70000000-0000-0000-0000-0000000002da","AFNS-Q-730","AFNS-A-Q693","AFNS-A"
"70000000-0000-0000-0000-0000000002db","AFNS-Q-731","AFNS-A-Q694","AFNS-A"
"70000000-0000-0000-0000-0000000002dc","AFNS-Q-732","AFNS-A-Q695","AFNS-A"
"70000000-0000-0000-0000-0000000002dd","AFNS-Q-733","AFNS-A-Q696","AFNS-A"
"70000000-0000-0000-0000-0000000002de","AFNS-Q-734","AFNS-A-Q697","AFNS-A"
"70000000-0000-0000-0000-0000000002df","AFNS-Q-735","AFNS-A-Q698","AFNS-A"
"70000000-0000-0000-0000-0000000002e0","AFNS-Q-736","AFNS-A-Q699","AFNS-A"
"70000000-0000-0000-0000-0000000002e1","AFNS-Q-737","AFNS-A-Q700","AFNS-A"
"70000000-0000-0000-0000-0000000002e2","AFNS-Q-738","AFNS-A-Q701","AFNS-A"
"70000000-0000-0000-0000-0000000002e3","AFNS-Q-739","AFNS-A-Q702","AFNS-A"
"70000000-0000-0000-0000-0000000002e4","AFNS-Q-740","AFNS-A-Q703","AFNS-A"
"70000000-0000-0000-0000-0000000002e5","AFNS-Q-741","AFNS-A-Q704","AFNS-A"
"70000000-0000-0000-0000-0000000002e6","AFNS-Q-742","AFNS-A-Q705","AFNS-A"
"70000000-0000-0000-0000-0000000002e7","AFNS-Q-743","AFNS-A-Q706","AFNS-A"
"70000000-0000-0000-0000-0000000002e8","AFNS-Q-744","AFNS-A-Q707","AFNS-A"
"70000000-0000-0000-0000-0000000002e9","AFNS-Q-745","AFNS-A-Q708","AFNS-A"
"70000000-0000-0000-0000-0000000002ea","AFNS-Q-746","AFNS-A-Q709","AFNS-A"
"70000000-0000-0000-0000-0000000002eb","AFNS-Q-747","AFNS-A-Q710","AFNS-A"
"70000000-0000-0000-0000-0000000002ec","AFNS-Q-748","AFNS-A-Q711","AFNS-A"
"70000000-0000-0000-0000-0000000002ed","AFNS-Q-749","AFNS-A-Q712","AFNS-A"
"70000000-0000-0000-0000-0000000002ee","AFNS-Q-750","AFNS-A-Q713","AFNS-A"
"70000000-0000-0000-0000-0000000002ef","AFNS-Q-751","AFNS-A-Q714","AFNS-A"
"70000000-0000-0000-0000-0000000002f0","AFNS-Q-752","AFNS-A-Q715","AFNS-A"
"70000000-0000-0000-0000-0000000002f1","AFNS-Q-753","AFNS-A-Q716","AFNS-A"
"70000000-0000-0000-0000-0000000002f2","AFNS-Q-754","v-Q38","v"
"70000000-0000-0000-0000-0000000002f3","AFNS-Q-755","AFNS-A-Q717","AFNS-A"
"70000000-0000-0000-0000-0000000002f4","AFNS-Q-756","AFNS-A-Q718","AFNS-A"
"70000000-0000-0000-0000-0000000002f5","AFNS-Q-757","AFNS-A-Q719","AFNS-A"
"70000000-0000-0000-0000-0000000002f6","AFNS-Q-758","AFNS-A-Q720","AFNS-A"
"70000000-0000-0000-0000-0000000002f7","AFNS-Q-759","AFNS-A-Q721","AFNS-A"
"70000000-0000-0000-0000-0000000002f8","AFNS-Q-760","AFNS-A-Q722","AFNS-A"
"70000000-0000-0000-0000-0000000002f9","AFNS-Q-761","AFNS-A-Q723","AFNS-A"
"70000000-0000-0000-0000-0000000002fa","AFNS-Q-762","AFNS-A-Q724","AFNS-A"
"75000000-0000-0000-0000-000000000001","PMA-Q-001","PMA-LC-A-Q1","PMA-LC-A"
"75000000-0000-0000-0000-000000000002","PMA-Q-002","PMA-LC-A-Q2","PMA-LC-A"
"75000000-0000-0000-0000-000000000003","PMA-Q-003","PMA-LC-A-Q3","PMA-LC-A"
"75000000-0000-0000-0000-000000000004","PMA-Q-004","PMA-LC-A-Q4","PMA-LC-A"
"75000000-0000-0000-0000-000000000005","PMA-Q-005","PMA-LC-A-Q5","PMA-LC-A"
"75000000-0000-0000-0000-000000000006","PMA-Q-006","PMA-LC-A-Q6","PMA-LC-A"
"75000000-0000-0000-0000-000000000007","PMA-Q-007","PMA-LC-A-Q7","PMA-LC-A"
"75000000-0000-0000-0000-000000000008","PMA-Q-008","PMA-LC-A-Q8","PMA-LC-A"
"75000000-0000-0000-0000-000000000009","PMA-Q-009","PMA-LC-A-Q9","PMA-LC-A"
"75000000-0000-0000-0000-00000000000a","PMA-Q-010","PMA-LC-A-Q10","PMA-LC-A"
"75000000-0000-0000-0000-00000000000b","PMA-Q-011","PMA-LC-A-Q11","PMA-LC-A"
"75000000-0000-0000-0000-00000000000c","PMA-Q-012","PMA-LC-A-Q12","PMA-LC-A"
"75000000-0000-0000-0000-00000000000d","PMA-Q-013","PMA-LC-A-Q13","PMA-LC-A"
"75000000-0000-0000-0000-00000000000e","PMA-Q-014","PMA-LC-A-Q14","PMA-LC-A"
"75000000-0000-0000-0000-00000000000f","PMA-Q-015","PMA-LC-A-Q15","PMA-LC-A"
"75000000-0000-0000-0000-000000000010","PMA-Q-016","PMA-LC-A-Q16","PMA-LC-A"
"75000000-0000-0000-0000-000000000011","PMA-Q-017","PMA-LC-A-Q17","PMA-LC-A"
"75000000-0000-0000-0000-000000000012","PMA-Q-018","PMA-LC-A-Q18","PMA-LC-A"
"75000000-0000-0000-0000-000000000013","PMA-Q-019","PMA-LC-A-Q19","PMA-LC-A"
"75000000-0000-0000-0000-000000000014","PMA-Q-020","PMA-LC-A-Q20","PMA-LC-A"
"75000000-0000-0000-0000-000000000015","PMA-Q-021","PMA-LC-A-Q21","PMA-LC-A"
"75000000-0000-0000-0000-000000000016","PMA-Q-022","PMA-LC-A-Q22","PMA-LC-A"
"75000000-0000-0000-0000-000000000017","PMA-Q-023","PMA-LC-A-Q23","PMA-LC-A"
"75000000-0000-0000-0000-000000000018","PMA-Q-024","PMA-LC-A-Q24","PMA-LC-A"
"75000000-0000-0000-0000-000000000019","PMA-Q-025","PMA-LC-A-Q25","PMA-LC-A"
"75000000-0000-0000-0000-00000000001a","PMA-Q-026","PMA-LC-A-Q26","PMA-LC-A"
"75000000-0000-0000-0000-00000000001b","PMA-Q-027","PMA-LC-A-Q27","PMA-LC-A"
"75000000-0000-0000-0000-00000000001c","PMA-Q-028","PMA-LC-A-Q28","PMA-LC-A"
"75000000-0000-0000-0000-00000000001d","PMA-Q-029","PMA-LC-A-Q29","PMA-LC-A"
"75000000-0000-0000-0000-00000000001e","PMA-Q-030","PMA-LC-A-Q30","PMA-LC-A"
"75000000-0000-0000-0000-00000000001f","PMA-Q-031","PMA-LC-A-Q31","PMA-LC-A"
"75000000-0000-0000-0000-000000000020","PMA-Q-032","PMA-LC-A-Q32","PMA-LC-A"
"75000000-0000-0000-0000-000000000021","PMA-Q-033","PMA-LC-A-Q33","PMA-LC-A"
"75000000-0000-0000-0000-000000000022","PMA-Q-034","PMA-LC-A-Q34","PMA-LC-A"
"75000000-0000-0000-0000-000000000023","PMA-Q-035","PMA-LC-A-Q35","PMA-LC-A"
"75000000-0000-0000-0000-000000000024","PMA-Q-036","PMA-LC-A-Q36","PMA-LC-A"
"75000000-0000-0000-0000-000000000025","PMA-Q-037","PMA-LC-A-Q37","PMA-LC-A"
"75000000-0000-0000-0000-000000000026","PMA-Q-038","PMA-LC-A-Q38","PMA-LC-A"
"75000000-0000-0000-0000-000000000027","PMA-Q-039","PMA-LC-A-Q39","PMA-LC-A"
"75000000-0000-0000-0000-000000000028","PMA-Q-040","PMA-LC-A-Q40","PMA-LC-A"
"75000000-0000-0000-0000-000000000029","PMA-Q-041","PMA-LC-A-Q41","PMA-LC-A"
"75000000-0000-0000-0000-00000000002a","PMA-Q-042","PMA-LC-A-Q42","PMA-LC-A"
"75000000-0000-0000-0000-00000000002b","PMA-Q-043","PMA-LC-A-Q43","PMA-LC-A"
"75000000-0000-0000-0000-00000000002c","PMA-Q-044","PMA-LC-A-Q44","PMA-LC-A"
"75000000-0000-0000-0000-00000000002d","PMA-Q-045","PMA-LC-A-Q45","PMA-LC-A"
"75000000-0000-0000-0000-00000000002e","PMA-Q-046","PMA-LC-A-Q46","PMA-LC-A"
"75000000-0000-0000-0000-00000000002f","PMA-Q-047","PMA-LC-A-Q47","PMA-LC-A"
"75000000-0000-0000-0000-000000000030","PMA-Q-048","PMA-LC-A-Q48","PMA-LC-A"
"75000000-0000-0000-0000-000000000031","PMA-Q-049","PMA-LC-A-Q49","PMA-LC-A"
"75000000-0000-0000-0000-000000000032","PMA-Q-050","PMA-LC-A-Q50","PMA-LC-A"
"75000000-0000-0000-0000-000000000033","PMA-Q-051","PMA-LC-A-Q51","PMA-LC-A"
"75000000-0000-0000-0000-000000000034","PMA-Q-052","PMA-LC-A-Q52","PMA-LC-A"
"75000000-0000-0000-0000-000000000035","PMA-Q-053","PMA-LC-A-Q53","PMA-LC-A"
"75000000-0000-0000-0000-000000000036","PMA-Q-054","PMA-LC-A-Q54","PMA-LC-A"
"75000000-0000-0000-0000-000000000037","PMA-Q-055","PMA-LC-A-Q55","PMA-LC-A"
"75000000-0000-0000-0000-000000000038","PMA-Q-056","PMA-LC-A-Q56","PMA-LC-A"
"75000000-0000-0000-0000-000000000039","PMA-Q-057","PMA-LC-A-Q57","PMA-LC-A"
"75000000-0000-0000-0000-00000000003a","PMA-Q-058","PMA-LC-A-Q58","PMA-LC-A"
"75000000-0000-0000-0000-00000000003b","PMA-Q-059","PMA-LC-A-Q59","PMA-LC-A"
"75000000-0000-0000-0000-00000000003c","PMA-Q-060","PMA-LC-A-Q60","PMA-LC-A"
"75000000-0000-0000-0000-00000000003d","PMA-Q-061","PMA-LC-A-Q61","PMA-LC-A"
"75000000-0000-0000-0000-00000000003e","PMA-Q-062","PMA-LC-A-Q62","PMA-LC-A"
"75000000-0000-0000-0000-00000000003f","PMA-Q-063","PMA-LC-A-Q63","PMA-LC-A"
"75000000-0000-0000-0000-000000000040","PMA-Q-064","PMA-LC-A-Q64","PMA-LC-A"
"75000000-0000-0000-0000-000000000041","PMA-Q-065","PMA-LC-A-Q65","PMA-LC-A"
"75000000-0000-0000-0000-000000000042","PMA-Q-066","PMA-LC-A-Q66","PMA-LC-A"
"75000000-0000-0000-0000-000000000043","PMA-Q-067","PMA-LC-A-Q67","PMA-LC-A"
"75000000-0000-0000-0000-000000000044","PMA-Q-068","PMA-LC-A-Q68","PMA-LC-A"
"75000000-0000-0000-0000-000000000045","PMA-Q-069","PMA-LC-A-Q69","PMA-LC-A"
"75000000-0000-0000-0000-000000000046","PMA-Q-070","PMA-LC-A-Q70","PMA-LC-A"
"75000000-0000-0000-0000-000000000047","PMA-Q-071","PMA-LC-A-Q71","PMA-LC-A"
"75000000-0000-0000-0000-000000000048","PMA-Q-072","PMA-LC-A-Q72","PMA-LC-A"
"75000000-0000-0000-0000-000000000049","PMA-Q-073","PMA-LC-A-Q73","PMA-LC-A"
"75000000-0000-0000-0000-00000000004a","PMA-Q-074","PMA-LC-A-Q74","PMA-LC-A"
"75000000-0000-0000-0000-00000000004b","PMA-Q-075","PMA-LC-A-Q75","PMA-LC-A"
"75000000-0000-0000-0000-00000000004c","PMA-Q-076","PMA-LC-A-Q76","PMA-LC-A"
"75000000-0000-0000-0000-00000000004d","PMA-Q-077","PMA-LC-A-Q77","PMA-LC-A"
"75000000-0000-0000-0000-00000000004e","PMA-Q-078","PMA-LC-A-Q78","PMA-LC-A"
"75000000-0000-0000-0000-00000000004f","PMA-Q-079","PMA-LC-A-Q79","PMA-LC-A"
"75000000-0000-0000-0000-000000000050","PMA-Q-080","PMA-LC-A-Q80","PMA-LC-A"
"75000000-0000-0000-0000-000000000051","PMA-Q-081","PMA-LC-A-Q81","PMA-LC-A"
"75000000-0000-0000-0000-000000000052","PMA-Q-082","PMA-LC-A-Q82","PMA-LC-A"
"75000000-0000-0000-0000-000000000053","PMA-Q-083","PMA-LC-A-Q83","PMA-LC-A"
"75000000-0000-0000-0000-000000000054","PMA-Q-084","PMA-LC-A-Q84","PMA-LC-A"
"75000000-0000-0000-0000-000000000055","PMA-Q-085","PMA-LC-A-Q85","PMA-LC-A"
"75000000-0000-0000-0000-000000000056","PMA-Q-086","PMA-LC-A-Q86","PMA-LC-A"
"75000000-0000-0000-0000-000000000057","PMA-Q-087","PMA-LC-A-Q87","PMA-LC-A"
"75000000-0000-0000-0000-000000000058","PMA-Q-088","PMA-LC-A-Q88","PMA-LC-A"
"75000000-0000-0000-0000-000000000059","PMA-Q-089","PMA-LC-A-Q89","PMA-LC-A"
"75000000-0000-0000-0000-00000000005a","PMA-Q-090","PMA-LC-A-Q90","PMA-LC-A"
"75000000-0000-0000-0000-00000000005b","PMA-Q-091","PMA-LC-A-Q91","PMA-LC-A"
"75000000-0000-0000-0000-00000000005c","PMA-Q-092","PMA-LC-A-Q92","PMA-LC-A"
"75000000-0000-0000-0000-00000000005d","PMA-Q-093","PMA-LC-A-Q93","PMA-LC-A"
"75000000-0000-0000-0000-00000000005e","PMA-Q-094","PMA-LC-A-Q94","PMA-LC-A"
"75000000-0000-0000-0000-00000000005f","PMA-Q-095","PMA-LC-A-Q95","PMA-LC-A"
"75000000-0000-0000-0000-000000000060","PMA-Q-096","PMA-LC-A-Q96","PMA-LC-A"
"75000000-0000-0000-0000-000000000061","PMA-Q-097","PMA-LC-A-Q97","PMA-LC-A"
"75000000-0000-0000-0000-000000000062","PMA-Q-098","PMA-LC-A-Q98","PMA-LC-A"
"75000000-0000-0000-0000-000000000063","PMA-Q-099","PMA-LC-A-Q99","PMA-LC-A"
"75000000-0000-0000-0000-000000000064","PMA-Q-100","PMA-LC-A-Q100","PMA-LC-A"
"75000000-0000-0000-0000-000000000065","PMA-Q-101","PMA-LC-A-Q101","PMA-LC-A"
"75000000-0000-0000-0000-000000000066","PMA-Q-102","PMA-LC-A-Q102","PMA-LC-A"
"75000000-0000-0000-0000-000000000067","PMA-Q-103","PMA-LC-A-Q103","PMA-LC-A"
"75000000-0000-0000-0000-000000000068","PMA-Q-104","PMA-LC-A-Q104","PMA-LC-A"
"75000000-0000-0000-0000-000000000069","PMA-Q-105","PMA-LC-A-Q105","PMA-LC-A"
"75000000-0000-0000-0000-00000000006a","PMA-Q-106","PMA-LC-A-Q106","PMA-LC-A"
"75000000-0000-0000-0000-00000000006b","PMA-Q-107","PMA-LC-A-Q107","PMA-LC-A"
"75000000-0000-0000-0000-00000000006c","PMA-Q-108","PMA-LC-A-Q108","PMA-LC-A"
"75000000-0000-0000-0000-00000000006d","PMA-Q-109","PMA-LC-A-Q109","PMA-LC-A"
"75000000-0000-0000-0000-00000000006e","PMA-Q-110","PMA-LC-A-Q110","PMA-LC-A"
"75000000-0000-0000-0000-00000000006f","PMA-Q-111","PMA-LC-A-Q111","PMA-LC-A"
"75000000-0000-0000-0000-000000000070","PMA-Q-112","PMA-LC-A-Q112","PMA-LC-A"
"75000000-0000-0000-0000-000000000071","PMA-Q-113","PMA-LC-A-Q113","PMA-LC-A"
"75000000-0000-0000-0000-000000000072","PMA-Q-114","PMA-LC-A-Q114","PMA-LC-A"
"75000000-0000-0000-0000-000000000073","PMA-Q-115","PMA-LC-A-Q115","PMA-LC-A"
"75000000-0000-0000-0000-000000000074","PMA-Q-116","PMA-LC-A-Q116","PMA-LC-A"
"75000000-0000-0000-0000-000000000075","PMA-Q-117","PMA-LC-A-Q117","PMA-LC-A"
"75000000-0000-0000-0000-000000000076","PMA-Q-118","PMA-LC-A-Q118","PMA-LC-A"
"75000000-0000-0000-0000-000000000077","PMA-Q-119","PMA-LC-A-Q119","PMA-LC-A"
"75000000-0000-0000-0000-000000000078","PMA-Q-120","PMA-LC-A-Q120","PMA-LC-A"
"75000000-0000-0000-0000-000000000079","PMA-Q-121","PMA-LC-A-Q121","PMA-LC-A"
"75000000-0000-0000-0000-00000000007a","PMA-Q-122","PMA-LC-A-Q122","PMA-LC-A"
"75000000-0000-0000-0000-00000000007b","PMA-Q-123","PMA-LC-A-Q123","PMA-LC-A"
"75000000-0000-0000-0000-00000000007c","PMA-Q-124","PMA-LC-A-Q124","PMA-LC-A"
"75000000-0000-0000-0000-00000000007d","PMA-Q-125","PMA-LC-A-Q125","PMA-LC-A"
"75000000-0000-0000-0000-00000000007e","PMA-Q-126","PMA-LC-A-Q126","PMA-LC-A"
"75000000-0000-0000-0000-00000000007f","PMA-Q-127","PMA-LC-A-Q127","PMA-LC-A"
"75000000-0000-0000-0000-000000000080","PMA-Q-128","PMA-LC-A-Q128","PMA-LC-A"
"75000000-0000-0000-0000-000000000081","PMA-Q-129","PMA-LC-A-Q129","PMA-LC-A"
"75000000-0000-0000-0000-000000000082","PMA-Q-130","PMA-LC-A-Q130","PMA-LC-A"
"75000000-0000-0000-0000-000000000083","PMA-Q-131","PMA-LC-A-Q131","PMA-LC-A"
"75000000-0000-0000-0000-000000000084","PMA-Q-132","PMA-LC-A-Q132","PMA-LC-A"
"75000000-0000-0000-0000-000000000085","PMA-Q-133","PMA-LC-A-Q133","PMA-LC-A"
"75000000-0000-0000-0000-000000000086","PMA-Q-134","PMA-LC-A-Q134","PMA-LC-A"
"75000000-0000-0000-0000-000000000087","PMA-Q-135","PMA-LC-A-Q135","PMA-LC-A"
"75000000-0000-0000-0000-000000000088","PMA-Q-136","PMA-LC-A-Q136","PMA-LC-A"
"75000000-0000-0000-0000-000000000089","PMA-Q-137","PMA-LC-A-Q137","PMA-LC-A"
"75000000-0000-0000-0000-00000000008a","PMA-Q-138","PMA-LC-A-Q138","PMA-LC-A"
"75000000-0000-0000-0000-00000000008b","PMA-Q-139","PMA-LC-A-Q139","PMA-LC-A"
"75000000-0000-0000-0000-00000000008c","PMA-Q-140","PMA-LC-A-Q140","PMA-LC-A"
"75000000-0000-0000-0000-00000000008d","PMA-Q-141","PMA-LC-A-Q141","PMA-LC-A"
"75000000-0000-0000-0000-00000000008e","PMA-Q-142","PMA-LC-A-Q142","PMA-LC-A"
"75000000-0000-0000-0000-00000000008f","PMA-Q-143","PMA-LC-A-Q143","PMA-LC-A"
"75000000-0000-0000-0000-000000000090","PMA-Q-144","PMA-LC-A-Q144","PMA-LC-A"
"75000000-0000-0000-0000-000000000091","PMA-Q-145","PMA-LC-A-Q145","PMA-LC-A"
"75000000-0000-0000-0000-000000000092","PMA-Q-146","PMA-LC-A-Q146","PMA-LC-A"
"75000000-0000-0000-0000-000000000093","PMA-Q-147","PMA-LC-A-Q147","PMA-LC-A"
"75000000-0000-0000-0000-000000000094","PMA-Q-148","PMA-LC-A-Q148","PMA-LC-A"
"75000000-0000-0000-0000-000000000095","PMA-Q-149","PMA-LC-A-Q149","PMA-LC-A"
"75000000-0000-0000-0000-000000000096","PMA-Q-150","PMA-LC-A-Q150","PMA-LC-A"
"75000000-0000-0000-0000-000000000097","PMA-Q-151","PMA-LC-A-Q151","PMA-LC-A"
"75000000-0000-0000-0000-000000000098","PMA-Q-152","PMA-LC-A-Q152","PMA-LC-A"
"75000000-0000-0000-0000-000000000099","PMA-Q-153","PMA-LC-A-Q153","PMA-LC-A"
"75000000-0000-0000-0000-00000000009a","PMA-Q-154","PMA-LC-A-Q154","PMA-LC-A"
"75000000-0000-0000-0000-00000000009b","PMA-Q-155","PMA-LC-A-Q155","PMA-LC-A"
"75000000-0000-0000-0000-00000000009c","PMA-Q-156","PMA-LC-A-Q156","PMA-LC-A"
"75000000-0000-0000-0000-00000000009d","PMA-Q-157","PMA-LC-A-Q157","PMA-LC-A"
"75000000-0000-0000-0000-00000000009e","PMA-Q-158","PMA-LC-A-Q158","PMA-LC-A"
"75000000-0000-0000-0000-00000000009f","PMA-Q-159","PMA-LC-A-Q159","PMA-LC-A"
"75000000-0000-0000-0000-0000000000a0","PMA-Q-160","PMA-LC-A-Q160","PMA-LC-A"
"75000000-0000-0000-0000-0000000000a1","PMA-Q-161","PMA-LC-A-Q161","PMA-LC-A"
"75000000-0000-0000-0000-0000000000a2","PMA-Q-162","PMA-LC-A-Q162","PMA-LC-A"
"75000000-0000-0000-0000-0000000000a3","PMA-Q-163","PMA-LC-A-Q163","PMA-LC-A"
"75000000-0000-0000-0000-0000000000a4","PMA-Q-164","PMA-LC-A-Q164","PMA-LC-A"
"75000000-0000-0000-0000-0000000000a5","PMA-Q-165","PMA-LC-A-Q165","PMA-LC-A"
"75000000-0000-0000-0000-0000000000a6","PMA-Q-166","PMA-LC-A-Q166","PMA-LC-A"
"75000000-0000-0000-0000-0000000000a7","PMA-Q-167","PMA-LC-A-Q167","PMA-LC-A"
"75000000-0000-0000-0000-0000000000a8","PMA-Q-168","PMA-LC-A-Q168","PMA-LC-A"
"75000000-0000-0000-0000-0000000000a9","PMA-Q-169","PMA-LC-A-Q169","PMA-LC-A"
"75000000-0000-0000-0000-0000000000aa","PMA-Q-170","PMA-LC-A-Q170","PMA-LC-A"
"75000000-0000-0000-0000-0000000000ab","PMA-Q-171","PMA-LC-A-Q171","PMA-LC-A"
"75000000-0000-0000-0000-0000000000ac","PMA-Q-172","PMA-LC-A-Q172","PMA-LC-A"
"75000000-0000-0000-0000-0000000000ad","PMA-Q-173","PMA-LC-A-Q173","PMA-LC-A"
"75000000-0000-0000-0000-0000000000ae","PMA-Q-174","PMA-LC-A-Q174","PMA-LC-A"
"75000000-0000-0000-0000-0000000000af","PMA-Q-175","PMA-LC-A-Q175","PMA-LC-A"
"75000000-0000-0000-0000-0000000000b0","PMA-Q-176","PMA-LC-A-Q176","PMA-LC-A"
"75000000-0000-0000-0000-0000000000b1","PMA-Q-177","PMA-LC-A-Q177","PMA-LC-A"
"75000000-0000-0000-0000-0000000000b2","PMA-Q-178","PMA-LC-A-Q178","PMA-LC-A"
"75000000-0000-0000-0000-0000000000b3","PMA-Q-179","PMA-LC-A-Q179","PMA-LC-A"
"75000000-0000-0000-0000-0000000000b4","PMA-Q-180","PMA-LC-A-Q180","PMA-LC-A"
"75000000-0000-0000-0000-0000000000b5","PMA-Q-181","PMA-LC-A-Q181","PMA-LC-A"
"75000000-0000-0000-0000-0000000000b6","PMA-Q-182","PMA-LC-A-Q182","PMA-LC-A"
"75000000-0000-0000-0000-0000000000b7","PMA-Q-183","PMA-LC-A-Q183","PMA-LC-A"
"75000000-0000-0000-0000-0000000000b8","PMA-Q-184","PMA-LC-A-Q184","PMA-LC-A"
"75000000-0000-0000-0000-0000000000b9","PMA-Q-185","PMA-LC-A-Q185","PMA-LC-A"
"75000000-0000-0000-0000-0000000000ba","PMA-Q-186","PMA-LC-A-Q186","PMA-LC-A"
"75000000-0000-0000-0000-0000000000bb","PMA-Q-187","PMA-LC-A-Q187","PMA-LC-A"
"75000000-0000-0000-0000-0000000000bc","PMA-Q-188","PMA-LC-A-Q188","PMA-LC-A"
"75000000-0000-0000-0000-0000000000bd","PMA-Q-189","PMA-LC-A-Q189","PMA-LC-A"
"75000000-0000-0000-0000-0000000000be","PMA-Q-190","PMA-LC-A-Q190","PMA-LC-A"
"75000000-0000-0000-0000-0000000000bf","PMA-Q-191","PMA-LC-A-Q191","PMA-LC-A"
"75000000-0000-0000-0000-0000000000c0","PMA-Q-192","PMA-LC-A-Q192","PMA-LC-A"
"75000000-0000-0000-0000-0000000000c1","PMA-Q-193","PMA-LC-A-Q193","PMA-LC-A"
"75000000-0000-0000-0000-0000000000c2","PMA-Q-194","PMA-LC-A-Q194","PMA-LC-A"
"75000000-0000-0000-0000-0000000000c3","PMA-Q-195","PMA-LC-A-Q195","PMA-LC-A"
"75000000-0000-0000-0000-0000000000c4","PMA-Q-196","PMA-LC-A-Q196","PMA-LC-A"
"75000000-0000-0000-0000-0000000000c5","PMA-Q-197","PMA-LC-A-Q197","PMA-LC-A"
"75000000-0000-0000-0000-0000000000c6","PMA-Q-198","PMA-LC-A-Q198","PMA-LC-A"
"75000000-0000-0000-0000-0000000000c7","PMA-Q-199","PMA-LC-A-Q199","PMA-LC-A"
"75000000-0000-0000-0000-0000000000c8","PMA-Q-200","PMA-LC-A-Q200","PMA-LC-A"
"75000000-0000-0000-0000-0000000000c9","PMA-Q-201","PMA-LC-A-Q201","PMA-LC-A"
"75000000-0000-0000-0000-0000000000ca","PMA-Q-202","PMA-LC-A-Q202","PMA-LC-A"
"75000000-0000-0000-0000-0000000000cb","PMA-Q-203","PMA-LC-A-Q203","PMA-LC-A"
"75000000-0000-0000-0000-0000000000cc","PMA-Q-204","PMA-LC-A-Q204","PMA-LC-A"
"75000000-0000-0000-0000-0000000000cd","PMA-Q-205","PMA-LC-A-Q205","PMA-LC-A"
"75000000-0000-0000-0000-0000000000ce","PMA-Q-206","PMA-LC-A-Q206","PMA-LC-A"
"75000000-0000-0000-0000-0000000000cf","PMA-Q-207","PMA-LC-A-Q207","PMA-LC-A"
"75000000-0000-0000-0000-0000000000d0","PMA-Q-208","PMA-LC-A-Q208","PMA-LC-A"
"75000000-0000-0000-0000-0000000000d1","PMA-Q-209","PMA-LC-A-Q209","PMA-LC-A"
"75000000-0000-0000-0000-0000000000d2","PMA-Q-210","PMA-LC-A-Q210","PMA-LC-A"
"75000000-0000-0000-0000-0000000000d3","PMA-Q-211","PMA-LC-A-Q211","PMA-LC-A"
"75000000-0000-0000-0000-0000000000d4","PMA-Q-212","PMA-LC-A-Q212","PMA-LC-A"
"75000000-0000-0000-0000-0000000000d5","PMA-Q-213","PMA-LC-A-Q213","PMA-LC-A"
"75000000-0000-0000-0000-0000000000d6","PMA-Q-214","PMA-LC-A-Q214","PMA-LC-A"
"75000000-0000-0000-0000-0000000000d7","PMA-Q-215","PMA-LC-A-Q215","PMA-LC-A"
"75000000-0000-0000-0000-0000000000d8","PMA-Q-216","PMA-LC-A-Q216","PMA-LC-A"
"75000000-0000-0000-0000-0000000000d9","PMA-Q-217","PMA-LC-A-Q217","PMA-LC-A"
"75000000-0000-0000-0000-0000000000da","PMA-Q-218","PMA-LC-A-Q218","PMA-LC-A"
"75000000-0000-0000-0000-0000000000db","PMA-Q-219","PMA-LC-A-Q219","PMA-LC-A"
"75000000-0000-0000-0000-0000000000dc","PMA-Q-220","PMA-LC-A-Q220","PMA-LC-A"
"75000000-0000-0000-0000-0000000000dd","PMA-Q-221","PMA-LC-A-Q221","PMA-LC-A"
"75000000-0000-0000-0000-0000000000de","PMA-Q-222","PMA-LC-A-Q222","PMA-LC-A"
"75000000-0000-0000-0000-0000000000df","PMA-Q-223","PMA-LC-A-Q223","PMA-LC-A"
"75000000-0000-0000-0000-0000000000e0","PMA-Q-224","PMA-LC-A-Q224","PMA-LC-A"
"75000000-0000-0000-0000-0000000000e1","PMA-Q-225","PMA-LC-A-Q225","PMA-LC-A"
"75000000-0000-0000-0000-0000000000e2","PMA-Q-226","PMA-LC-A-Q226","PMA-LC-A"
"75000000-0000-0000-0000-0000000000e3","PMA-Q-227","PMA-LC-A-Q227","PMA-LC-A"
"75000000-0000-0000-0000-0000000000e4","PMA-Q-228","PMA-LC-A-Q228","PMA-LC-A"
"75000000-0000-0000-0000-0000000000e5","PMA-Q-229","PMA-LC-A-Q229","PMA-LC-A"
"75000000-0000-0000-0000-0000000000e6","PMA-Q-230","PMA-LC-A-Q230","PMA-LC-A"
"75000000-0000-0000-0000-0000000000e7","PMA-Q-231","PMA-LC-A-Q231","PMA-LC-A"
"75000000-0000-0000-0000-0000000000e8","PMA-Q-232","PMA-LC-A-Q232","PMA-LC-A"
"75000000-0000-0000-0000-0000000000e9","PMA-Q-233","PMA-LC-A-Q233","PMA-LC-A"
"75000000-0000-0000-0000-0000000000ea","PMA-Q-234","PMA-LC-A-Q234","PMA-LC-A"
"75000000-0000-0000-0000-0000000000eb","PMA-Q-235","PMA-LC-A-Q235","PMA-LC-A"
"75000000-0000-0000-0000-0000000000ec","PMA-Q-236","PMA-LC-A-Q236","PMA-LC-A"
"75000000-0000-0000-0000-0000000000ed","PMA-Q-237","PMA-LC-A-Q237","PMA-LC-A"
"75000000-0000-0000-0000-0000000000ee","PMA-Q-238","PMA-LC-A-Q238","PMA-LC-A"
"75000000-0000-0000-0000-0000000000ef","PMA-Q-239","PMA-LC-A-Q239","PMA-LC-A"
"75000000-0000-0000-0000-0000000000f0","PMA-Q-240","PMA-LC-A-Q240","PMA-LC-A"
"75000000-0000-0000-0000-0000000000f1","PMA-Q-241","PMA-LC-A-Q241","PMA-LC-A"
"75000000-0000-0000-0000-0000000000f2","PMA-Q-242","PMA-LC-A-Q242","PMA-LC-A"
"75000000-0000-0000-0000-0000000000f3","PMA-Q-243","PMA-LC-A-Q243","PMA-LC-A"
"75000000-0000-0000-0000-0000000000f4","PMA-Q-244","PMA-LC-A-Q244","PMA-LC-A"
"75000000-0000-0000-0000-0000000000f5","PMA-Q-245","PMA-LC-A-Q245","PMA-LC-A"
"75000000-0000-0000-0000-0000000000f6","PMA-Q-246","PMA-LC-A-Q246","PMA-LC-A"
"75000000-0000-0000-0000-0000000000f7","PMA-Q-247","PMA-LC-A-Q247","PMA-LC-A"
"75000000-0000-0000-0000-0000000000f8","PMA-Q-248","PMA-LC-A-Q248","PMA-LC-A"
"75000000-0000-0000-0000-0000000000f9","PMA-Q-249","PMA-LC-A-Q249","PMA-LC-A"
"75000000-0000-0000-0000-000000000127","PMA-Q-295","PMA-LC-A-Q250","PMA-LC-A"
"75000000-0000-0000-0000-000000000128","PMA-Q-296","PMA-LC-A-Q251","PMA-LC-A"
"75000000-0000-0000-0000-000000000129","PMA-Q-297","PMA-LC-A-Q252","PMA-LC-A"
"75000000-0000-0000-0000-00000000012a","PMA-Q-298","PMA-LC-A-Q253","PMA-LC-A"
"75000000-0000-0000-0000-00000000012b","PMA-Q-299","PMA-LC-A-Q254","PMA-LC-A"
"75000000-0000-0000-0000-00000000012c","PMA-Q-300","PMA-LC-A-Q255","PMA-LC-A"
"75000000-0000-0000-0000-00000000012d","PMA-Q-301","PMA-LC-A-Q256","PMA-LC-A"
"75000000-0000-0000-0000-00000000012e","PMA-Q-302","PMA-LC-A-Q257","PMA-LC-A"
"75000000-0000-0000-0000-00000000012f","PMA-Q-303","PMA-LC-A-Q258","PMA-LC-A"
"75000000-0000-0000-0000-000000000130","PMA-Q-304","PMA-LC-A-Q259","PMA-LC-A"
"75000000-0000-0000-0000-000000000131","PMA-Q-305","PMA-LC-A-Q260","PMA-LC-A"
"75000000-0000-0000-0000-000000000132","PMA-Q-306","PMA-LC-A-Q261","PMA-LC-A"
"75000000-0000-0000-0000-000000000133","PMA-Q-307","PMA-LC-A-Q262","PMA-LC-A"
"75000000-0000-0000-0000-000000000134","PMA-Q-308","PMA-LC-A-Q263","PMA-LC-A"
"75000000-0000-0000-0000-000000000135","PMA-Q-309","PMA-LC-A-Q264","PMA-LC-A"
"75000000-0000-0000-0000-000000000136","PMA-Q-310","PMA-LC-A-Q265","PMA-LC-A"
"75000000-0000-0000-0000-000000000137","PMA-Q-311","PMA-LC-A-Q266","PMA-LC-A"
"75000000-0000-0000-0000-000000000138","PMA-Q-312","PMA-LC-A-Q267","PMA-LC-A"
"75000000-0000-0000-0000-000000000139","PMA-Q-313","PMA-LC-A-Q268","PMA-LC-A"
"75000000-0000-0000-0000-00000000013a","PMA-Q-314","PMA-LC-A-Q269","PMA-LC-A"
"75000000-0000-0000-0000-00000000013b","PMA-Q-315","PMA-LC-A-Q270","PMA-LC-A"
"75000000-0000-0000-0000-00000000013c","PMA-Q-316","PMA-LC-A-Q271","PMA-LC-A"
"75000000-0000-0000-0000-00000000013d","PMA-Q-317","PMA-LC-A-Q272","PMA-LC-A"
"75000000-0000-0000-0000-00000000013e","PMA-Q-318","PMA-LC-A-Q273","PMA-LC-A"
"75000000-0000-0000-0000-00000000013f","PMA-Q-319","PMA-LC-A-Q274","PMA-LC-A"
"75000000-0000-0000-0000-000000000140","PMA-Q-320","PMA-LC-A-Q275","PMA-LC-A"
"75000000-0000-0000-0000-000000000141","PMA-Q-321","PMA-LC-A-Q276","PMA-LC-A"
"75000000-0000-0000-0000-000000000142","PMA-Q-322","PMA-LC-A-Q277","PMA-LC-A"
"75000000-0000-0000-0000-000000000143","PMA-Q-323","PMA-LC-A-Q278","PMA-LC-A"
"75000000-0000-0000-0000-000000000144","PMA-Q-324","PMA-LC-A-Q279","PMA-LC-A"
"75000000-0000-0000-0000-000000000145","PMA-Q-325","PMA-LC-A-Q280","PMA-LC-A"
"75000000-0000-0000-0000-000000000146","PMA-Q-326","PMA-LC-A-Q281","PMA-LC-A"
"75000000-0000-0000-0000-000000000147","PMA-Q-327","PMA-LC-A-Q282","PMA-LC-A"
"75000000-0000-0000-0000-000000000148","PMA-Q-328","PMA-LC-A-Q283","PMA-LC-A"
"75000000-0000-0000-0000-000000000149","PMA-Q-329","PMA-LC-A-Q284","PMA-LC-A"
"75000000-0000-0000-0000-00000000014a","PMA-Q-330","PMA-LC-A-Q285","PMA-LC-A"
"75000000-0000-0000-0000-00000000014b","PMA-Q-331","PMA-LC-A-Q286","PMA-LC-A"
"75000000-0000-0000-0000-00000000014c","PMA-Q-332","PMA-LC-A-Q287","PMA-LC-A"
"75000000-0000-0000-0000-00000000014d","PMA-Q-333","PMA-LC-A-Q288","PMA-LC-A"
"75000000-0000-0000-0000-00000000014e","PMA-Q-334","PMA-LC-A-Q289","PMA-LC-A"
"75000000-0000-0000-0000-00000000014f","PMA-Q-335","PMA-LC-A-Q290","PMA-LC-A"
"75000000-0000-0000-0000-000000000150","PMA-Q-336","PMA-LC-A-Q291","PMA-LC-A"
"75000000-0000-0000-0000-000000000151","PMA-Q-337","PMA-LC-A-Q292","PMA-LC-A"
"75000000-0000-0000-0000-000000000152","PMA-Q-338","PMA-LC-A-Q293","PMA-LC-A"
"75000000-0000-0000-0000-000000000153","PMA-Q-339","PMA-LC-A-Q294","PMA-LC-A"
"75000000-0000-0000-0000-000000000154","PMA-Q-340","PMA-LC-A-Q295","PMA-LC-A"
"75000000-0000-0000-0000-000000000155","PMA-Q-341","PMA-LC-A-Q296","PMA-LC-A"
"75000000-0000-0000-0000-000000000156","PMA-Q-342","PMA-LC-A-Q297","PMA-LC-A"
"75000000-0000-0000-0000-000000000157","PMA-Q-343","PMA-LC-A-Q298","PMA-LC-A"
"75000000-0000-0000-0000-000000000158","PMA-Q-344","PMA-LC-A-Q299","PMA-LC-A"
"75000000-0000-0000-0000-000000000159","PMA-Q-345","PMA-LC-A-Q300","PMA-LC-A"
"75000000-0000-0000-0000-00000000015a","PMA-Q-346","PMA-LC-A-Q301","PMA-LC-A"
"75000000-0000-0000-0000-00000000015b","PMA-Q-347","PMA-LC-A-Q302","PMA-LC-A"
"75000000-0000-0000-0000-00000000015c","PMA-Q-348","PMA-LC-A-Q303","PMA-LC-A"
"75000000-0000-0000-0000-00000000015d","PMA-Q-349","PMA-LC-A-Q304","PMA-LC-A"
"75000000-0000-0000-0000-00000000015e","PMA-Q-350","PMA-LC-A-Q305","PMA-LC-A"
"75000000-0000-0000-0000-00000000015f","PMA-Q-351","PMA-LC-A-Q306","PMA-LC-A"
"75000000-0000-0000-0000-000000000160","PMA-Q-352","PMA-LC-A-Q307","PMA-LC-A"
"75000000-0000-0000-0000-000000000161","PMA-Q-353","PMA-LC-A-Q308","PMA-LC-A"
"75000000-0000-0000-0000-000000000162","PMA-Q-354","PMA-LC-A-Q309","PMA-LC-A"
"75000000-0000-0000-0000-000000000163","PMA-Q-355","PMA-LC-A-Q310","PMA-LC-A"
"75000000-0000-0000-0000-000000000164","PMA-Q-356","PMA-LC-A-Q311","PMA-LC-A"
"75000000-0000-0000-0000-000000000165","PMA-Q-357","PMA-LC-A-Q312","PMA-LC-A"
"75000000-0000-0000-0000-000000000166","PMA-Q-358","PMA-LC-A-Q313","PMA-LC-A"
"75000000-0000-0000-0000-000000000167","PMA-Q-359","PMA-LC-A-Q314","PMA-LC-A"
"75000000-0000-0000-0000-000000000168","PMA-Q-360","PMA-LC-A-Q315","PMA-LC-A"
"75000000-0000-0000-0000-000000000169","PMA-Q-361","PMA-LC-A-Q316","PMA-LC-A"
"75000000-0000-0000-0000-00000000016a","PMA-Q-362","PMA-LC-A-Q317","PMA-LC-A"
"75000000-0000-0000-0000-00000000016b","PMA-Q-363","PMA-LC-A-Q318","PMA-LC-A"
"75000000-0000-0000-0000-00000000016c","PMA-Q-364","PMA-LC-A-Q319","PMA-LC-A"
"75000000-0000-0000-0000-00000000016d","PMA-Q-365","PMA-LC-A-Q320","PMA-LC-A"
"75000000-0000-0000-0000-00000000016e","PMA-Q-366","PMA-LC-A-Q321","PMA-LC-A"
"75000000-0000-0000-0000-00000000016f","PMA-Q-367","PMA-LC-A-Q322","PMA-LC-A"
"75000000-0000-0000-0000-000000000170","PMA-Q-368","PMA-LC-A-Q323","PMA-LC-A"
"75000000-0000-0000-0000-000000000171","PMA-Q-369","PMA-LC-A-Q324","PMA-LC-A"
"75000000-0000-0000-0000-000000000172","PMA-Q-370","PMA-LC-A-Q325","PMA-LC-A"
"75000000-0000-0000-0000-000000000173","PMA-Q-371","PMA-LC-A-Q326","PMA-LC-A"
"75000000-0000-0000-0000-000000000174","PMA-Q-372","PMA-LC-A-Q327","PMA-LC-A"
"75000000-0000-0000-0000-000000000175","PMA-Q-373","PMA-LC-A-Q328","PMA-LC-A"
"75000000-0000-0000-0000-000000000176","PMA-Q-374","PMA-LC-A-Q329","PMA-LC-A"
"75000000-0000-0000-0000-000000000177","PMA-Q-375","PMA-LC-A-Q330","PMA-LC-A"
"75000000-0000-0000-0000-000000000178","PMA-Q-376","PMA-LC-A-Q331","PMA-LC-A"
"75000000-0000-0000-0000-000000000179","PMA-Q-377","PMA-LC-A-Q332","PMA-LC-A"
"75000000-0000-0000-0000-00000000017a","PMA-Q-378","PMA-LC-A-Q333","PMA-LC-A"
"75000000-0000-0000-0000-00000000017b","PMA-Q-379","PMA-LC-A-Q334","PMA-LC-A"
"75000000-0000-0000-0000-00000000017c","PMA-Q-380","PMA-LC-A-Q335","PMA-LC-A"
"75000000-0000-0000-0000-00000000017d","PMA-Q-381","PMA-LC-A-Q336","PMA-LC-A"
"75000000-0000-0000-0000-00000000017e","PMA-Q-382","PMA-LC-A-Q337","PMA-LC-A"
"75000000-0000-0000-0000-00000000017f","PMA-Q-383","PMA-LC-A-Q338","PMA-LC-A"
"75000000-0000-0000-0000-000000000180","PMA-Q-384","PMA-LC-A-Q339","PMA-LC-A"
"75000000-0000-0000-0000-000000000181","PMA-Q-385","PMA-LC-A-Q340","PMA-LC-A"
"75000000-0000-0000-0000-000000000182","PMA-Q-386","PMA-LC-A-Q341","PMA-LC-A"
"75000000-0000-0000-0000-000000000183","PMA-Q-387","PMA-LC-A-Q342","PMA-LC-A"
"75000000-0000-0000-0000-000000000184","PMA-Q-388","PMA-LC-A-Q343","PMA-LC-A"
"75000000-0000-0000-0000-000000000185","PMA-Q-389","PMA-LC-A-Q344","PMA-LC-A"
"75000000-0000-0000-0000-000000000186","PMA-Q-390","PMA-LC-A-Q345","PMA-LC-A"
"75000000-0000-0000-0000-000000000187","PMA-Q-391","PMA-LC-A-Q346","PMA-LC-A"
"75000000-0000-0000-0000-000000000188","PMA-Q-392","PMA-LC-A-Q347","PMA-LC-A"
"75000000-0000-0000-0000-000000000189","PMA-Q-393","PMA-LC-A-Q348","PMA-LC-A"
"75000000-0000-0000-0000-00000000018a","PMA-Q-394","PMA-LC-A-Q349","PMA-LC-A"
"75000000-0000-0000-0000-00000000018b","PMA-Q-395","PMA-LC-A-Q350","PMA-LC-A"
"75000000-0000-0000-0000-00000000018c","PMA-Q-396","PMA-LC-A-Q351","PMA-LC-A"
"75000000-0000-0000-0000-00000000018d","PMA-Q-397","PMA-LC-A-Q352","PMA-LC-A"
"75000000-0000-0000-0000-00000000018e","PMA-Q-398","PMA-LC-A-Q353","PMA-LC-A"
"75000000-0000-0000-0000-00000000018f","PMA-Q-399","PMA-LC-A-Q354","PMA-LC-A"
"75000000-0000-0000-0000-000000000190","PMA-Q-400","PMA-LC-A-Q355","PMA-LC-A"
"75000000-0000-0000-0000-000000000191","PMA-Q-401","PMA-LC-A-Q356","PMA-LC-A"
"75000000-0000-0000-0000-000000000192","PMA-Q-402","PMA-LC-A-Q357","PMA-LC-A"
"75000000-0000-0000-0000-000000000193","PMA-Q-403","PMA-LC-A-Q358","PMA-LC-A"
"75000000-0000-0000-0000-000000000194","PMA-Q-404","PMA-LC-A-Q359","PMA-LC-A"
"75000000-0000-0000-0000-000000000195","PMA-Q-405","PMA-LC-A-Q360","PMA-LC-A"
"75000000-0000-0000-0000-000000000196","PMA-Q-406","PMA-LC-A-Q361","PMA-LC-A"
"75000000-0000-0000-0000-000000000197","PMA-Q-407","PMA-LC-A-Q362","PMA-LC-A"
"75000000-0000-0000-0000-000000000198","PMA-Q-408","PMA-LC-A-Q363","PMA-LC-A"
"75000000-0000-0000-0000-000000000199","PMA-Q-409","PMA-LC-A-Q364","PMA-LC-A"
"75000000-0000-0000-0000-00000000019a","PMA-Q-410","PMA-LC-A-Q365","PMA-LC-A"
"75000000-0000-0000-0000-00000000019b","PMA-Q-411","PMA-LC-A-Q366","PMA-LC-A"
"75000000-0000-0000-0000-00000000019c","PMA-Q-412","PMA-LC-A-Q367","PMA-LC-A"
"75000000-0000-0000-0000-00000000019d","PMA-Q-413","PMA-LC-A-Q368","PMA-LC-A"
"75000000-0000-0000-0000-00000000019e","PMA-Q-414","PMA-LC-A-Q369","PMA-LC-A"
"75000000-0000-0000-0000-00000000019f","PMA-Q-415","PMA-LC-A-Q370","PMA-LC-A"
"75000000-0000-0000-0000-0000000001a0","PMA-Q-416","PMA-LC-A-Q371","PMA-LC-A"
"75000000-0000-0000-0000-0000000001a1","PMA-Q-417","PMA-LC-A-Q372","PMA-LC-A"
"75000000-0000-0000-0000-0000000001a2","PMA-Q-418","PMA-LC-A-Q373","PMA-LC-A"
"75000000-0000-0000-0000-0000000001a3","PMA-Q-419","PMA-LC-A-Q374","PMA-LC-A"
"75000000-0000-0000-0000-0000000001a4","PMA-Q-420","PMA-LC-A-Q375","PMA-LC-A"
"75000000-0000-0000-0000-0000000001a5","PMA-Q-421","PMA-LC-A-Q376","PMA-LC-A"
"75000000-0000-0000-0000-0000000001a6","PMA-Q-422","PMA-LC-A-Q377","PMA-LC-A"
"75000000-0000-0000-0000-0000000001a7","PMA-Q-423","PMA-LC-A-Q378","PMA-LC-A"
"75000000-0000-0000-0000-0000000001a8","PMA-Q-424","PMA-LC-A-Q379","PMA-LC-A"
"75000000-0000-0000-0000-0000000001a9","PMA-Q-425","PMA-LC-A-Q380","PMA-LC-A"
"75000000-0000-0000-0000-0000000001aa","PMA-Q-426","PMA-LC-A-Q381","PMA-LC-A"
"75000000-0000-0000-0000-0000000001ab","PMA-Q-427","PMA-LC-A-Q382","PMA-LC-A"
"75000000-0000-0000-0000-0000000001ac","PMA-Q-428","PMA-LC-A-Q383","PMA-LC-A"
"75000000-0000-0000-0000-0000000001ad","PMA-Q-429","PMA-LC-A-Q384","PMA-LC-A"
"75000000-0000-0000-0000-0000000001ae","PMA-Q-430","PMA-LC-A-Q385","PMA-LC-A"
"75000000-0000-0000-0000-0000000001af","PMA-Q-431","PMA-LC-A-Q386","PMA-LC-A"
"75000000-0000-0000-0000-0000000001b0","PMA-Q-432","PMA-LC-A-Q387","PMA-LC-A"
"75000000-0000-0000-0000-0000000001b1","PMA-Q-433","PMA-LC-A-Q388","PMA-LC-A"
"75000000-0000-0000-0000-0000000001b2","PMA-Q-434","PMA-LC-A-Q389","PMA-LC-A"
"75000000-0000-0000-0000-0000000001b3","PMA-Q-435","PMA-LC-A-Q390","PMA-LC-A"
"75000000-0000-0000-0000-0000000001b4","PMA-Q-436","PMA-LC-A-Q391","PMA-LC-A"
"75000000-0000-0000-0000-0000000001b5","PMA-Q-437","PMA-LC-A-Q392","PMA-LC-A"
"75000000-0000-0000-0000-0000000001b6","PMA-Q-438","PMA-LC-A-Q393","PMA-LC-A"
"75000000-0000-0000-0000-0000000001b7","PMA-Q-439","PMA-LC-A-Q394","PMA-LC-A"
"75000000-0000-0000-0000-0000000001b8","PMA-Q-440","PMA-LC-A-Q395","PMA-LC-A"
"75000000-0000-0000-0000-0000000001b9","PMA-Q-441","PMA-LC-A-Q396","PMA-LC-A"
"75000000-0000-0000-0000-0000000001ba","PMA-Q-442","PMA-LC-A-Q397","PMA-LC-A"
"75000000-0000-0000-0000-0000000001bb","PMA-Q-443","PMA-LC-A-Q398","PMA-LC-A"
"75000000-0000-0000-0000-0000000001bc","PMA-Q-444","PMA-LC-A-Q399","PMA-LC-A"
"75000000-0000-0000-0000-0000000001bd","PMA-Q-445","PMA-LC-A-Q400","PMA-LC-A"
"75000000-0000-0000-0000-0000000001be","PMA-Q-446","PMA-LC-A-Q401","PMA-LC-A"
"75000000-0000-0000-0000-0000000001bf","PMA-Q-447","PMA-LC-A-Q402","PMA-LC-A"
"75000000-0000-0000-0000-0000000001c0","PMA-Q-448","PMA-LC-A-Q403","PMA-LC-A"
"75000000-0000-0000-0000-0000000001c1","PMA-Q-449","PMA-LC-A-Q404","PMA-LC-A"
"75000000-0000-0000-0000-0000000001c2","PMA-Q-450","PMA-LC-A-Q405","PMA-LC-A"
"75000000-0000-0000-0000-0000000001c3","PMA-Q-451","PMA-LC-A-Q406","PMA-LC-A"
"75000000-0000-0000-0000-0000000001c4","PMA-Q-452","PMA-LC-A-Q407","PMA-LC-A"
"75000000-0000-0000-0000-0000000001c5","PMA-Q-453","PMA-LC-A-Q408","PMA-LC-A"
"75000000-0000-0000-0000-0000000001c6","PMA-Q-454","PMA-LC-A-Q409","PMA-LC-A"
"75000000-0000-0000-0000-0000000001c7","PMA-Q-455","PMA-LC-A-Q410","PMA-LC-A"
"75000000-0000-0000-0000-0000000001c8","PMA-Q-456","PMA-LC-A-Q411","PMA-LC-A"
"75000000-0000-0000-0000-0000000001c9","PMA-Q-457","PMA-LC-A-Q412","PMA-LC-A"
"75000000-0000-0000-0000-0000000001ca","PMA-Q-458","PMA-LC-A-Q413","PMA-LC-A"
"75000000-0000-0000-0000-0000000001cb","PMA-Q-459","PMA-LC-A-Q414","PMA-LC-A"
"75000000-0000-0000-0000-0000000001cc","PMA-Q-460","PMA-LC-A-Q415","PMA-LC-A"
"75000000-0000-0000-0000-0000000001cd","PMA-Q-461","PMA-LC-A-Q416","PMA-LC-A"
"75000000-0000-0000-0000-0000000001ce","PMA-Q-462","PMA-LC-A-Q417","PMA-LC-A"
"75000000-0000-0000-0000-0000000001cf","PMA-Q-463","PMA-LC-A-Q418","PMA-LC-A"
"75000000-0000-0000-0000-0000000001d0","PMA-Q-464","PMA-LC-A-Q419","PMA-LC-A"
"75000000-0000-0000-0000-0000000001d1","PMA-Q-465","PMA-LC-A-Q420","PMA-LC-A"
"75000000-0000-0000-0000-0000000001d2","PMA-Q-466","PMA-LC-A-Q421","PMA-LC-A"
"75000000-0000-0000-0000-0000000001d3","PMA-Q-467","PMA-LC-A-Q422","PMA-LC-A"
"75000000-0000-0000-0000-0000000001d4","PMA-Q-468","PMA-LC-A-Q423","PMA-LC-A"
"75000000-0000-0000-0000-0000000001d5","PMA-Q-469","PMA-LC-A-Q424","PMA-LC-A"
"75000000-0000-0000-0000-0000000001d6","PMA-Q-470","PMA-LC-A-Q425","PMA-LC-A"
"75000000-0000-0000-0000-0000000001d7","PMA-Q-471","PMA-LC-A-Q426","PMA-LC-A"
"75000000-0000-0000-0000-0000000001d8","PMA-Q-472","PMA-LC-A-Q427","PMA-LC-A"
"75000000-0000-0000-0000-0000000001d9","PMA-Q-473","PMA-LC-A-Q428","PMA-LC-A"
"75000000-0000-0000-0000-0000000001da","PMA-Q-474","PMA-LC-A-Q429","PMA-LC-A"
"75000000-0000-0000-0000-0000000001db","PMA-Q-475","PMA-LC-A-Q430","PMA-LC-A"
"75000000-0000-0000-0000-0000000001dc","PMA-Q-476","PMA-LC-A-Q431","PMA-LC-A"
"75000000-0000-0000-0000-0000000001dd","PMA-Q-477","PMA-LC-A-Q432","PMA-LC-A"
"75000000-0000-0000-0000-0000000001de","PMA-Q-478","PMA-LC-A-Q433","PMA-LC-A"
"75000000-0000-0000-0000-0000000001df","PMA-Q-479","PMA-LC-A-Q434","PMA-LC-A"
"75000000-0000-0000-0000-0000000001e0","PMA-Q-480","PMA-LC-A-Q435","PMA-LC-A"
"75000000-0000-0000-0000-0000000001e1","PMA-Q-481","PMA-LC-A-Q436","PMA-LC-A"
"75000000-0000-0000-0000-0000000001e2","PMA-Q-482","PMA-LC-A-Q437","PMA-LC-A"
"75000000-0000-0000-0000-0000000001e3","PMA-Q-483","PMA-LC-A-Q438","PMA-LC-A"
"75000000-0000-0000-0000-0000000001e4","PMA-Q-484","PMA-LC-A-Q439","PMA-LC-A"
"75000000-0000-0000-0000-0000000001e5","PMA-Q-485","PMA-LC-A-Q440","PMA-LC-A"
"75000000-0000-0000-0000-0000000001e6","PMA-Q-486","PMA-LC-A-Q441","PMA-LC-A"
"75000000-0000-0000-0000-0000000001e7","PMA-Q-487","PMA-LC-A-Q442","PMA-LC-A"
"75000000-0000-0000-0000-0000000001e8","PMA-Q-488","PMA-LC-A-Q443","PMA-LC-A"
"75000000-0000-0000-0000-0000000001e9","PMA-Q-489","PMA-LC-A-Q444","PMA-LC-A"
"75000000-0000-0000-0000-0000000001ea","PMA-Q-490","PMA-LC-A-Q445","PMA-LC-A"
"75000000-0000-0000-0000-0000000001eb","PMA-Q-491","PMA-LC-A-Q446","PMA-LC-A"
"75000000-0000-0000-0000-0000000001ec","PMA-Q-492","PMA-LC-A-Q447","PMA-LC-A"
"75000000-0000-0000-0000-0000000001ed","PMA-Q-493","PMA-LC-A-Q448","PMA-LC-A"
"75000000-0000-0000-0000-0000000001ee","PMA-Q-494","PMA-LC-A-Q449","PMA-LC-A"
"75000000-0000-0000-0000-0000000001ef","PMA-Q-495","PMA-LC-A-Q450","PMA-LC-A"
"75000000-0000-0000-0000-0000000001f0","PMA-Q-496","PMA-LC-A-Q451","PMA-LC-A"
"75000000-0000-0000-0000-0000000001f1","PMA-Q-497","PMA-LC-A-Q452","PMA-LC-A"
"75000000-0000-0000-0000-0000000001f2","PMA-Q-498","PMA-LC-A-Q453","PMA-LC-A"
"75000000-0000-0000-0000-0000000001f3","PMA-Q-499","PMA-LC-A-Q454","PMA-LC-A"
"75000000-0000-0000-0000-0000000001f4","PMA-Q-500","PMA-LC-A-Q455","PMA-LC-A"
"75000000-0000-0000-0000-0000000001f5","PMA-Q-501","PMA-LC-A-Q456","PMA-LC-A"
"75000000-0000-0000-0000-0000000001f6","PMA-Q-502","PMA-LC-A-Q457","PMA-LC-A"
"75000000-0000-0000-0000-0000000001f7","PMA-Q-503","PMA-LC-A-Q458","PMA-LC-A"
"75000000-0000-0000-0000-0000000001f8","PMA-Q-504","PMA-LC-A-Q459","PMA-LC-A"
"75000000-0000-0000-0000-0000000001f9","PMA-Q-505","PMA-LC-A-Q460","PMA-LC-A"
"75000000-0000-0000-0000-0000000001fa","PMA-Q-506","PMA-LC-A-Q461","PMA-LC-A"
"75000000-0000-0000-0000-0000000001fb","PMA-Q-507","PMA-LC-A-Q462","PMA-LC-A"
"75000000-0000-0000-0000-0000000001fc","PMA-Q-508","PMA-LC-A-Q463","PMA-LC-A"
"75000000-0000-0000-0000-0000000001fd","PMA-Q-509","PMA-LC-A-Q464","PMA-LC-A"
"75000000-0000-0000-0000-0000000001fe","PMA-Q-510","PMA-LC-A-Q465","PMA-LC-A"
"75000000-0000-0000-0000-0000000001ff","PMA-Q-511","PMA-LC-A-Q466","PMA-LC-A"
"75000000-0000-0000-0000-000000000200","PMA-Q-512","PMA-LC-A-Q467","PMA-LC-A"
"75000000-0000-0000-0000-000000000201","PMA-Q-513","PMA-LC-A-Q468","PMA-LC-A"
"75000000-0000-0000-0000-000000000202","PMA-Q-514","PMA-LC-A-Q469","PMA-LC-A"
"75000000-0000-0000-0000-000000000203","PMA-Q-515","PMA-LC-A-Q470","PMA-LC-A"
"75000000-0000-0000-0000-000000000204","PMA-Q-516","PMA-LC-A-Q471","PMA-LC-A"
"75000000-0000-0000-0000-000000000205","PMA-Q-517","PMA-LC-A-Q472","PMA-LC-A"
"75000000-0000-0000-0000-000000000206","PMA-Q-518","PMA-LC-A-Q473","PMA-LC-A"
"75000000-0000-0000-0000-000000000207","PMA-Q-519","PMA-LC-A-Q474","PMA-LC-A"
"75000000-0000-0000-0000-000000000208","PMA-Q-520","PMA-LC-A-Q475","PMA-LC-A"
"75000000-0000-0000-0000-000000000209","PMA-Q-521","PMA-LC-A-Q476","PMA-LC-A"
"75000000-0000-0000-0000-00000000020a","PMA-Q-522","PMA-LC-A-Q477","PMA-LC-A"
"75000000-0000-0000-0000-00000000020b","PMA-Q-523","PMA-LC-A-Q478","PMA-LC-A"
"75000000-0000-0000-0000-00000000020c","PMA-Q-524","PMA-LC-A-Q479","PMA-LC-A"
"75000000-0000-0000-0000-00000000020d","PMA-Q-525","PMA-LC-A-Q480","PMA-LC-A"
"75000000-0000-0000-0000-00000000020e","PMA-Q-526","PMA-LC-A-Q481","PMA-LC-A"
"75000000-0000-0000-0000-00000000020f","PMA-Q-527","PMA-LC-A-Q482","PMA-LC-A"
"75000000-0000-0000-0000-000000000210","PMA-Q-528","PMA-LC-A-Q483","PMA-LC-A"
"75000000-0000-0000-0000-000000000211","PMA-Q-529","PMA-LC-A-Q484","PMA-LC-A"
"75000000-0000-0000-0000-000000000212","PMA-Q-530","PMA-LC-A-Q485","PMA-LC-A"
"75000000-0000-0000-0000-000000000213","PMA-Q-531","PMA-LC-A-Q486","PMA-LC-A"
"75000000-0000-0000-0000-000000000214","PMA-Q-532","PMA-LC-A-Q487","PMA-LC-A"
"75000000-0000-0000-0000-000000000215","PMA-Q-533","PMA-LC-A-Q488","PMA-LC-A"
"75000000-0000-0000-0000-000000000216","PMA-Q-534","PMA-LC-A-Q489","PMA-LC-A"
"75000000-0000-0000-0000-000000000217","PMA-Q-535","PMA-LC-A-Q490","PMA-LC-A"
"75000000-0000-0000-0000-000000000218","PMA-Q-536","PMA-LC-A-Q491","PMA-LC-A"
"75000000-0000-0000-0000-000000000219","PMA-Q-537","PMA-LC-A-Q492","PMA-LC-A"
"75000000-0000-0000-0000-00000000021a","PMA-Q-538","PMA-LC-A-Q493","PMA-LC-A"
"75000000-0000-0000-0000-00000000021b","PMA-Q-539","PMA-LC-A-Q494","PMA-LC-A"
"75000000-0000-0000-0000-00000000021c","PMA-Q-540","PMA-LC-A-Q495","PMA-LC-A"
"75000000-0000-0000-0000-00000000021d","PMA-Q-541","PMA-LC-A-Q496","PMA-LC-A"
"75000000-0000-0000-0000-00000000021e","PMA-Q-542","PMA-LC-A-Q497","PMA-LC-A"
"75000000-0000-0000-0000-00000000021f","PMA-Q-543","PMA-LC-A-Q498","PMA-LC-A"
"75000000-0000-0000-0000-000000000220","PMA-Q-544","PMA-LC-A-Q499","PMA-LC-A"
"75000000-0000-0000-0000-000000000221","PMA-Q-545","PMA-LC-A-Q500","PMA-LC-A"
"75000000-0000-0000-0000-00000000029f","PMA-Q-671","PMA-LC-A-Q501","PMA-LC-A"
"75000000-0000-0000-0000-0000000002a0","PMA-Q-672","PMA-LC-A-Q502","PMA-LC-A"
"75000000-0000-0000-0000-0000000002a1","PMA-Q-673","PMA-LC-A-Q503","PMA-LC-A"
"75000000-0000-0000-0000-0000000002a2","PMA-Q-674","PMA-LC-A-Q504","PMA-LC-A"
"75000000-0000-0000-0000-0000000002a3","PMA-Q-675","PMA-LC-A-Q505","PMA-LC-A"
"75000000-0000-0000-0000-0000000002a4","PMA-Q-676","PMA-LC-A-Q506","PMA-LC-A"
"75000000-0000-0000-0000-0000000002a5","PMA-Q-677","PMA-LC-A-Q507","PMA-LC-A"
"75000000-0000-0000-0000-0000000002a6","PMA-Q-678","PMA-LC-A-Q508","PMA-LC-A"
"75000000-0000-0000-0000-0000000002a7","PMA-Q-679","PMA-LC-A-Q509","PMA-LC-A"
"75000000-0000-0000-0000-000000000222","PMA-Q-546","PMA-LC-A-Q510","PMA-LC-A"
"75000000-0000-0000-0000-000000000223","PMA-Q-547","PMA-LC-A-Q511","PMA-LC-A"
"75000000-0000-0000-0000-000000000224","PMA-Q-548","PMA-LC-A-Q512","PMA-LC-A"
"75000000-0000-0000-0000-000000000225","PMA-Q-549","PMA-LC-A-Q513","PMA-LC-A"
"75000000-0000-0000-0000-000000000226","PMA-Q-550","PMA-LC-A-Q514","PMA-LC-A"
"75000000-0000-0000-0000-000000000227","PMA-Q-551","PMA-LC-A-Q515","PMA-LC-A"
"75000000-0000-0000-0000-000000000228","PMA-Q-552","PMA-LC-A-Q516","PMA-LC-A"
"75000000-0000-0000-0000-000000000229","PMA-Q-553","PMA-LC-A-Q517","PMA-LC-A"
"75000000-0000-0000-0000-00000000022a","PMA-Q-554","PMA-LC-A-Q518","PMA-LC-A"
"75000000-0000-0000-0000-00000000022b","PMA-Q-555","PMA-LC-A-Q519","PMA-LC-A"
"75000000-0000-0000-0000-00000000022c","PMA-Q-556","PMA-LC-A-Q520","PMA-LC-A"
"75000000-0000-0000-0000-00000000022d","PMA-Q-557","PMA-LC-A-Q521","PMA-LC-A"
"75000000-0000-0000-0000-00000000022e","PMA-Q-558","PMA-LC-A-Q522","PMA-LC-A"
"75000000-0000-0000-0000-00000000022f","PMA-Q-559","PMA-LC-A-Q523","PMA-LC-A"
"75000000-0000-0000-0000-000000000230","PMA-Q-560","PMA-LC-A-Q524","PMA-LC-A"
"75000000-0000-0000-0000-000000000231","PMA-Q-561","PMA-LC-A-Q525","PMA-LC-A"
"75000000-0000-0000-0000-000000000232","PMA-Q-562","PMA-LC-A-Q526","PMA-LC-A"
"75000000-0000-0000-0000-000000000233","PMA-Q-563","PMA-LC-A-Q527","PMA-LC-A"
"75000000-0000-0000-0000-000000000234","PMA-Q-564","PMA-LC-A-Q528","PMA-LC-A"
"75000000-0000-0000-0000-000000000235","PMA-Q-565","PMA-LC-A-Q529","PMA-LC-A"
"75000000-0000-0000-0000-000000000236","PMA-Q-566","PMA-LC-A-Q530","PMA-LC-A"
"75000000-0000-0000-0000-000000000237","PMA-Q-567","PMA-LC-A-Q531","PMA-LC-A"
"75000000-0000-0000-0000-000000000238","PMA-Q-568","PMA-LC-A-Q532","PMA-LC-A"
"75000000-0000-0000-0000-000000000239","PMA-Q-569","PMA-LC-A-Q533","PMA-LC-A"
"75000000-0000-0000-0000-00000000023a","PMA-Q-570","PMA-LC-A-Q534","PMA-LC-A"
"75000000-0000-0000-0000-00000000023b","PMA-Q-571","PMA-LC-A-Q535","PMA-LC-A"
"75000000-0000-0000-0000-00000000023c","PMA-Q-572","PMA-LC-A-Q536","PMA-LC-A"
"75000000-0000-0000-0000-00000000023d","PMA-Q-573","PMA-LC-A-Q537","PMA-LC-A"
"75000000-0000-0000-0000-00000000023e","PMA-Q-574","PMA-LC-A-Q538","PMA-LC-A"
"75000000-0000-0000-0000-00000000023f","PMA-Q-575","PMA-LC-A-Q539","PMA-LC-A"
"75000000-0000-0000-0000-000000000240","PMA-Q-576","PMA-LC-A-Q540","PMA-LC-A"
"75000000-0000-0000-0000-000000000241","PMA-Q-577","PMA-LC-A-Q541","PMA-LC-A"
"75000000-0000-0000-0000-000000000242","PMA-Q-578","PMA-LC-A-Q542","PMA-LC-A"
"75000000-0000-0000-0000-000000000243","PMA-Q-579","PMA-LC-A-Q543","PMA-LC-A"
"75000000-0000-0000-0000-000000000244","PMA-Q-580","PMA-LC-A-Q544","PMA-LC-A"
"75000000-0000-0000-0000-000000000245","PMA-Q-581","PMA-LC-A-Q545","PMA-LC-A"
"75000000-0000-0000-0000-000000000246","PMA-Q-582","PMA-LC-A-Q546","PMA-LC-A"
"75000000-0000-0000-0000-000000000247","PMA-Q-583","PMA-LC-A-Q547","PMA-LC-A"
"75000000-0000-0000-0000-000000000248","PMA-Q-584","PMA-LC-A-Q548","PMA-LC-A"
"75000000-0000-0000-0000-000000000249","PMA-Q-585","PMA-LC-A-Q549","PMA-LC-A"
"75000000-0000-0000-0000-00000000024a","PMA-Q-586","PMA-LC-A-Q550","PMA-LC-A"
"75000000-0000-0000-0000-00000000024b","PMA-Q-587","PMA-LC-A-Q551","PMA-LC-A"
"75000000-0000-0000-0000-00000000024c","PMA-Q-588","PMA-LC-A-Q552","PMA-LC-A"
"75000000-0000-0000-0000-00000000024d","PMA-Q-589","PMA-LC-A-Q553","PMA-LC-A"
"75000000-0000-0000-0000-00000000024e","PMA-Q-590","PMA-LC-A-Q554","PMA-LC-A"
"75000000-0000-0000-0000-00000000024f","PMA-Q-591","PMA-LC-A-Q555","PMA-LC-A"
"75000000-0000-0000-0000-000000000250","PMA-Q-592","PMA-LC-A-Q556","PMA-LC-A"
"75000000-0000-0000-0000-000000000251","PMA-Q-593","PMA-LC-A-Q557","PMA-LC-A"
"75000000-0000-0000-0000-000000000252","PMA-Q-594","PMA-LC-A-Q558","PMA-LC-A"
"75000000-0000-0000-0000-000000000253","PMA-Q-595","PMA-LC-A-Q559","PMA-LC-A"
"75000000-0000-0000-0000-000000000254","PMA-Q-596","PMA-LC-A-Q560","PMA-LC-A"
"75000000-0000-0000-0000-000000000255","PMA-Q-597","PMA-LC-A-Q561","PMA-LC-A"
"75000000-0000-0000-0000-000000000256","PMA-Q-598","PMA-LC-A-Q562","PMA-LC-A"
"75000000-0000-0000-0000-000000000257","PMA-Q-599","PMA-LC-A-Q563","PMA-LC-A"
"75000000-0000-0000-0000-000000000258","PMA-Q-600","PMA-LC-A-Q564","PMA-LC-A"
"75000000-0000-0000-0000-000000000259","PMA-Q-601","PMA-LC-A-Q565","PMA-LC-A"
"75000000-0000-0000-0000-00000000025a","PMA-Q-602","PMA-LC-A-Q566","PMA-LC-A"
"75000000-0000-0000-0000-00000000025b","PMA-Q-603","PMA-LC-A-Q567","PMA-LC-A"
"75000000-0000-0000-0000-00000000025c","PMA-Q-604","PMA-LC-A-Q568","PMA-LC-A"
"75000000-0000-0000-0000-00000000025d","PMA-Q-605","PMA-LC-A-Q569","PMA-LC-A"
"75000000-0000-0000-0000-00000000025e","PMA-Q-606","PMA-LC-A-Q570","PMA-LC-A"
"75000000-0000-0000-0000-00000000025f","PMA-Q-607","PMA-LC-A-Q571","PMA-LC-A"
"75000000-0000-0000-0000-000000000260","PMA-Q-608","PMA-LC-A-Q572","PMA-LC-A"
"75000000-0000-0000-0000-000000000261","PMA-Q-609","PMA-LC-A-Q573","PMA-LC-A"
"75000000-0000-0000-0000-000000000262","PMA-Q-610","PMA-LC-A-Q574","PMA-LC-A"
"75000000-0000-0000-0000-000000000263","PMA-Q-611","PMA-LC-A-Q575","PMA-LC-A"
"75000000-0000-0000-0000-000000000264","PMA-Q-612","PMA-LC-A-Q576","PMA-LC-A"
"75000000-0000-0000-0000-000000000265","PMA-Q-613","PMA-LC-A-Q577","PMA-LC-A"
"75000000-0000-0000-0000-000000000266","PMA-Q-614","PMA-LC-A-Q578","PMA-LC-A"
"75000000-0000-0000-0000-000000000267","PMA-Q-615","PMA-LC-A-Q579","PMA-LC-A"
"75000000-0000-0000-0000-000000000268","PMA-Q-616","PMA-LC-A-Q580","PMA-LC-A"
"75000000-0000-0000-0000-000000000269","PMA-Q-617","PMA-LC-A-Q581","PMA-LC-A"
"75000000-0000-0000-0000-00000000026a","PMA-Q-618","PMA-LC-A-Q582","PMA-LC-A"
"75000000-0000-0000-0000-00000000026b","PMA-Q-619","PMA-LC-A-Q583","PMA-LC-A"
"75000000-0000-0000-0000-00000000026c","PMA-Q-620","PMA-LC-A-Q584","PMA-LC-A"
"75000000-0000-0000-0000-00000000026d","PMA-Q-621","PMA-LC-A-Q585","PMA-LC-A"
"75000000-0000-0000-0000-00000000026e","PMA-Q-622","PMA-LC-A-Q586","PMA-LC-A"
"75000000-0000-0000-0000-00000000026f","PMA-Q-623","PMA-LC-A-Q587","PMA-LC-A"
"75000000-0000-0000-0000-000000000270","PMA-Q-624","PMA-LC-A-Q588","PMA-LC-A"
"75000000-0000-0000-0000-000000000271","PMA-Q-625","PMA-LC-A-Q589","PMA-LC-A"
"75000000-0000-0000-0000-000000000272","PMA-Q-626","PMA-LC-A-Q590","PMA-LC-A"
"75000000-0000-0000-0000-000000000273","PMA-Q-627","PMA-LC-A-Q591","PMA-LC-A"
"75000000-0000-0000-0000-000000000274","PMA-Q-628","PMA-LC-A-Q592","PMA-LC-A"
"75000000-0000-0000-0000-000000000275","PMA-Q-629","PMA-LC-A-Q593","PMA-LC-A"
"75000000-0000-0000-0000-000000000276","PMA-Q-630","PMA-LC-A-Q594","PMA-LC-A"
"75000000-0000-0000-0000-000000000277","PMA-Q-631","PMA-LC-A-Q595","PMA-LC-A"
"75000000-0000-0000-0000-000000000278","PMA-Q-632","PMA-LC-A-Q596","PMA-LC-A"
"75000000-0000-0000-0000-000000000279","PMA-Q-633","PMA-LC-A-Q597","PMA-LC-A"
"75000000-0000-0000-0000-00000000027a","PMA-Q-634","PMA-LC-A-Q598","PMA-LC-A"
"75000000-0000-0000-0000-00000000027b","PMA-Q-635","PMA-LC-A-Q599","PMA-LC-A"
"75000000-0000-0000-0000-00000000027c","PMA-Q-636","PMA-LC-A-Q600","PMA-LC-A"
"75000000-0000-0000-0000-00000000027d","PMA-Q-637","PMA-LC-A-Q601","PMA-LC-A"
"75000000-0000-0000-0000-00000000027e","PMA-Q-638","PMA-LC-A-Q602","PMA-LC-A"
"75000000-0000-0000-0000-00000000027f","PMA-Q-639","PMA-LC-A-Q603","PMA-LC-A"
"75000000-0000-0000-0000-000000000280","PMA-Q-640","PMA-LC-A-Q604","PMA-LC-A"
"75000000-0000-0000-0000-000000000281","PMA-Q-641","PMA-LC-A-Q605","PMA-LC-A"
"75000000-0000-0000-0000-000000000282","PMA-Q-642","PMA-LC-A-Q606","PMA-LC-A"
"75000000-0000-0000-0000-000000000283","PMA-Q-643","PMA-LC-A-Q607","PMA-LC-A"
"75000000-0000-0000-0000-000000000284","PMA-Q-644","PMA-LC-A-Q608","PMA-LC-A"
"75000000-0000-0000-0000-000000000285","PMA-Q-645","PMA-LC-A-Q609","PMA-LC-A"
"75000000-0000-0000-0000-000000000286","PMA-Q-646","PMA-LC-A-Q610","PMA-LC-A"
"75000000-0000-0000-0000-000000000287","PMA-Q-647","PMA-LC-A-Q611","PMA-LC-A"
"75000000-0000-0000-0000-000000000288","PMA-Q-648","PMA-LC-A-Q612","PMA-LC-A"
"75000000-0000-0000-0000-000000000289","PMA-Q-649","PMA-LC-A-Q613","PMA-LC-A"
"75000000-0000-0000-0000-00000000028a","PMA-Q-650","PMA-LC-A-Q614","PMA-LC-A"
"75000000-0000-0000-0000-00000000028b","PMA-Q-651","PMA-LC-A-Q615","PMA-LC-A"
"75000000-0000-0000-0000-00000000028c","PMA-Q-652","PMA-LC-A-Q616","PMA-LC-A"
"75000000-0000-0000-0000-00000000028d","PMA-Q-653","PMA-LC-A-Q617","PMA-LC-A"
"75000000-0000-0000-0000-00000000028e","PMA-Q-654","PMA-LC-A-Q618","PMA-LC-A"
"75000000-0000-0000-0000-00000000028f","PMA-Q-655","PMA-LC-A-Q619","PMA-LC-A"
"75000000-0000-0000-0000-000000000290","PMA-Q-656","PMA-LC-A-Q620","PMA-LC-A"
"75000000-0000-0000-0000-000000000291","PMA-Q-657","PMA-LC-A-Q621","PMA-LC-A"
"75000000-0000-0000-0000-000000000292","PMA-Q-658","PMA-LC-A-Q622","PMA-LC-A"
"75000000-0000-0000-0000-000000000293","PMA-Q-659","PMA-LC-A-Q623","PMA-LC-A"
"75000000-0000-0000-0000-000000000294","PMA-Q-660","PMA-LC-A-Q624","PMA-LC-A"
"75000000-0000-0000-0000-000000000295","PMA-Q-661","PMA-LC-A-Q625","PMA-LC-A"
"75000000-0000-0000-0000-000000000296","PMA-Q-662","PMA-LC-A-Q626","PMA-LC-A"
"75000000-0000-0000-0000-000000000297","PMA-Q-663","PMA-LC-A-Q627","PMA-LC-A"
"75000000-0000-0000-0000-000000000298","PMA-Q-664","PMA-LC-A-Q628","PMA-LC-A"
"75000000-0000-0000-0000-000000000299","PMA-Q-665","PMA-LC-A-Q629","PMA-LC-A"
"75000000-0000-0000-0000-00000000029a","PMA-Q-666","PMA-LC-A-Q630","PMA-LC-A"
"75000000-0000-0000-0000-00000000029b","PMA-Q-667","PMA-LC-A-Q631","PMA-LC-A"
"75000000-0000-0000-0000-00000000029c","PMA-Q-668","PMA-LC-A-Q632","PMA-LC-A"
"75000000-0000-0000-0000-00000000029d","PMA-Q-669","PMA-LC-A-Q633","PMA-LC-A"
"75000000-0000-0000-0000-00000000029e","PMA-Q-670","PMA-LC-A-Q634","PMA-LC-A"
"75000000-0000-0000-0000-0000000002a8","PMA-Q-689","PMA-LC-A-Q635","PMA-LC-A"
"75000000-0000-0000-0000-0000000002a9","PMA-Q-690","PMA-LC-A-Q636","PMA-LC-A"
"75000000-0000-0000-0000-0000000002aa","PMA-Q-691","PMA-LC-A-Q637","PMA-LC-A"
"75000000-0000-0000-0000-0000000002ab","PMA-Q-692","PMA-LC-A-Q638","PMA-LC-A"
"75000000-0000-0000-0000-0000000002ac","PMA-Q-693","PMA-LC-A-Q639","PMA-LC-A"
"75000000-0000-0000-0000-0000000002ad","PMA-Q-694","PMA-LC-A-Q640","PMA-LC-A"
"75000000-0000-0000-0000-0000000002ae","PMA-Q-695","PMA-LC-A-Q641","PMA-LC-A"
"75000000-0000-0000-0000-0000000002af","PMA-Q-696","PMA-LC-A-Q642","PMA-LC-A"
"75000000-0000-0000-0000-0000000002b0","PMA-Q-697","PMA-LC-A-Q643","PMA-LC-A"
"75000000-0000-0000-0000-0000000002b1","PMA-Q-698","PMA-LC-A-Q644","PMA-LC-A"
"75000000-0000-0000-0000-0000000002b2","PMA-Q-699","PMA-LC-A-Q645","PMA-LC-A"
"75000000-0000-0000-0000-0000000002b3","PMA-Q-700","PMA-LC-A-Q646","PMA-LC-A"
"75000000-0000-0000-0000-0000000002b4","PMA-Q-701","PMA-LC-A-Q647","PMA-LC-A"
"75000000-0000-0000-0000-0000000002b5","PMA-Q-702","PMA-LC-A-Q648","PMA-LC-A"
"75000000-0000-0000-0000-0000000002b6","PMA-Q-703","PMA-LC-A-Q649","PMA-LC-A"
"75000000-0000-0000-0000-0000000002b7","PMA-Q-704","PMA-LC-A-Q650","PMA-LC-A"
"75000000-0000-0000-0000-0000000002b8","PMA-Q-705","PMA-LC-A-Q651","PMA-LC-A"
"75000000-0000-0000-0000-0000000002b9","PMA-Q-706","PMA-LC-A-Q652","PMA-LC-A"
"75000000-0000-0000-0000-0000000002ba","PMA-Q-707","PMA-LC-A-Q653","PMA-LC-A"
"75000000-0000-0000-0000-0000000002bb","PMA-Q-708","PMA-LC-A-Q654","PMA-LC-A"
"75000000-0000-0000-0000-0000000002bc","PMA-Q-709","PMA-LC-A-Q655","PMA-LC-A"
"75000000-0000-0000-0000-0000000002bd","PMA-Q-710","PMA-LC-A-Q656","PMA-LC-A"
"75000000-0000-0000-0000-0000000002be","PMA-Q-711","PMA-LC-A-Q657","PMA-LC-A"
"75000000-0000-0000-0000-0000000002bf","PMA-Q-712","PMA-LC-A-Q658","PMA-LC-A"
"75000000-0000-0000-0000-0000000002c0","PMA-Q-713","PMA-LC-A-Q659","PMA-LC-A"
"75000000-0000-0000-0000-0000000002c1","PMA-Q-714","PMA-LC-A-Q660","PMA-LC-A"
"75000000-0000-0000-0000-0000000002c2","PMA-Q-715","PMA-LC-A-Q661","PMA-LC-A"
"75000000-0000-0000-0000-0000000002c3","PMA-Q-716","PMA-LC-A-Q662","PMA-LC-A"
"75000000-0000-0000-0000-0000000002c4","PMA-Q-717","PMA-LC-A-Q663","PMA-LC-A"
"75000000-0000-0000-0000-0000000002c5","PMA-Q-718","PMA-LC-A-Q664","PMA-LC-A"
"75000000-0000-0000-0000-0000000002c6","PMA-Q-719","PMA-LC-A-Q665","PMA-LC-A"
"75000000-0000-0000-0000-0000000002c7","PMA-Q-720","PMA-LC-A-Q666","PMA-LC-A"
"75000000-0000-0000-0000-0000000002c8","PMA-Q-721","PMA-LC-A-Q667","PMA-LC-A"
"75000000-0000-0000-0000-0000000002c9","PMA-Q-722","PMA-LC-A-Q668","PMA-LC-A"
"75000000-0000-0000-0000-0000000002ca","PMA-Q-723","PMA-LC-A-Q669","PMA-LC-A"
"75000000-0000-0000-0000-0000000002cb","PMA-Q-724","PMA-LC-A-Q670","PMA-LC-A"
"75000000-0000-0000-0000-0000000002cc","PMA-Q-725","PMA-LC-A-Q671","PMA-LC-A"
"75000000-0000-0000-0000-0000000002cd","PMA-Q-726","PMA-LC-A-Q672","PMA-LC-A"
"75000000-0000-0000-0000-0000000002ce","PMA-Q-727","PMA-LC-A-Q673","PMA-LC-A"
"75000000-0000-0000-0000-0000000002cf","PMA-Q-728","PMA-LC-A-Q674","PMA-LC-A"
"75000000-0000-0000-0000-0000000002d0","PMA-Q-729","PMA-LC-A-Q675","PMA-LC-A"
"75000000-0000-0000-0000-0000000002d1","PMA-Q-730","PMA-LC-A-Q676","PMA-LC-A"
"75000000-0000-0000-0000-0000000002d2","PMA-Q-731","PMA-LC-A-Q677","PMA-LC-A"
"75000000-0000-0000-0000-0000000002d3","PMA-Q-732","PMA-LC-A-Q678","PMA-LC-A"
"75000000-0000-0000-0000-0000000002d4","PMA-Q-733","PMA-LC-A-Q679","PMA-LC-A"
"75000000-0000-0000-0000-0000000002d5","PMA-Q-734","PMA-LC-A-Q680","PMA-LC-A"
"75000000-0000-0000-0000-0000000002d6","PMA-Q-735","PMA-LC-A-Q681","PMA-LC-A"
"75000000-0000-0000-0000-0000000002d7","PMA-Q-736","PMA-LC-A-Q682","PMA-LC-A"
"75000000-0000-0000-0000-0000000002d8","PMA-Q-737","PMA-LC-A-Q683","PMA-LC-A"
"75000000-0000-0000-0000-0000000002d9","PMA-Q-738","PMA-LC-A-Q684","PMA-LC-A"
"75000000-0000-0000-0000-0000000002da","PMA-Q-739","PMA-LC-A-Q685","PMA-LC-A"
"75000000-0000-0000-0000-0000000002db","PMA-Q-740","PMA-LC-A-Q686","PMA-LC-A"
"75000000-0000-0000-0000-0000000002dc","PMA-Q-741","PMA-LC-A-Q687","PMA-LC-A"
"75000000-0000-0000-0000-0000000002dd","PMA-Q-742","PMA-LC-A-Q688","PMA-LC-A"
"75000000-0000-0000-0000-0000000002de","PMA-Q-743","PMA-LC-A-Q689","PMA-LC-A"
"75000000-0000-0000-0000-0000000002df","PMA-Q-744","PMA-LC-A-Q690","PMA-LC-A"
"75000000-0000-0000-0000-0000000002e0","PMA-Q-745","PMA-LC-A-Q691","PMA-LC-A"
"75000000-0000-0000-0000-0000000002e1","PMA-Q-746","PMA-LC-A-Q692","PMA-LC-A"
"75000000-0000-0000-0000-0000000002e2","PMA-Q-747","PMA-LC-A-Q693","PMA-LC-A"
"75000000-0000-0000-0000-0000000002e3","PMA-Q-748","PMA-LC-A-Q694","PMA-LC-A"
"75000000-0000-0000-0000-0000000002e4","PMA-Q-749","PMA-LC-A-Q695","PMA-LC-A"
"75000000-0000-0000-0000-0000000002e5","PMA-Q-750","PMA-LC-A-Q696","PMA-LC-A"
"75000000-0000-0000-0000-0000000002e6","PMA-Q-751","PMA-LC-A-Q697","PMA-LC-A"
"75000000-0000-0000-0000-0000000002e7","PMA-Q-752","PMA-LC-A-Q698","PMA-LC-A"
"75000000-0000-0000-0000-0000000002e8","PMA-Q-753","PMA-LC-A-Q699","PMA-LC-A"
"75000000-0000-0000-0000-0000000002e9","PMA-Q-754","PMA-LC-A-Q700","PMA-LC-A"
"75000000-0000-0000-0000-0000000002ea","PMA-Q-755","PMA-LC-A-Q701","PMA-LC-A"
"75000000-0000-0000-0000-0000000002eb","PMA-Q-756","PMA-LC-A-Q702","PMA-LC-A"
"75000000-0000-0000-0000-0000000002ec","PMA-Q-757","PMA-LC-A-Q703","PMA-LC-A"
"75000000-0000-0000-0000-0000000002ed","PMA-Q-758","PMA-LC-A-Q704","PMA-LC-A"
"75000000-0000-0000-0000-0000000002ee","PMA-Q-759","PMA-LC-A-Q705","PMA-LC-A"
"75000000-0000-0000-0000-0000000002ef","PMA-Q-760","PMA-LC-A-Q706","PMA-LC-A"
"75000000-0000-0000-0000-0000000002f0","PMA-Q-761","PMA-LC-A-Q707","PMA-LC-A"
"75000000-0000-0000-0000-0000000002f1","PMA-Q-762","PMA-LC-A-Q708","PMA-LC-A"
"75000000-0000-0000-0000-0000000002f2","PMA-Q-763","PMA-LC-A-Q709","PMA-LC-A"
"75000000-0000-0000-0000-0000000002f3","PMA-Q-764","PMA-LC-A-Q710","PMA-LC-A"
"75000000-0000-0000-0000-0000000002f4","PMA-Q-765","PMA-LC-A-Q711","PMA-LC-A"
"75000000-0000-0000-0000-0000000002f5","PMA-Q-766","PMA-LC-A-Q712","PMA-LC-A"
"75000000-0000-0000-0000-0000000002f6","PMA-Q-767","PMA-LC-A-Q713","PMA-LC-A"
"75000000-0000-0000-0000-0000000002f7","PMA-Q-768","PMA-LC-A-Q714","PMA-LC-A"
"75000000-0000-0000-0000-0000000002f8","PMA-Q-769","PMA-LC-A-Q715","PMA-LC-A"
"75000000-0000-0000-0000-0000000002f9","PMA-Q-770","PMA-LC-A-Q716","PMA-LC-A"
"75000000-0000-0000-0000-0000000002fa","PMA-Q-771","PMA-LC-A-Q717","PMA-LC-A"
"75000000-0000-0000-0000-0000000002fb","PMA-Q-772","PMA-LC-A-Q718","PMA-LC-A"
"75000000-0000-0000-0000-0000000002fc","PMA-Q-773","PMA-LC-A-Q719","PMA-LC-A"
"75000000-0000-0000-0000-0000000002fd","PMA-Q-774","PMA-LC-A-Q720","PMA-LC-A"
"75000000-0000-0000-0000-0000000002fe","PMA-Q-775","PMA-LC-A-Q721","PMA-LC-A"
"75000000-0000-0000-0000-0000000002ff","PMA-Q-776","PMA-LC-A-Q722","PMA-LC-A"
"75000000-0000-0000-0000-000000000300","PMA-Q-777","PMA-LC-A-Q723","PMA-LC-A"
"75000000-0000-0000-0000-000000000301","PMA-Q-778","PMA-LC-A-Q724","PMA-LC-A"
"75000000-0000-0000-0000-000000000302","PMA-Q-779","PMA-LC-A-Q725","PMA-LC-A"
"75000000-0000-0000-0000-000000000303","PMA-Q-780","PMA-LC-A-Q726","PMA-LC-A"
"75000000-0000-0000-0000-000000000304","PMA-Q-781","PMA-LC-A-Q727","PMA-LC-A"
"75000000-0000-0000-0000-000000000305","PMA-Q-782","PMA-LC-A-Q728","PMA-LC-A"
"75000000-0000-0000-0000-000000000306","PMA-Q-783","PMA-LC-A-Q729","PMA-LC-A"
"75000000-0000-0000-0000-000000000307","PMA-Q-784","PMA-LC-A-Q730","PMA-LC-A"
"75000000-0000-0000-0000-000000000308","PMA-Q-785","PMA-LC-A-Q731","PMA-LC-A"
"75000000-0000-0000-0000-000000000309","PMA-Q-786","PMA-LC-A-Q732","PMA-LC-A"
"75000000-0000-0000-0000-00000000030a","PMA-Q-787","PMA-LC-A-Q733","PMA-LC-A"
"75000000-0000-0000-0000-00000000030b","PMA-Q-788","PMA-LC-A-Q734","PMA-LC-A"
"75000000-0000-0000-0000-00000000030c","PMA-Q-789","PMA-LC-A-Q735","PMA-LC-A"
"75000000-0000-0000-0000-00000000030d","PMA-Q-790","PMA-LC-A-Q736","PMA-LC-A"
"75000000-0000-0000-0000-00000000030e","PMA-Q-791","PMA-LC-A-Q737","PMA-LC-A"
"75000000-0000-0000-0000-00000000030f","PMA-Q-792","PMA-LC-A-Q738","PMA-LC-A"
"75000000-0000-0000-0000-000000000310","PMA-Q-793","PMA-LC-A-Q739","PMA-LC-A"
"75000000-0000-0000-0000-000000000311","PMA-Q-794","PMA-LC-A-Q740","PMA-LC-A"
"75000000-0000-0000-0000-000000000312","PMA-Q-795","PMA-LC-A-Q741","PMA-LC-A"
"75000000-0000-0000-0000-000000000313","PMA-Q-796","PMA-LC-A-Q742","PMA-LC-A"
"75000000-0000-0000-0000-000000000314","PMA-Q-797","PMA-LC-A-Q743","PMA-LC-A"
"75000000-0000-0000-0000-000000000315","PMA-Q-798","PMA-LC-A-Q744","PMA-LC-A"
"75000000-0000-0000-0000-000000000316","PMA-Q-799","PMA-LC-A-Q745","PMA-LC-A"
"75000000-0000-0000-0000-000000000317","PMA-Q-800","PMA-LC-A-Q746","PMA-LC-A"
"75000000-0000-0000-0000-000000000318","PMA-Q-801","PMA-LC-A-Q747","PMA-LC-A"
"75000000-0000-0000-0000-000000000319","PMA-Q-802","PMA-LC-A-Q748","PMA-LC-A"
"75000000-0000-0000-0000-00000000031a","PMA-Q-803","PMA-LC-A-Q749","PMA-LC-A"
"75000000-0000-0000-0000-00000000031b","PMA-Q-804","PMA-LC-A-Q750","PMA-LC-A"
"75000000-0000-0000-0000-00000000031c","PMA-Q-805","PMA-LC-A-Q751","PMA-LC-A"
"75000000-0000-0000-0000-00000000031d","PMA-Q-806","PMA-LC-A-Q752","PMA-LC-A"
"75000000-0000-0000-0000-00000000031e","PMA-Q-807","PMA-LC-A-Q753","PMA-LC-A"
"75000000-0000-0000-0000-00000000031f","PMA-Q-808","PMA-LC-A-Q754","PMA-LC-A"
"75000000-0000-0000-0000-000000000320","PMA-Q-809","PMA-LC-A-Q755","PMA-LC-A"
"75000000-0000-0000-0000-000000000321","PMA-Q-810","PMA-LC-A-Q756","PMA-LC-A"
"75000000-0000-0000-0000-000000000322","PMA-Q-811","PMA-LC-A-Q757","PMA-LC-A"
"75000000-0000-0000-0000-000000000323","PMA-Q-812","PMA-LC-A-Q758","PMA-LC-A"
"75000000-0000-0000-0000-000000000324","PMA-Q-813","PMA-LC-A-Q759","PMA-LC-A"
"75000000-0000-0000-0000-000000000325","PMA-Q-814","PMA-LC-A-Q760","PMA-LC-A"
"75000000-0000-0000-0000-000000000326","PMA-Q-815","PMA-LC-A-Q761","PMA-LC-A"
"75000000-0000-0000-0000-000000000327","PMA-Q-816","PMA-LC-A-Q762","PMA-LC-A"
"75000000-0000-0000-0000-000000000328","PMA-Q-817","PMA-LC-A-Q763","PMA-LC-A"
"75000000-0000-0000-0000-000000000329","PMA-Q-818","PMA-LC-A-Q764","PMA-LC-A"
"75000000-0000-0000-0000-00000000032a","PMA-Q-819","PMA-LC-A-Q765","PMA-LC-A"
"75000000-0000-0000-0000-00000000032b","PMA-Q-820","PMA-LC-A-Q766","PMA-LC-A"
"75000000-0000-0000-0000-00000000032c","PMA-Q-821","PMA-LC-A-Q767","PMA-LC-A"
"75000000-0000-0000-0000-00000000032d","PMA-Q-822","PMA-LC-A-Q768","PMA-LC-A"
"75000000-0000-0000-0000-00000000032e","PMA-Q-823","PMA-LC-A-Q769","PMA-LC-A"
"75000000-0000-0000-0000-00000000032f","PMA-Q-824","PMA-LC-A-Q770","PMA-LC-A"
"75000000-0000-0000-0000-000000000330","PMA-Q-825","PMA-LC-A-Q771","PMA-LC-A"
"75000000-0000-0000-0000-000000000331","PMA-Q-826","PMA-LC-A-Q772","PMA-LC-A"
"75000000-0000-0000-0000-000000000332","PMA-Q-827","PMA-LC-A-Q773","PMA-LC-A"
"75000000-0000-0000-0000-000000000333","PMA-Q-828","PMA-LC-A-Q774","PMA-LC-A"
"75000000-0000-0000-0000-000000000334","PMA-Q-829","PMA-LC-A-Q775","PMA-LC-A"
"75000000-0000-0000-0000-000000000335","PMA-Q-830","PMA-LC-A-Q776","PMA-LC-A"
"75000000-0000-0000-0000-000000000336","PMA-Q-831","PMA-LC-A-Q777","PMA-LC-A"
"75000000-0000-0000-0000-000000000337","PMA-Q-832","PMA-LC-A-Q778","PMA-LC-A"
"75000000-0000-0000-0000-000000000338","PMA-Q-833","PMA-LC-A-Q779","PMA-LC-A"
"75000000-0000-0000-0000-000000000339","PMA-Q-834","PMA-LC-A-Q780","PMA-LC-A"
"75000000-0000-0000-0000-00000000033a","PMA-Q-835","PMA-LC-A-Q781","PMA-LC-A"
"75000000-0000-0000-0000-00000000033b","PMA-Q-836","PMA-LC-A-Q782","PMA-LC-A"
"75000000-0000-0000-0000-00000000033c","PMA-Q-837","PMA-LC-A-Q783","PMA-LC-A"
"75000000-0000-0000-0000-00000000033d","PMA-Q-838","PMA-LC-A-Q784","PMA-LC-A"
"75000000-0000-0000-0000-00000000033e","PMA-Q-839","PMA-LC-A-Q785","PMA-LC-A"
"75000000-0000-0000-0000-00000000033f","PMA-Q-840","PMA-LC-A-Q786","PMA-LC-A"
"75000000-0000-0000-0000-000000000340","PMA-Q-841","PMA-LC-A-Q787","PMA-LC-A"
"75000000-0000-0000-0000-000000000341","PMA-Q-842","PMA-LC-A-Q788","PMA-LC-A"
"75000000-0000-0000-0000-000000000342","PMA-Q-843","PMA-LC-A-Q789","PMA-LC-A"
"75000000-0000-0000-0000-000000000343","PMA-Q-844","PMA-LC-A-Q790","PMA-LC-A"
"75000000-0000-0000-0000-000000000344","PMA-Q-845","PMA-LC-A-Q791","PMA-LC-A"
"75000000-0000-0000-0000-000000000345","PMA-Q-846","PMA-LC-A-Q792","PMA-LC-A"
"75000000-0000-0000-0000-000000000346","PMA-Q-847","PMA-LC-A-Q793","PMA-LC-A"
"75000000-0000-0000-0000-000000000347","PMA-Q-848","PMA-LC-A-Q794","PMA-LC-A"
"75000000-0000-0000-0000-000000000348","PMA-Q-849","PMA-LC-A-Q795","PMA-LC-A"
"75000000-0000-0000-0000-000000000349","PMA-Q-850","PMA-LC-A-Q796","PMA-LC-A"
"75000000-0000-0000-0000-00000000034a","PMA-Q-851","PMA-LC-A-Q797","PMA-LC-A"
"75000000-0000-0000-0000-00000000034b","PMA-Q-852","PMA-LC-A-Q798","PMA-LC-A"
"75000000-0000-0000-0000-00000000034c","PMA-Q-853","PMA-LC-A-Q799","PMA-LC-A"
"75000000-0000-0000-0000-00000000034d","PMA-Q-854","PMA-LC-A-Q800","PMA-LC-A"
"75000000-0000-0000-0000-00000000034e","PMA-Q-855","PMA-LC-A-Q801","PMA-LC-A"
"75000000-0000-0000-0000-00000000034f","PMA-Q-856","PMA-LC-A-Q802","PMA-LC-A"
"75000000-0000-0000-0000-000000000350","PMA-Q-857","PMA-LC-A-Q803","PMA-LC-A"
"75000000-0000-0000-0000-000000000351","PMA-Q-858","PMA-LC-A-Q804","PMA-LC-A"
"75000000-0000-0000-0000-000000000352","PMA-Q-859","PMA-LC-A-Q805","PMA-LC-A"
"75000000-0000-0000-0000-000000000353","PMA-Q-860","PMA-LC-A-Q806","PMA-LC-A"
"75000000-0000-0000-0000-000000000354","PMA-Q-861","PMA-LC-A-Q807","PMA-LC-A"
"75000000-0000-0000-0000-000000000355","PMA-Q-862","PMA-LC-A-Q808","PMA-LC-A"
"75000000-0000-0000-0000-000000000356","PMA-Q-863","PMA-LC-A-Q809","PMA-LC-A"
"75000000-0000-0000-0000-000000000357","PMA-Q-864","PMA-LC-A-Q810","PMA-LC-A"
"75000000-0000-0000-0000-000000000358","PMA-Q-865","PMA-LC-A-Q811","PMA-LC-A"
"75000000-0000-0000-0000-000000000359","PMA-Q-866","PMA-LC-A-Q812","PMA-LC-A"
"75000000-0000-0000-0000-00000000035a","PMA-Q-867","PMA-LC-A-Q813","PMA-LC-A"
"75000000-0000-0000-0000-00000000035b","PMA-Q-868","PMA-LC-A-Q814","PMA-LC-A"
"75000000-0000-0000-0000-00000000035c","PMA-Q-869","PMA-LC-A-Q815","PMA-LC-A"
"75000000-0000-0000-0000-00000000035d","PMA-Q-870","PMA-LC-A-Q816","PMA-LC-A"
"75000000-0000-0000-0000-00000000035e","PMA-Q-871","PMA-LC-A-Q817","PMA-LC-A"
"75000000-0000-0000-0000-00000000035f","PMA-Q-872","PMA-LC-A-Q818","PMA-LC-A"
"75000000-0000-0000-0000-000000000360","PMA-Q-873","PMA-LC-A-Q819","PMA-LC-A"
"75000000-0000-0000-0000-000000000361","PMA-Q-874","PMA-LC-A-Q820","PMA-LC-A"
"75000000-0000-0000-0000-000000000362","PMA-Q-875","PMA-LC-A-Q821","PMA-LC-A"
"75000000-0000-0000-0000-000000000363","PMA-Q-876","PMA-LC-A-Q822","PMA-LC-A"
"75000000-0000-0000-0000-000000000364","PMA-Q-877","PMA-LC-A-Q823","PMA-LC-A"
"75000000-0000-0000-0000-000000000365","PMA-Q-878","PMA-LC-A-Q824","PMA-LC-A"
"75000000-0000-0000-0000-000000000366","PMA-Q-879","PMA-LC-A-Q825","PMA-LC-A"
"75000000-0000-0000-0000-000000000367","PMA-Q-880","PMA-LC-A-Q826","PMA-LC-A"
"75000000-0000-0000-0000-000000000368","PMA-Q-881","PMA-LC-A-Q827","PMA-LC-A"
"75000000-0000-0000-0000-000000000369","PMA-Q-882","PMA-LC-A-Q828","PMA-LC-A"
"75000000-0000-0000-0000-00000000036a","PMA-Q-883","PMA-LC-A-Q829","PMA-LC-A"
"75000000-0000-0000-0000-00000000036b","PMA-Q-884","PMA-LC-A-Q830","PMA-LC-A"
"75000000-0000-0000-0000-00000000036c","PMA-Q-885","PMA-LC-A-Q831","PMA-LC-A"
"75000000-0000-0000-0000-00000000036d","PMA-Q-886","PMA-LC-A-Q832","PMA-LC-A"
"75000000-0000-0000-0000-00000000036e","PMA-Q-887","PMA-LC-A-Q833","PMA-LC-A"
"75000000-0000-0000-0000-00000000036f","PMA-Q-888","PMA-LC-A-Q834","PMA-LC-A"
"75000000-0000-0000-0000-000000000370","PMA-Q-889","PMA-LC-A-Q835","PMA-LC-A"
"75000000-0000-0000-0000-000000000371","PMA-Q-890","PMA-LC-A-Q836","PMA-LC-A"
"75000000-0000-0000-0000-000000000372","PMA-Q-891","PMA-LC-A-Q837","PMA-LC-A"
"75000000-0000-0000-0000-000000000373","PMA-Q-892","PMA-LC-A-Q838","PMA-LC-A"
"75000000-0000-0000-0000-000000000374","PMA-Q-893","PMA-LC-A-Q839","PMA-LC-A"
"75000000-0000-0000-0000-000000000375","PMA-Q-894","PMA-LC-A-Q840","PMA-LC-A"
"75000000-0000-0000-0000-000000000376","PMA-Q-895","PMA-LC-A-Q841","PMA-LC-A"
"75000000-0000-0000-0000-000000000377","PMA-Q-896","PMA-LC-A-Q842","PMA-LC-A"
"75000000-0000-0000-0000-000000000378","PMA-Q-897","PMA-LC-A-Q843","PMA-LC-A"
"75000000-0000-0000-0000-000000000379","PMA-Q-898","PMA-LC-A-Q844","PMA-LC-A"
"75000000-0000-0000-0000-00000000037a","PMA-Q-899","PMA-LC-A-Q845","PMA-LC-A"
"75000000-0000-0000-0000-00000000037b","PMA-Q-900","PMA-LC-A-Q846","PMA-LC-A"
"75000000-0000-0000-0000-00000000037c","PMA-Q-901","PMA-LC-A-Q847","PMA-LC-A"
"75000000-0000-0000-0000-00000000037d","PMA-Q-902","PMA-LC-A-Q848","PMA-LC-A"
"75000000-0000-0000-0000-00000000037e","PMA-Q-903","PMA-LC-A-Q849","PMA-LC-A"
"75000000-0000-0000-0000-00000000037f","PMA-Q-904","PMA-LC-A-Q850","PMA-LC-A"
"75000000-0000-0000-0000-000000000380","PMA-Q-905","PMA-LC-A-Q851","PMA-LC-A"
"75000000-0000-0000-0000-000000000381","PMA-Q-906","PMA-LC-A-Q852","PMA-LC-A"
"75000000-0000-0000-0000-000000000382","PMA-Q-907","PMA-LC-A-Q853","PMA-LC-A"
"75000000-0000-0000-0000-000000000383","PMA-Q-908","PMA-LC-A-Q854","PMA-LC-A"
"75000000-0000-0000-0000-000000000384","PMA-Q-909","PMA-LC-A-Q855","PMA-LC-A"
"75000000-0000-0000-0000-000000000385","PMA-Q-910","PMA-LC-A-Q856","PMA-LC-A"
"75000000-0000-0000-0000-000000000386","PMA-Q-911","PMA-LC-A-Q857","PMA-LC-A"
"75000000-0000-0000-0000-000000000387","PMA-Q-912","PMA-LC-A-Q858","PMA-LC-A"
"75000000-0000-0000-0000-000000000388","PMA-Q-913","PMA-LC-A-Q859","PMA-LC-A"
"75000000-0000-0000-0000-000000000389","PMA-Q-914","PMA-LC-A-Q860","PMA-LC-A"
"75000000-0000-0000-0000-00000000038a","PMA-Q-915","PMA-LC-A-Q861","PMA-LC-A"
"75000000-0000-0000-0000-00000000038b","PMA-Q-916","PMA-LC-A-Q862","PMA-LC-A"
"75000000-0000-0000-0000-00000000038c","PMA-Q-917","PMA-LC-A-Q863","PMA-LC-A"
"75000000-0000-0000-0000-00000000038d","PMA-Q-918","PMA-LC-A-Q864","PMA-LC-A"
"75000000-0000-0000-0000-00000000038e","PMA-Q-919","PMA-LC-A-Q865","PMA-LC-A"
"75000000-0000-0000-0000-00000000038f","PMA-Q-920","PMA-LC-A-Q866","PMA-LC-A"
"75000000-0000-0000-0000-000000000390","PMA-Q-921","PMA-LC-A-Q867","PMA-LC-A"
"75000000-0000-0000-0000-000000000391","PMA-Q-922","PMA-LC-A-Q868","PMA-LC-A"
"75000000-0000-0000-0000-000000000392","PMA-Q-923","PMA-LC-A-Q869","PMA-LC-A"
"75000000-0000-0000-0000-000000000393","PMA-Q-924","PMA-LC-A-Q870","PMA-LC-A"
"75000000-0000-0000-0000-000000000394","PMA-Q-925","PMA-LC-A-Q871","PMA-LC-A"
"75000000-0000-0000-0000-000000000395","PMA-Q-926","PMA-LC-A-Q872","PMA-LC-A"
"75000000-0000-0000-0000-000000000396","PMA-Q-927","PMA-LC-A-Q873","PMA-LC-A"
"75000000-0000-0000-0000-000000000397","PMA-Q-928","PMA-LC-A-Q874","PMA-LC-A"
"75000000-0000-0000-0000-000000000398","PMA-Q-929","PMA-LC-A-Q875","PMA-LC-A"
"75000000-0000-0000-0000-000000000399","PMA-Q-930","PMA-LC-A-Q876","PMA-LC-A"
"75000000-0000-0000-0000-00000000039a","PMA-Q-931","PMA-LC-A-Q877","PMA-LC-A"
"75000000-0000-0000-0000-00000000039b","PMA-Q-932","PMA-LC-A-Q878","PMA-LC-A"
"75000000-0000-0000-0000-00000000039c","PMA-Q-933","PMA-LC-A-Q879","PMA-LC-A"
"75000000-0000-0000-0000-00000000039d","PMA-Q-934","PMA-LC-A-Q880","PMA-LC-A"
"75000000-0000-0000-0000-00000000039e","PMA-Q-935","PMA-LC-A-Q881","PMA-LC-A"
"75000000-0000-0000-0000-00000000039f","PMA-Q-936","PMA-LC-A-Q882","PMA-LC-A"
"75000000-0000-0000-0000-0000000003a0","PMA-Q-937","PMA-LC-A-Q883","PMA-LC-A"
"75000000-0000-0000-0000-0000000003a1","PMA-Q-938","PMA-LC-A-Q884","PMA-LC-A"
"75000000-0000-0000-0000-0000000003a2","PMA-Q-939","PMA-LC-A-Q885","PMA-LC-A"
"75000000-0000-0000-0000-0000000003a3","PMA-Q-940","PMA-LC-A-Q886","PMA-LC-A"
"75000000-0000-0000-0000-0000000003a4","PMA-Q-941","PMA-LC-A-Q887","PMA-LC-A"
"75000000-0000-0000-0000-0000000003a5","PMA-Q-942","PMA-LC-A-Q888","PMA-LC-A"
"75000000-0000-0000-0000-0000000003a6","PMA-Q-943","PMA-LC-A-Q889","PMA-LC-A"
"75000000-0000-0000-0000-0000000003a7","PMA-Q-944","PMA-LC-A-Q890","PMA-LC-A"
"75000000-0000-0000-0000-0000000003a8","PMA-Q-945","PMA-LC-A-Q891","PMA-LC-A"
"75000000-0000-0000-0000-0000000003a9","PMA-Q-946","PMA-LC-A-Q892","PMA-LC-A"
"75000000-0000-0000-0000-0000000003aa","PMA-Q-947","PMA-LC-A-Q893","PMA-LC-A"
"75000000-0000-0000-0000-0000000003ab","PMA-Q-948","PMA-LC-A-Q894","PMA-LC-A"
"75000000-0000-0000-0000-0000000003ac","PMA-Q-949","PMA-LC-A-Q895","PMA-LC-A"
"75000000-0000-0000-0000-0000000003ad","PMA-Q-950","PMA-LC-A-Q896","PMA-LC-A"
"75000000-0000-0000-0000-0000000003ae","PMA-Q-951","PMA-LC-A-Q897","PMA-LC-A"
"75000000-0000-0000-0000-0000000003af","PMA-Q-952","PMA-LC-A-Q898","PMA-LC-A"
"75000000-0000-0000-0000-0000000003b0","PMA-Q-953","PMA-LC-A-Q899","PMA-LC-A"
"75000000-0000-0000-0000-0000000003b1","PMA-Q-954","PMA-LC-A-Q900","PMA-LC-A"
"75000000-0000-0000-0000-0000000003b2","PMA-Q-955","PMA-LC-A-Q901","PMA-LC-A"
"75000000-0000-0000-0000-0000000003b3","PMA-Q-956","PMA-LC-A-Q902","PMA-LC-A"
"75000000-0000-0000-0000-0000000003b4","PMA-Q-957","PMA-LC-A-Q903","PMA-LC-A"
"75000000-0000-0000-0000-0000000003b5","PMA-Q-958","PMA-LC-A-Q904","PMA-LC-A"
"75000000-0000-0000-0000-0000000003b6","PMA-Q-959","PMA-LC-A-Q905","PMA-LC-A"
"75000000-0000-0000-0000-0000000003b7","PMA-Q-960","PMA-LC-A-Q906","PMA-LC-A"
"75000000-0000-0000-0000-0000000003b8","PMA-Q-961","PMA-LC-A-Q907","PMA-LC-A"
"75000000-0000-0000-0000-0000000003b9","PMA-Q-962","PMA-LC-A-Q908","PMA-LC-A"
"75000000-0000-0000-0000-0000000003ba","PMA-Q-963","PMA-LC-A-Q909","PMA-LC-A"
"75000000-0000-0000-0000-0000000003bb","PMA-Q-964","PMA-LC-A-Q910","PMA-LC-A"
"75000000-0000-0000-0000-0000000003bc","PMA-Q-965","PMA-LC-A-Q911","PMA-LC-A"
"75000000-0000-0000-0000-0000000003bd","PMA-Q-966","PMA-LC-A-Q912","PMA-LC-A"
"75000000-0000-0000-0000-0000000003be","PMA-Q-967","PMA-LC-A-Q913","PMA-LC-A"
"75000000-0000-0000-0000-0000000003bf","PMA-Q-968","PMA-LC-A-Q914","PMA-LC-A"
"75000000-0000-0000-0000-0000000003c0","PMA-Q-969","PMA-LC-A-Q915","PMA-LC-A"
"75000000-0000-0000-0000-0000000003c1","PMA-Q-970","PMA-LC-A-Q916","PMA-LC-A"
"75000000-0000-0000-0000-0000000003c2","PMA-Q-971","PMA-LC-A-Q917","PMA-LC-A"
"75000000-0000-0000-0000-0000000003c3","PMA-Q-972","PMA-LC-A-Q918","PMA-LC-A"
"75000000-0000-0000-0000-0000000003c4","PMA-Q-973","PMA-LC-A-Q919","PMA-LC-A"
"75000000-0000-0000-0000-0000000003c5","PMA-Q-974","PMA-LC-A-Q920","PMA-LC-A"
"75000000-0000-0000-0000-0000000003c6","PMA-Q-975","PMA-LC-A-Q921","PMA-LC-A"
"75000000-0000-0000-0000-0000000003c7","PMA-Q-976","PMA-LC-A-Q922","PMA-LC-A"
"75000000-0000-0000-0000-0000000003c8","PMA-Q-977","PMA-LC-A-Q923","PMA-LC-A"
"75000000-0000-0000-0000-0000000003c9","PMA-Q-978","PMA-LC-A-Q924","PMA-LC-A"
"75000000-0000-0000-0000-0000000003ca","PMA-Q-979","PMA-LC-A-Q925","PMA-LC-A"
"75000000-0000-0000-0000-0000000003cb","PMA-Q-980","PMA-LC-A-Q926","PMA-LC-A"
"75000000-0000-0000-0000-0000000003cc","PMA-Q-981","PMA-LC-A-Q927","PMA-LC-A"
"75000000-0000-0000-0000-0000000003cd","PMA-Q-982","PMA-LC-A-Q928","PMA-LC-A"
"75000000-0000-0000-0000-0000000003ce","PMA-Q-983","PMA-LC-A-Q929","PMA-LC-A"
"75000000-0000-0000-0000-0000000003cf","PMA-Q-984","PMA-LC-A-Q930","PMA-LC-A"
"75000000-0000-0000-0000-0000000003d0","PMA-Q-985","PMA-LC-A-Q931","PMA-LC-A"
"75000000-0000-0000-0000-0000000003d1","PMA-Q-986","PMA-LC-A-Q932","PMA-LC-A"
"75000000-0000-0000-0000-0000000003d2","PMA-Q-987","PMA-LC-A-Q933","PMA-LC-A"
"75000000-0000-0000-0000-0000000003d3","PMA-Q-988","PMA-LC-A-Q934","PMA-LC-A"
"75000000-0000-0000-0000-0000000003d4","PMA-Q-989","PMA-LC-A-Q935","PMA-LC-A"
"75000000-0000-0000-0000-0000000003d5","PMA-Q-990","PMA-LC-A-Q936","PMA-LC-A"
"75000000-0000-0000-0000-0000000003d6","PMA-Q-991","PMA-LC-A-Q937","PMA-LC-A"
"75000000-0000-0000-0000-0000000003d7","PMA-Q-992","PMA-LC-A-Q938","PMA-LC-A"
"75000000-0000-0000-0000-0000000003d8","PMA-Q-993","PMA-LC-A-Q939","PMA-LC-A"
"75000000-0000-0000-0000-0000000003d9","PMA-Q-994","PMA-LC-A-Q940","PMA-LC-A"
"75000000-0000-0000-0000-0000000003da","PMA-Q-995","PMA-LC-A-Q941","PMA-LC-A"
"75000000-0000-0000-0000-0000000003db","PMA-Q-996","PMA-LC-A-Q942","PMA-LC-A"
"75000000-0000-0000-0000-0000000003dc","PMA-Q-997","PMA-LC-A-Q943","PMA-LC-A"
"75000000-0000-0000-0000-0000000003dd","PMA-Q-998","PMA-LC-A-Q944","PMA-LC-A"
"75000000-0000-0000-0000-0000000003de","PMA-Q-999","PMA-LC-A-Q945","PMA-LC-A"
"75000000-0000-0000-0000-0000000003df","PMA-Q-1000","PMA-LC-A-Q946","PMA-LC-A"
"75000000-0000-0000-0000-0000000003e0","PMA-Q-1001","PMA-LC-A-Q947","PMA-LC-A"
"75000000-0000-0000-0000-0000000003e1","PMA-Q-1002","PMA-LC-A-Q948","PMA-LC-A"
"75000000-0000-0000-0000-0000000003e2","PMA-Q-1003","PMA-LC-A-Q949","PMA-LC-A"
"75000000-0000-0000-0000-0000000003e3","PMA-Q-1004","PMA-LC-A-Q950","PMA-LC-A"
"75000000-0000-0000-0000-0000000003e4","PMA-Q-1005","PMA-LC-A-Q951","PMA-LC-A"
"75000000-0000-0000-0000-0000000003e5","PMA-Q-1006","PMA-LC-A-Q952","PMA-LC-A"
"75000000-0000-0000-0000-0000000003e6","PMA-Q-1007","PMA-LC-A-Q953","PMA-LC-A"
"75000000-0000-0000-0000-0000000003e7","PMA-Q-1008","PMA-LC-A-Q954","PMA-LC-A"
"75000000-0000-0000-0000-0000000003e8","PMA-Q-1009","PMA-LC-A-Q955","PMA-LC-A"
"75000000-0000-0000-0000-0000000003e9","PMA-Q-1010","PMA-LC-A-Q956","PMA-LC-A"
"75000000-0000-0000-0000-0000000003ea","PMA-Q-1011","PMA-LC-A-Q957","PMA-LC-A"
"75000000-0000-0000-0000-0000000003eb","PMA-Q-1012","PMA-LC-A-Q958","PMA-LC-A"
"75000000-0000-0000-0000-0000000003ec","PMA-Q-1013","PMA-LC-A-Q959","PMA-LC-A"
"75000000-0000-0000-0000-0000000003ed","PMA-Q-1014","PMA-LC-A-Q960","PMA-LC-A"
"75000000-0000-0000-0000-0000000003ee","PMA-Q-1015","PMA-LC-A-Q961","PMA-LC-A"
"75000000-0000-0000-0000-0000000003ef","PMA-Q-1016","PMA-LC-A-Q962","PMA-LC-A"
"75000000-0000-0000-0000-0000000003f0","PMA-Q-1017","PMA-LC-A-Q963","PMA-LC-A"
"75000000-0000-0000-0000-0000000003f1","PMA-Q-1018","PMA-LC-A-Q964","PMA-LC-A"
"75000000-0000-0000-0000-0000000003f2","PMA-Q-1019","PMA-LC-A-Q965","PMA-LC-A"
"75000000-0000-0000-0000-0000000003f3","PMA-Q-1020","PMA-LC-A-Q966","PMA-LC-A"
"75000000-0000-0000-0000-0000000003f4","PMA-Q-1021","PMA-LC-A-Q967","PMA-LC-A"
"75000000-0000-0000-0000-0000000003f5","PMA-Q-1022","PMA-LC-A-Q968","PMA-LC-A"
"75000000-0000-0000-0000-0000000003f6","PMA-Q-1023","PMA-LC-A-Q969","PMA-LC-A"
"75000000-0000-0000-0000-0000000003f7","PMA-Q-1024","PMA-LC-A-Q970","PMA-LC-A"
"75000000-0000-0000-0000-0000000003f8","PMA-Q-1025","PMA-LC-A-Q971","PMA-LC-A"
"75000000-0000-0000-0000-0000000003f9","PMA-Q-1026","PMA-LC-A-Q972","PMA-LC-A"
"75000000-0000-0000-0000-0000000003fa","PMA-Q-1027","PMA-LC-A-Q973","PMA-LC-A"
"75000000-0000-0000-0000-0000000003fb","PMA-Q-1028","PMA-LC-A-Q974","PMA-LC-A"
"75000000-0000-0000-0000-0000000003fc","PMA-Q-1029","PMA-LC-A-Q975","PMA-LC-A"
"75000000-0000-0000-0000-0000000003fd","PMA-Q-1030","PMA-LC-A-Q976","PMA-LC-A"
"75000000-0000-0000-0000-0000000003fe","PMA-Q-1031","PMA-LC-A-Q977","PMA-LC-A"
"75000000-0000-0000-0000-0000000003ff","PMA-Q-1032","PMA-LC-A-Q978","PMA-LC-A"
"75000000-0000-0000-0000-000000000400","PMA-Q-1033","PMA-LC-A-Q979","PMA-LC-A"
"75000000-0000-0000-0000-000000000401","PMA-Q-1034","PMA-LC-A-Q980","PMA-LC-A"
"75000000-0000-0000-0000-000000000402","PMA-Q-1035","PMA-LC-A-Q981","PMA-LC-A"
"75000000-0000-0000-0000-000000000403","PMA-Q-1036","PMA-LC-A-Q982","PMA-LC-A"
"75000000-0000-0000-0000-000000000404","PMA-Q-1037","PMA-LC-A-Q983","PMA-LC-A"
"75000000-0000-0000-0000-000000000405","PMA-Q-1038","PMA-LC-A-Q984","PMA-LC-A"
"75000000-0000-0000-0000-000000000406","PMA-Q-1039","PMA-LC-A-Q985","PMA-LC-A"
"75000000-0000-0000-0000-000000000407","PMA-Q-1040","PMA-LC-A-Q986","PMA-LC-A"
"75000000-0000-0000-0000-000000000408","PMA-Q-1041","PMA-LC-A-Q987","PMA-LC-A"
"75000000-0000-0000-0000-000000000409","PMA-Q-1042","PMA-LC-A-Q988","PMA-LC-A"
"75000000-0000-0000-0000-00000000040a","PMA-Q-1043","PMA-LC-A-Q989","PMA-LC-A"
"75000000-0000-0000-0000-00000000040b","PMA-Q-1044","PMA-LC-A-Q990","PMA-LC-A"
"75000000-0000-0000-0000-00000000040c","PMA-Q-1045","PMA-LC-A-Q991","PMA-LC-A"
"75000000-0000-0000-0000-00000000040d","PMA-Q-1046","PMA-LC-A-Q992","PMA-LC-A"
"75000000-0000-0000-0000-00000000040e","PMA-Q-1047","PMA-LC-A-Q993","PMA-LC-A"
"75000000-0000-0000-0000-00000000040f","PMA-Q-1048","PMA-LC-A-Q994","PMA-LC-A"
"75000000-0000-0000-0000-000000000410","PMA-Q-1049","PMA-LC-A-Q995","PMA-LC-A"
"75000000-0000-0000-0000-000000000411","PMA-Q-1050","PMA-LC-A-Q996","PMA-LC-A"
"75000000-0000-0000-0000-000000000412","PMA-Q-1051","PMA-LC-A-Q997","PMA-LC-A"
"75000000-0000-0000-0000-000000000413","PMA-Q-1052","PMA-LC-A-Q998","PMA-LC-A"
"75000000-0000-0000-0000-000000000414","PMA-Q-1053","PMA-LC-A-Q999","PMA-LC-A"
"75000000-0000-0000-0000-000000000415","PMA-Q-1054","PMA-LC-A-Q1000","PMA-LC-A"
"75000000-0000-0000-0000-000000000416","PMA-Q-1055","PMA-LC-A-Q1001","PMA-LC-A"
"75000000-0000-0000-0000-000000000417","PMA-Q-1056","PMA-LC-A-Q1002","PMA-LC-A"
"75000000-0000-0000-0000-000000000418","PMA-Q-1057","PMA-LC-A-Q1003","PMA-LC-A"
"75000000-0000-0000-0000-000000000419","PMA-Q-1058","PMA-LC-A-Q1004","PMA-LC-A"
"75000000-0000-0000-0000-00000000041a","PMA-Q-1059","PMA-LC-A-Q1005","PMA-LC-A"
"75000000-0000-0000-0000-00000000041b","PMA-Q-1060","PMA-LC-A-Q1006","PMA-LC-A"
"75000000-0000-0000-0000-00000000041c","PMA-Q-1061","PMA-LC-A-Q1007","PMA-LC-A"
"75000000-0000-0000-0000-00000000041d","PMA-Q-1062","PMA-LC-A-Q1008","PMA-LC-A"
"75000000-0000-0000-0000-00000000041e","PMA-Q-1063","PMA-LC-A-Q1009","PMA-LC-A"
"75000000-0000-0000-0000-00000000041f","PMA-Q-1064","PMA-LC-A-Q1010","PMA-LC-A"
"75000000-0000-0000-0000-000000000420","PMA-Q-1065","PMA-LC-A-Q1011","PMA-LC-A"
"75000000-0000-0000-0000-000000000421","PMA-Q-1066","PMA-LC-A-Q1012","PMA-LC-A"
"75000000-0000-0000-0000-000000000422","PMA-Q-1067","PMA-LC-A-Q1013","PMA-LC-A"
"75000000-0000-0000-0000-000000000423","PMA-Q-1068","PMA-LC-A-Q1014","PMA-LC-A"
"75000000-0000-0000-0000-000000000424","PMA-Q-1069","PMA-LC-A-Q1015","PMA-LC-A"
"75000000-0000-0000-0000-000000000425","PMA-Q-1070","PMA-LC-A-Q1016","PMA-LC-A"
"75000000-0000-0000-0000-000000000426","PMA-Q-1071","PMA-LC-A-Q1017","PMA-LC-A"
"75000000-0000-0000-0000-000000000427","PMA-Q-1072","PMA-LC-A-Q1018","PMA-LC-A"
"75000000-0000-0000-0000-000000000428","PMA-Q-1073","PMA-LC-A-Q1019","PMA-LC-A"
"75000000-0000-0000-0000-000000000429","PMA-Q-1074","PMA-LC-A-Q1020","PMA-LC-A"
"75000000-0000-0000-0000-00000000042a","PMA-Q-1075","PMA-LC-A-Q1021","PMA-LC-A"
"75000000-0000-0000-0000-00000000042b","PMA-Q-1076","PMA-LC-A-Q1022","PMA-LC-A"
"75000000-0000-0000-0000-00000000042c","PMA-Q-1077","PMA-LC-A-Q1023","PMA-LC-A"
"75000000-0000-0000-0000-00000000042d","PMA-Q-1078","PMA-LC-A-Q1024","PMA-LC-A"
"75000000-0000-0000-0000-00000000042e","PMA-Q-1079","PMA-LC-A-Q1025","PMA-LC-A"
"75000000-0000-0000-0000-00000000042f","PMA-Q-1080","PMA-LC-A-Q1026","PMA-LC-A"
"75000000-0000-0000-0000-000000000430","PMA-Q-1081","PMA-LC-A-Q1027","PMA-LC-A"
"75000000-0000-0000-0000-000000000431","PMA-Q-1082","PMA-LC-A-Q1028","PMA-LC-A"
"75000000-0000-0000-0000-000000000432","PMA-Q-1083","PMA-LC-A-Q1029","PMA-LC-A"
"75000000-0000-0000-0000-000000000433","PMA-Q-1084","PMA-LC-A-Q1030","PMA-LC-A"
"75000000-0000-0000-0000-000000000434","PMA-Q-1085","PMA-LC-A-Q1031","PMA-LC-A"
"75000000-0000-0000-0000-000000000435","PMA-Q-1086","PMA-LC-A-Q1032","PMA-LC-A"
"75000000-0000-0000-0000-000000000436","PMA-Q-1087","PMA-LC-A-Q1033","PMA-LC-A"
"75000000-0000-0000-0000-000000000437","PMA-Q-1088","PMA-LC-A-Q1034","PMA-LC-A"
"75000000-0000-0000-0000-000000000438","PMA-Q-1089","PMA-LC-A-Q1035","PMA-LC-A"
"75000000-0000-0000-0000-000000000439","PMA-Q-1090","PMA-LC-A-Q1036","PMA-LC-A"
"75000000-0000-0000-0000-00000000043a","PMA-Q-1091","PMA-LC-A-Q1037","PMA-LC-A"
"75000000-0000-0000-0000-00000000043b","PMA-Q-1092","PMA-LC-A-Q1038","PMA-LC-A"
"75000000-0000-0000-0000-00000000043c","PMA-Q-1093","PMA-LC-A-Q1039","PMA-LC-A"
"75000000-0000-0000-0000-00000000043d","PMA-Q-1094","PMA-LC-A-Q1040","PMA-LC-A"
"75000000-0000-0000-0000-00000000043e","PMA-Q-1095","PMA-LC-A-Q1041","PMA-LC-A"
"75000000-0000-0000-0000-00000000043f","PMA-Q-1096","PMA-LC-A-Q1042","PMA-LC-A"
"75000000-0000-0000-0000-000000000440","PMA-Q-1097","PMA-LC-A-Q1043","PMA-LC-A"
"75000000-0000-0000-0000-000000000441","PMA-Q-1098","PMA-LC-A-Q1044","PMA-LC-A"
"75000000-0000-0000-0000-000000000442","PMA-Q-1099","PMA-LC-A-Q1045","PMA-LC-A"
"75000000-0000-0000-0000-000000000443","PMA-Q-1100","PMA-LC-A-Q1046","PMA-LC-A"
"75000000-0000-0000-0000-000000000444","PMA-Q-1101","PMA-LC-A-Q1047","PMA-LC-A"
"75000000-0000-0000-0000-000000000445","PMA-Q-1102","PMA-LC-A-Q1048","PMA-LC-A"
"75000000-0000-0000-0000-000000000446","PMA-Q-1103","PMA-LC-A-Q1049","PMA-LC-A"
"75000000-0000-0000-0000-000000000447","PMA-Q-1104","PMA-LC-A-Q1050","PMA-LC-A"
"75000000-0000-0000-0000-000000000448","PMA-Q-1105","PMA-LC-A-Q1051","PMA-LC-A"
"75000000-0000-0000-0000-000000000449","PMA-Q-1106","PMA-LC-A-Q1052","PMA-LC-A"
"75000000-0000-0000-0000-00000000044a","PMA-Q-1107","PMA-LC-A-Q1053","PMA-LC-A"
"75000000-0000-0000-0000-00000000044b","PMA-Q-1108","PMA-LC-A-Q1054","PMA-LC-A"
"75000000-0000-0000-0000-00000000044c","PMA-Q-1109","PMA-LC-A-Q1055","PMA-LC-A"
"75000000-0000-0000-0000-00000000044d","PMA-Q-1110","PMA-LC-A-Q1056","PMA-LC-A"
"75000000-0000-0000-0000-00000000044e","PMA-Q-1111","PMA-LC-A-Q1057","PMA-LC-A"
"75000000-0000-0000-0000-00000000044f","PMA-Q-1112","PMA-LC-A-Q1058","PMA-LC-A"
"75000000-0000-0000-0000-000000000450","PMA-Q-1113","PMA-LC-A-Q1059","PMA-LC-A"
"75000000-0000-0000-0000-000000000451","PMA-Q-1114","PMA-LC-A-Q1060","PMA-LC-A"
"75000000-0000-0000-0000-000000000452","PMA-Q-1115","PMA-LC-A-Q1061","PMA-LC-A"
"75000000-0000-0000-0000-000000000453","PMA-Q-1116","PMA-LC-A-Q1062","PMA-LC-A"
"75000000-0000-0000-0000-000000000454","PMA-Q-1117","PMA-LC-A-Q1063","PMA-LC-A"
"75000000-0000-0000-0000-000000000455","PMA-Q-1118","PMA-LC-A-Q1064","PMA-LC-A"
"75000000-0000-0000-0000-000000000456","PMA-Q-1119","PMA-LC-A-Q1065","PMA-LC-A"
"75000000-0000-0000-0000-000000000457","PMA-Q-1120","PMA-LC-A-Q1066","PMA-LC-A"
"75000000-0000-0000-0000-000000000458","PMA-Q-1121","PMA-LC-A-Q1067","PMA-LC-A"
"75000000-0000-0000-0000-000000000459","PMA-Q-1122","PMA-LC-A-Q1068","PMA-LC-A"
"75000000-0000-0000-0000-00000000045a","PMA-Q-1123","PMA-LC-A-Q1069","PMA-LC-A"
"75000000-0000-0000-0000-00000000045b","PMA-Q-1124","PMA-LC-A-Q1070","PMA-LC-A"
"75000000-0000-0000-0000-00000000045c","PMA-Q-1125","PMA-LC-A-Q1071","PMA-LC-A"
"75000000-0000-0000-0000-00000000045d","PMA-Q-1126","PMA-LC-A-Q1072","PMA-LC-A"
"75000000-0000-0000-0000-00000000045e","PMA-Q-1127","PMA-LC-A-Q1073","PMA-LC-A"
"75000000-0000-0000-0000-00000000045f","PMA-Q-1128","PMA-LC-A-Q1074","PMA-LC-A"
"75000000-0000-0000-0000-000000000460","PMA-Q-1129","PMA-LC-A-Q1075","PMA-LC-A"
"75000000-0000-0000-0000-000000000461","PMA-Q-1130","PMA-LC-A-Q1076","PMA-LC-A"
"75000000-0000-0000-0000-000000000462","PMA-Q-1131","PMA-LC-A-Q1077","PMA-LC-A"
"75000000-0000-0000-0000-000000000463","PMA-Q-1132","PMA-LC-A-Q1078","PMA-LC-A"
"75000000-0000-0000-0000-000000000464","PMA-Q-1133","PMA-LC-A-Q1079","PMA-LC-A"
"75000000-0000-0000-0000-000000000465","PMA-Q-1134","PMA-LC-A-Q1080","PMA-LC-A"
"75000000-0000-0000-0000-000000000466","PMA-Q-1135","PMA-LC-A-Q1081","PMA-LC-A"
"75000000-0000-0000-0000-000000000467","PMA-Q-1136","PMA-LC-A-Q1082","PMA-LC-A"
"75000000-0000-0000-0000-000000000468","PMA-Q-1137","PMA-LC-A-Q1083","PMA-LC-A"
"75000000-0000-0000-0000-000000000469","PMA-Q-1138","PMA-LC-A-Q1084","PMA-LC-A"
"75000000-0000-0000-0000-00000000046a","PMA-Q-1139","PMA-LC-A-Q1085","PMA-LC-A"
"75000000-0000-0000-0000-00000000046b","PMA-Q-1140","PMA-LC-A-Q1086","PMA-LC-A"
"75000000-0000-0000-0000-00000000046c","PMA-Q-1141","PMA-LC-A-Q1087","PMA-LC-A"
"75000000-0000-0000-0000-00000000046d","PMA-Q-1142","PMA-LC-A-Q1088","PMA-LC-A"
"75000000-0000-0000-0000-00000000046e","PMA-Q-1143","PMA-LC-A-Q1089","PMA-LC-A"
"75000000-0000-0000-0000-00000000046f","PMA-Q-1144","PMA-LC-A-Q1090","PMA-LC-A"
"75000000-0000-0000-0000-000000000470","PMA-Q-1145","PMA-LC-A-Q1091","PMA-LC-A"
"75000000-0000-0000-0000-000000000471","PMA-Q-1146","PMA-LC-A-Q1092","PMA-LC-A"
"75000000-0000-0000-0000-000000000472","PMA-Q-1147","PMA-LC-A-Q1093","PMA-LC-A"
"75000000-0000-0000-0000-000000000473","PMA-Q-1148","PMA-LC-A-Q1094","PMA-LC-A"
"75000000-0000-0000-0000-000000000474","PMA-Q-1149","PMA-LC-A-Q1095","PMA-LC-A"
"75000000-0000-0000-0000-000000000475","PMA-Q-1150","PMA-LC-A-Q1096","PMA-LC-A"
"75000000-0000-0000-0000-000000000476","PMA-Q-1151","PMA-LC-A-Q1097","PMA-LC-A"
"75000000-0000-0000-0000-000000000477","PMA-Q-1152","PMA-LC-A-Q1098","PMA-LC-A"
"75000000-0000-0000-0000-000000000478","PMA-Q-1153","PMA-LC-A-Q1099","PMA-LC-A"
"75000000-0000-0000-0000-000000000479","PMA-Q-1154","PMA-LC-A-Q1100","PMA-LC-A"
"75000000-0000-0000-0000-00000000047a","PMA-Q-1155","PMA-LC-A-Q1101","PMA-LC-A"
"75000000-0000-0000-0000-00000000047b","PMA-Q-1156","PMA-LC-A-Q1102","PMA-LC-A"
"75000000-0000-0000-0000-00000000047c","PMA-Q-1157","PMA-LC-A-Q1103","PMA-LC-A"
"75000000-0000-0000-0000-00000000047d","PMA-Q-1158","PMA-LC-A-Q1104","PMA-LC-A"
"75000000-0000-0000-0000-00000000047e","PMA-Q-1159","PMA-LC-A-Q1105","PMA-LC-A"
"75000000-0000-0000-0000-00000000047f","PMA-Q-1160","PMA-LC-A-Q1106","PMA-LC-A"
"75000000-0000-0000-0000-000000000480","PMA-Q-1161","PMA-LC-A-Q1107","PMA-LC-A"
"75000000-0000-0000-0000-000000000481","PMA-Q-1162","PMA-LC-A-Q1108","PMA-LC-A"
"75000000-0000-0000-0000-000000000482","PMA-Q-1163","PMA-LC-A-Q1109","PMA-LC-A"
"75000000-0000-0000-0000-000000000483","PMA-Q-1164","PMA-LC-A-Q1110","PMA-LC-A"
"75000000-0000-0000-0000-000000000484","PMA-Q-1165","PMA-LC-A-Q1111","PMA-LC-A"
"75000000-0000-0000-0000-000000000485","PMA-Q-1166","PMA-LC-A-Q1112","PMA-LC-A"
"75000000-0000-0000-0000-000000000486","PMA-Q-1167","PMA-LC-A-Q1113","PMA-LC-A"
"75000000-0000-0000-0000-000000000487","PMA-Q-1168","PMA-LC-A-Q1114","PMA-LC-A"
"75000000-0000-0000-0000-000000000488","PMA-Q-1169","PMA-LC-A-Q1115","PMA-LC-A"
"75000000-0000-0000-0000-000000000489","PMA-Q-1170","PMA-LC-A-Q1116","PMA-LC-A"
"75000000-0000-0000-0000-00000000048a","PMA-Q-1171","PMA-LC-A-Q1117","PMA-LC-A"
"75000000-0000-0000-0000-00000000048b","PMA-Q-1172","PMA-LC-A-Q1118","PMA-LC-A"
"75000000-0000-0000-0000-00000000048c","PMA-Q-1173","PMA-LC-A-Q1119","PMA-LC-A"
"75000000-0000-0000-0000-00000000048d","PMA-Q-1174","PMA-LC-A-Q1120","PMA-LC-A"
"75000000-0000-0000-0000-00000000048e","PMA-Q-1175","PMA-LC-A-Q1121","PMA-LC-A"
"75000000-0000-0000-0000-00000000048f","PMA-Q-1176","PMA-LC-A-Q1122","PMA-LC-A"
"75000000-0000-0000-0000-000000000490","PMA-Q-1177","PMA-LC-A-Q1123","PMA-LC-A"
"75000000-0000-0000-0000-000000000491","PMA-Q-1178","PMA-LC-A-Q1124","PMA-LC-A"
"75000000-0000-0000-0000-000000000492","PMA-Q-1179","PMA-LC-A-Q1125","PMA-LC-A"
"75000000-0000-0000-0000-000000000493","PMA-Q-1180","PMA-LC-A-Q1126","PMA-LC-A"
"75000000-0000-0000-0000-000000000494","PMA-Q-1181","PMA-LC-A-Q1127","PMA-LC-A"
"75000000-0000-0000-0000-000000000495","PMA-Q-1182","PMA-LC-A-Q1128","PMA-LC-A"
"75000000-0000-0000-0000-000000000496","PMA-Q-1183","PMA-LC-A-Q1129","PMA-LC-A"
"75000000-0000-0000-0000-000000000497","PMA-Q-1184","PMA-LC-A-Q1130","PMA-LC-A"
"75000000-0000-0000-0000-000000000498","PMA-Q-1185","PMA-LC-A-Q1131","PMA-LC-A"
"75000000-0000-0000-0000-000000000499","PMA-Q-1186","PMA-LC-A-Q1132","PMA-LC-A"
"75000000-0000-0000-0000-00000000049a","PMA-Q-1187","PMA-LC-A-Q1133","PMA-LC-A"
"75000000-0000-0000-0000-00000000049b","PMA-Q-1188","PMA-LC-A-Q1134","PMA-LC-A"
"75000000-0000-0000-0000-00000000049c","PMA-Q-1189","PMA-LC-A-Q1135","PMA-LC-A"
"75000000-0000-0000-0000-00000000049d","PMA-Q-1190","PMA-LC-A-Q1136","PMA-LC-A"
"75000000-0000-0000-0000-00000000049e","PMA-Q-1191","PMA-LC-A-Q1137","PMA-LC-A"
"75000000-0000-0000-0000-00000000049f","PMA-Q-1192","PMA-LC-A-Q1138","PMA-LC-A"
"75000000-0000-0000-0000-0000000004a0","PMA-Q-1193","PMA-LC-A-Q1139","PMA-LC-A"
"75000000-0000-0000-0000-0000000004a1","PMA-Q-1194","PMA-LC-A-Q1140","PMA-LC-A"
"75000000-0000-0000-0000-0000000004a2","PMA-Q-1195","PMA-LC-A-Q1141","PMA-LC-A"
"75000000-0000-0000-0000-0000000004a3","PMA-Q-1196","PMA-LC-A-Q1142","PMA-LC-A"
"75000000-0000-0000-0000-0000000004a4","PMA-Q-1197","PMA-LC-A-Q1143","PMA-LC-A"
"75000000-0000-0000-0000-0000000004a5","PMA-Q-1198","PMA-LC-A-Q1144","PMA-LC-A"
"75000000-0000-0000-0000-0000000004a6","PMA-Q-1199","PMA-LC-A-Q1145","PMA-LC-A"
"75000000-0000-0000-0000-0000000004a7","PMA-Q-1200","PMA-LC-A-Q1146","PMA-LC-A"
"75000000-0000-0000-0000-0000000004a8","PMA-Q-1201","PMA-LC-A-Q1147","PMA-LC-A"
"75000000-0000-0000-0000-0000000004a9","PMA-Q-1202","PMA-LC-A-Q1148","PMA-LC-A"
"75000000-0000-0000-0000-0000000004aa","PMA-Q-1203","PMA-LC-A-Q1149","PMA-LC-A"
"75000000-0000-0000-0000-0000000004ab","PMA-Q-1204","PMA-LC-A-Q1150","PMA-LC-A"
"75000000-0000-0000-0000-0000000004ac","PMA-Q-1205","PMA-LC-A-Q1151","PMA-LC-A"
"75000000-0000-0000-0000-0000000004ad","PMA-Q-1206","PMA-LC-A-Q1152","PMA-LC-A"
"75000000-0000-0000-0000-0000000004ae","PMA-Q-1207","PMA-LC-A-Q1153","PMA-LC-A"
"75000000-0000-0000-0000-0000000004af","PMA-Q-1208","PMA-LC-A-Q1154","PMA-LC-A"
"75000000-0000-0000-0000-0000000004b0","PMA-Q-1209","PMA-LC-A-Q1155","PMA-LC-A"
"75000000-0000-0000-0000-0000000004b1","PMA-Q-1210","PMA-LC-A-Q1156","PMA-LC-A"
"75000000-0000-0000-0000-0000000004b2","PMA-Q-1211","PMA-LC-A-Q1157","PMA-LC-A"
"75000000-0000-0000-0000-0000000004b3","PMA-Q-1212","PMA-LC-A-Q1158","PMA-LC-A"
"75000000-0000-0000-0000-0000000004b4","PMA-Q-1213","PMA-LC-A-Q1159","PMA-LC-A"
"75000000-0000-0000-0000-0000000004b5","PMA-Q-1214","PMA-LC-A-Q1160","PMA-LC-A"
"75000000-0000-0000-0000-0000000004b6","PMA-Q-1215","PMA-LC-A-Q1161","PMA-LC-A"
"75000000-0000-0000-0000-0000000004b7","PMA-Q-1216","PMA-LC-A-Q1162","PMA-LC-A"
"75000000-0000-0000-0000-0000000004b8","PMA-Q-1217","PMA-LC-A-Q1163","PMA-LC-A"
"75000000-0000-0000-0000-0000000004b9","PMA-Q-1218","PMA-LC-A-Q1164","PMA-LC-A"
"75000000-0000-0000-0000-0000000004ba","PMA-Q-1219","PMA-LC-A-Q1165","PMA-LC-A"
"75000000-0000-0000-0000-0000000004bb","PMA-Q-1220","PMA-LC-A-Q1166","PMA-LC-A"
"75000000-0000-0000-0000-0000000004bc","PMA-Q-1221","PMA-LC-A-Q1167","PMA-LC-A"
"75000000-0000-0000-0000-0000000004bd","PMA-Q-1222","PMA-LC-A-Q1168","PMA-LC-A"
"75000000-0000-0000-0000-0000000004be","PMA-Q-1223","PMA-LC-A-Q1169","PMA-LC-A"
"75000000-0000-0000-0000-0000000004bf","PMA-Q-1224","PMA-LC-A-Q1170","PMA-LC-A"
"75000000-0000-0000-0000-0000000004c0","PMA-Q-1225","PMA-LC-A-Q1171","PMA-LC-A"
"75000000-0000-0000-0000-0000000004c1","PMA-Q-1226","PMA-LC-A-Q1172","PMA-LC-A"
"75000000-0000-0000-0000-0000000004c2","PMA-Q-1227","PMA-LC-A-Q1173","PMA-LC-A"
"75000000-0000-0000-0000-0000000004c3","PMA-Q-1228","PMA-LC-A-Q1174","PMA-LC-A"
"75000000-0000-0000-0000-0000000004c4","PMA-Q-1229","PMA-LC-A-Q1175","PMA-LC-A"
"75000000-0000-0000-0000-0000000004c5","PMA-Q-1230","PMA-LC-A-Q1176","PMA-LC-A"
"75000000-0000-0000-0000-0000000004c6","PMA-Q-1231","PMA-LC-A-Q1177","PMA-LC-A"
"75000000-0000-0000-0000-0000000004c7","PMA-Q-1232","PMA-LC-A-Q1178","PMA-LC-A"
"75000000-0000-0000-0000-0000000004c8","PMA-Q-1233","PMA-LC-A-Q1179","PMA-LC-A"
"75000000-0000-0000-0000-0000000004c9","PMA-Q-1234","PMA-LC-A-Q1180","PMA-LC-A"
"75000000-0000-0000-0000-0000000004ca","PMA-Q-1235","PMA-LC-A-Q1181","PMA-LC-A"
"75000000-0000-0000-0000-0000000004cb","PMA-Q-1236","PMA-LC-A-Q1182","PMA-LC-A"
"75000000-0000-0000-0000-0000000004cc","PMA-Q-1237","PMA-LC-A-Q1183","PMA-LC-A"
"75000000-0000-0000-0000-0000000004cd","PMA-Q-1238","PMA-LC-A-Q1184","PMA-LC-A"
"75000000-0000-0000-0000-0000000004ce","PMA-Q-1239","PMA-LC-A-Q1185","PMA-LC-A"
"75000000-0000-0000-0000-0000000004cf","PMA-Q-1240","PMA-LC-A-Q1186","PMA-LC-A"
"75000000-0000-0000-0000-0000000004d0","PMA-Q-1241","PMA-LC-A-Q1187","PMA-LC-A"
"75000000-0000-0000-0000-0000000004d1","PMA-Q-1242","PMA-LC-A-Q1188","PMA-LC-A"
"75000000-0000-0000-0000-0000000004d2","PMA-Q-1243","PMA-LC-A-Q1189","PMA-LC-A"
"75000000-0000-0000-0000-0000000004d3","PMA-Q-1244","PMA-LC-A-Q1190","PMA-LC-A"
"75000000-0000-0000-0000-0000000004d4","PMA-Q-1245","PMA-LC-A-Q1191","PMA-LC-A"
"75000000-0000-0000-0000-0000000004d5","PMA-Q-1246","PMA-LC-A-Q1192","PMA-LC-A"
"75000000-0000-0000-0000-0000000004d6","PMA-Q-1247","PMA-LC-A-Q1193","PMA-LC-A"
"75000000-0000-0000-0000-0000000004d7","PMA-Q-1248","PMA-LC-A-Q1194","PMA-LC-A"
"75000000-0000-0000-0000-0000000004d8","PMA-Q-1249","PMA-LC-A-Q1195","PMA-LC-A"
"75000000-0000-0000-0000-0000000004d9","PMA-Q-1250","PMA-LC-A-Q1196","PMA-LC-A"
"75000000-0000-0000-0000-0000000004da","PMA-Q-1251","PMA-LC-A-Q1197","PMA-LC-A"
"75000000-0000-0000-0000-0000000004db","PMA-Q-1252","PMA-LC-A-Q1198","PMA-LC-A"
"75000000-0000-0000-0000-0000000004dc","PMA-Q-1253","PMA-LC-A-Q1199","PMA-LC-A"
"75000000-0000-0000-0000-0000000004dd","PMA-Q-1254","PMA-LC-A-Q1200","PMA-LC-A"
"75000000-0000-0000-0000-0000000004de","PMA-Q-1255","PMA-LC-A-Q1201","PMA-LC-A"
"75000000-0000-0000-0000-0000000004df","PMA-Q-1256","PMA-LC-A-Q1202","PMA-LC-A"
"75000000-0000-0000-0000-0000000004e0","PMA-Q-1257","PMA-LC-A-Q1203","PMA-LC-A"
"75000000-0000-0000-0000-0000000004e1","PMA-Q-1258","PMA-LC-A-Q1204","PMA-LC-A"
"75000000-0000-0000-0000-0000000004e2","PMA-Q-1259","PMA-LC-A-Q1205","PMA-LC-A"
"75000000-0000-0000-0000-0000000004e3","PMA-Q-1260","PMA-LC-A-Q1206","PMA-LC-A"
"75000000-0000-0000-0000-0000000004e4","PMA-Q-1261","PMA-LC-A-Q1207","PMA-LC-A"
"75000000-0000-0000-0000-0000000004e5","PMA-Q-1262","PMA-LC-A-Q1208","PMA-LC-A"
"75000000-0000-0000-0000-0000000004e6","PMA-Q-1263","PMA-LC-A-Q1209","PMA-LC-A"
"75000000-0000-0000-0000-0000000004e7","PMA-Q-1264","PMA-LC-A-Q1210","PMA-LC-A"
"75000000-0000-0000-0000-0000000004e8","PMA-Q-1265","PMA-LC-A-Q1211","PMA-LC-A"
"75000000-0000-0000-0000-0000000004e9","PMA-Q-1266","PMA-LC-A-Q1212","PMA-LC-A"
"75000000-0000-0000-0000-0000000004ea","PMA-Q-1267","PMA-LC-A-Q1213","PMA-LC-A"
"75000000-0000-0000-0000-0000000004eb","PMA-Q-1268","PMA-LC-A-Q1214","PMA-LC-A"
"75000000-0000-0000-0000-0000000004ec","PMA-Q-1269","PMA-LC-A-Q1215","PMA-LC-A"
"75000000-0000-0000-0000-0000000004ed","PMA-Q-1270","PMA-LC-A-Q1216","PMA-LC-A"
"75000000-0000-0000-0000-0000000004ee","PMA-Q-1271","PMA-LC-A-Q1217","PMA-LC-A"
"75000000-0000-0000-0000-0000000004ef","PMA-Q-1272","PMA-LC-A-Q1218","PMA-LC-A"
"75000000-0000-0000-0000-0000000004f0","PMA-Q-1273","PMA-LC-A-Q1219","PMA-LC-A"
"75000000-0000-0000-0000-0000000004f1","PMA-Q-1274","PMA-LC-A-Q1220","PMA-LC-A"
"75000000-0000-0000-0000-0000000004f2","PMA-Q-1275","PMA-LC-A-Q1221","PMA-LC-A"
"75000000-0000-0000-0000-0000000004f3","PMA-Q-1276","PMA-LC-A-Q1222","PMA-LC-A"
"75000000-0000-0000-0000-0000000004f4","PMA-Q-1277","PMA-LC-A-Q1223","PMA-LC-A"
"75000000-0000-0000-0000-0000000004f5","PMA-Q-1278","PMA-LC-A-Q1224","PMA-LC-A"
"75000000-0000-0000-0000-0000000004f6","PMA-Q-1279","PMA-LC-A-Q1225","PMA-LC-A"
"75000000-0000-0000-0000-0000000004f7","PMA-Q-1280","PMA-LC-A-Q1226","PMA-LC-A"
"75000000-0000-0000-0000-0000000004f8","PMA-Q-1281","PMA-LC-A-Q1227","PMA-LC-A"
"75000000-0000-0000-0000-0000000004f9","PMA-Q-1282","PMA-LC-A-Q1228","PMA-LC-A"
"75000000-0000-0000-0000-0000000004fa","PMA-Q-1283","PMA-LC-A-Q1229","PMA-LC-A"
"75000000-0000-0000-0000-0000000004fb","PMA-Q-1284","PMA-LC-A-Q1230","PMA-LC-A"
"75000000-0000-0000-0000-0000000004fc","PMA-Q-1285","PMA-LC-A-Q1231","PMA-LC-A"
"75000000-0000-0000-0000-0000000004fd","PMA-Q-1286","PMA-LC-A-Q1232","PMA-LC-A"
"75000000-0000-0000-0000-0000000004fe","PMA-Q-1287","PMA-LC-A-Q1233","PMA-LC-A"
"75000000-0000-0000-0000-0000000004ff","PMA-Q-1288","PMA-LC-A-Q1234","PMA-LC-A"
"75000000-0000-0000-0000-000000000500","PMA-Q-1289","PMA-LC-A-Q1235","PMA-LC-A"
"75000000-0000-0000-0000-000000000501","PMA-Q-1290","PMA-LC-A-Q1236","PMA-LC-A"
"75000000-0000-0000-0000-000000000502","PMA-Q-1291","PMA-LC-A-Q1237","PMA-LC-A"
"75000000-0000-0000-0000-000000000503","PMA-Q-1292","PMA-LC-A-Q1238","PMA-LC-A"
"75000000-0000-0000-0000-000000000504","PMA-Q-1293","PMA-LC-A-Q1239","PMA-LC-A"
"75000000-0000-0000-0000-000000000505","PMA-Q-1294","PMA-LC-A-Q1240","PMA-LC-A"
"75000000-0000-0000-0000-000000000506","PMA-Q-1295","PMA-LC-A-Q1241","PMA-LC-A"
"75000000-0000-0000-0000-000000000507","PMA-Q-1296","PMA-LC-A-Q1242","PMA-LC-A"
"75000000-0000-0000-0000-000000000508","PMA-Q-1297","PMA-LC-A-Q1243","PMA-LC-A"
"75000000-0000-0000-0000-000000000509","PMA-Q-1298","PMA-LC-A-Q1244","PMA-LC-A"
"75000000-0000-0000-0000-00000000050a","PMA-Q-1299","PMA-LC-A-Q1245","PMA-LC-A"
"75000000-0000-0000-0000-00000000050b","PMA-Q-1300","PMA-LC-A-Q1246","PMA-LC-A"
"75000000-0000-0000-0000-00000000050c","PMA-Q-1301","PMA-LC-A-Q1247","PMA-LC-A"
"75000000-0000-0000-0000-00000000050d","PMA-Q-1302","PMA-LC-A-Q1248","PMA-LC-A"
"75000000-0000-0000-0000-00000000050e","PMA-Q-1303","PMA-LC-A-Q1249","PMA-LC-A"
"75000000-0000-0000-0000-00000000050f","PMA-Q-1304","PMA-LC-A-Q1250","PMA-LC-A"
"75000000-0000-0000-0000-000000000510","PMA-Q-1305","PMA-LC-A-Q1251","PMA-LC-A"
"75000000-0000-0000-0000-000000000511","PMA-Q-1306","PMA-LC-A-Q1252","PMA-LC-A"
"75000000-0000-0000-0000-000000000512","PMA-Q-1307","PMA-LC-A-Q1253","PMA-LC-A"
"75000000-0000-0000-0000-000000000513","PMA-Q-1308","PMA-LC-A-Q1254","PMA-LC-A"
"75000000-0000-0000-0000-000000000514","PMA-Q-1309","PMA-LC-A-Q1255","PMA-LC-A"
"75000000-0000-0000-0000-000000000515","PMA-Q-1310","PMA-LC-A-Q1256","PMA-LC-A"
"75000000-0000-0000-0000-000000000516","PMA-Q-1311","PMA-LC-A-Q1257","PMA-LC-A"
"75000000-0000-0000-0000-000000000517","PMA-Q-1312","PMA-LC-A-Q1258","PMA-LC-A"
"75000000-0000-0000-0000-000000000518","PMA-Q-1313","PMA-LC-A-Q1259","PMA-LC-A"
"75000000-0000-0000-0000-000000000519","PMA-Q-1314","PMA-LC-A-Q1260","PMA-LC-A"
"75000000-0000-0000-0000-00000000051a","PMA-Q-1315","PMA-LC-A-Q1261","PMA-LC-A"
"75000000-0000-0000-0000-00000000051b","PMA-Q-1316","PMA-LC-A-Q1262","PMA-LC-A"
"75000000-0000-0000-0000-00000000051c","PMA-Q-1317","PMA-LC-A-Q1263","PMA-LC-A"
"75000000-0000-0000-0000-00000000051d","PMA-Q-1318","PMA-LC-A-Q1264","PMA-LC-A"
"75000000-0000-0000-0000-00000000051e","PMA-Q-1319","PMA-LC-A-Q1265","PMA-LC-A"
"75000000-0000-0000-0000-00000000051f","PMA-Q-1320","PMA-LC-A-Q1266","PMA-LC-A"
"75000000-0000-0000-0000-000000000520","PMA-Q-1321","PMA-LC-A-Q1267","PMA-LC-A"
"75000000-0000-0000-0000-000000000521","PMA-Q-1322","PMA-LC-A-Q1268","PMA-LC-A"
"75000000-0000-0000-0000-000000000522","PMA-Q-1323","PMA-LC-A-Q1269","PMA-LC-A"
"75000000-0000-0000-0000-000000000523","PMA-Q-1324","PMA-LC-A-Q1270","PMA-LC-A"
"75000000-0000-0000-0000-000000000524","PMA-Q-1325","PMA-LC-A-Q1271","PMA-LC-A"
"75000000-0000-0000-0000-000000000525","PMA-Q-1326","PMA-LC-A-Q1272","PMA-LC-A"
"75000000-0000-0000-0000-000000000526","PMA-Q-1327","PMA-LC-A-Q1273","PMA-LC-A"
"75000000-0000-0000-0000-000000000527","PMA-Q-1328","PMA-LC-A-Q1274","PMA-LC-A"
"75000000-0000-0000-0000-000000000528","PMA-Q-1329","PMA-LC-A-Q1275","PMA-LC-A"
"75000000-0000-0000-0000-000000000529","PMA-Q-1330","PMA-LC-A-Q1276","PMA-LC-A"
"75000000-0000-0000-0000-00000000052a","PMA-Q-1331","PMA-LC-A-Q1277","PMA-LC-A"
"75000000-0000-0000-0000-00000000052b","PMA-Q-1332","PMA-LC-A-Q1278","PMA-LC-A"
"75000000-0000-0000-0000-00000000052c","PMA-Q-1333","PMA-LC-A-Q1279","PMA-LC-A"
"75000000-0000-0000-0000-00000000052d","PMA-Q-1334","PMA-LC-A-Q1280","PMA-LC-A"
"75000000-0000-0000-0000-00000000052e","PMA-Q-1335","PMA-LC-A-Q1281","PMA-LC-A"
"75000000-0000-0000-0000-00000000052f","PMA-Q-1336","PMA-LC-A-Q1282","PMA-LC-A"
"75000000-0000-0000-0000-000000000530","PMA-Q-1337","PMA-LC-A-Q1283","PMA-LC-A"
"75000000-0000-0000-0000-000000000531","PMA-Q-1338","PMA-LC-A-Q1284","PMA-LC-A"
"75000000-0000-0000-0000-000000000532","PMA-Q-1339","PMA-LC-A-Q1285","PMA-LC-A"
"75000000-0000-0000-0000-000000000533","PMA-Q-1340","PMA-LC-A-Q1286","PMA-LC-A"
"75000000-0000-0000-0000-000000000534","PMA-Q-1341","PMA-LC-A-Q1287","PMA-LC-A"
"75000000-0000-0000-0000-000000000535","PMA-Q-1342","PMA-LC-A-Q1288","PMA-LC-A"
"75000000-0000-0000-0000-000000000536","PMA-Q-1343","PMA-LC-A-Q1289","PMA-LC-A"
"75000000-0000-0000-0000-000000000537","PMA-Q-1344","PMA-LC-A-Q1290","PMA-LC-A"
"75000000-0000-0000-0000-000000000538","PMA-Q-1345","PMA-LC-A-Q1291","PMA-LC-A"
"75000000-0000-0000-0000-000000000539","PMA-Q-1346","PMA-LC-A-Q1292","PMA-LC-A"
"75000000-0000-0000-0000-00000000053a","PMA-Q-1347","PMA-LC-A-Q1293","PMA-LC-A"
"75000000-0000-0000-0000-00000000053b","PMA-Q-1348","PMA-LC-A-Q1294","PMA-LC-A"
"75000000-0000-0000-0000-00000000053c","PMA-Q-1349","PMA-LC-A-Q1295","PMA-LC-A"
"75000000-0000-0000-0000-00000000053d","PMA-Q-1350","PMA-LC-A-Q1296","PMA-LC-A"
"75000000-0000-0000-0000-00000000053e","PMA-Q-1351","PMA-LC-A-Q1297","PMA-LC-A"
"75000000-0000-0000-0000-00000000053f","PMA-Q-1352","PMA-LC-A-Q1298","PMA-LC-A"
"75000000-0000-0000-0000-000000000540","PMA-Q-1353","PMA-LC-A-Q1299","PMA-LC-A"
"75000000-0000-0000-0000-000000000541","PMA-Q-1354","PMA-LC-A-Q1300","PMA-LC-A"
"75000000-0000-0000-0000-000000000542","PMA-Q-1355","PMA-LC-A-Q1301","PMA-LC-A"
"75000000-0000-0000-0000-000000000543","PMA-Q-1356","PMA-LC-A-Q1302","PMA-LC-A"
"75000000-0000-0000-0000-000000000544","PMA-Q-1357","PMA-LC-A-Q1303","PMA-LC-A"
"75000000-0000-0000-0000-000000000545","PMA-Q-1358","PMA-LC-A-Q1304","PMA-LC-A"
"75000000-0000-0000-0000-000000000546","PMA-Q-1359","PMA-LC-A-Q1305","PMA-LC-A"
"75000000-0000-0000-0000-000000000547","PMA-Q-1360","PMA-LC-A-Q1306","PMA-LC-A"
"75000000-0000-0000-0000-000000000548","PMA-Q-1361","PMA-LC-A-Q1307","PMA-LC-A"
"75000000-0000-0000-0000-000000000549","PMA-Q-1362","PMA-LC-A-Q1308","PMA-LC-A"
"75000000-0000-0000-0000-00000000054a","PMA-Q-1363","PMA-LC-A-Q1309","PMA-LC-A"
"75000000-0000-0000-0000-00000000054b","PMA-Q-1364","PMA-LC-A-Q1310","PMA-LC-A"
"75000000-0000-0000-0000-00000000054c","PMA-Q-1365","PMA-LC-A-Q1311","PMA-LC-A"
"75000000-0000-0000-0000-00000000054d","PMA-Q-1366","PMA-LC-A-Q1312","PMA-LC-A"
"75000000-0000-0000-0000-00000000054e","PMA-Q-1367","PMA-LC-A-Q1313","PMA-LC-A"
"75000000-0000-0000-0000-00000000054f","PMA-Q-1368","PMA-LC-A-Q1314","PMA-LC-A"
"75000000-0000-0000-0000-000000000550","PMA-Q-1369","PMA-LC-A-Q1315","PMA-LC-A"
"75000000-0000-0000-0000-000000000551","PMA-Q-1370","PMA-LC-A-Q1316","PMA-LC-A"
"75000000-0000-0000-0000-000000000552","PMA-Q-1371","PMA-LC-A-Q1317","PMA-LC-A"
"75000000-0000-0000-0000-000000000553","PMA-Q-1372","PMA-LC-A-Q1318","PMA-LC-A"
"75000000-0000-0000-0000-000000000554","PMA-Q-1373","PMA-LC-A-Q1319","PMA-LC-A"
"75000000-0000-0000-0000-000000000555","PMA-Q-1374","PMA-LC-A-Q1320","PMA-LC-A"
"75000000-0000-0000-0000-000000000556","PMA-Q-1375","PMA-LC-A-Q1321","PMA-LC-A"
"75000000-0000-0000-0000-000000000557","PMA-Q-1376","PMA-LC-A-Q1322","PMA-LC-A"
"75000000-0000-0000-0000-000000000558","PMA-Q-1377","PMA-LC-A-Q1323","PMA-LC-A"
"75000000-0000-0000-0000-000000000559","PMA-Q-1378","PMA-LC-A-Q1324","PMA-LC-A"
"75000000-0000-0000-0000-00000000055a","PMA-Q-1379","PMA-LC-A-Q1325","PMA-LC-A"
"75000000-0000-0000-0000-00000000055b","PMA-Q-1380","PMA-LC-A-Q1326","PMA-LC-A"
"75000000-0000-0000-0000-00000000055c","PMA-Q-1381","PMA-LC-A-Q1327","PMA-LC-A"
"75000000-0000-0000-0000-00000000055d","PMA-Q-1382","PMA-LC-A-Q1328","PMA-LC-A"
"75000000-0000-0000-0000-00000000055e","PMA-Q-1383","PMA-LC-A-Q1329","PMA-LC-A"
"75000000-0000-0000-0000-00000000055f","PMA-Q-1384","PMA-LC-A-Q1330","PMA-LC-A"
"75000000-0000-0000-0000-000000000560","PMA-Q-1385","PMA-LC-A-Q1331","PMA-LC-A"
"75000000-0000-0000-0000-000000000561","PMA-Q-1386","PMA-LC-A-Q1332","PMA-LC-A"
"75000000-0000-0000-0000-000000000562","PMA-Q-1387","PMA-LC-A-Q1333","PMA-LC-A"
"75000000-0000-0000-0000-000000000563","PMA-Q-1388","PMA-LC-A-Q1334","PMA-LC-A"
"75000000-0000-0000-0000-000000000564","PMA-Q-1389","PMA-LC-A-Q1335","PMA-LC-A"
"75000000-0000-0000-0000-000000000565","PMA-Q-1390","PMA-LC-A-Q1336","PMA-LC-A"
"75000000-0000-0000-0000-000000000566","PMA-Q-1391","PMA-LC-A-Q1337","PMA-LC-A"
"75000000-0000-0000-0000-000000000567","PMA-Q-1392","PMA-LC-A-Q1338","PMA-LC-A"
"75000000-0000-0000-0000-000000000568","PMA-Q-1393","PMA-LC-A-Q1339","PMA-LC-A"
"75000000-0000-0000-0000-000000000569","PMA-Q-1394","PMA-LC-A-Q1340","PMA-LC-A"
"75000000-0000-0000-0000-00000000056a","PMA-Q-1395","PMA-LC-A-Q1341","PMA-LC-A"
"75000000-0000-0000-0000-00000000056b","PMA-Q-1396","PMA-LC-A-Q1342","PMA-LC-A"
"75000000-0000-0000-0000-00000000056c","PMA-Q-1397","PMA-LC-A-Q1343","PMA-LC-A"
"75000000-0000-0000-0000-00000000056d","PMA-Q-1398","PMA-LC-A-Q1344","PMA-LC-A"
"75000000-0000-0000-0000-00000000056e","PMA-Q-1399","PMA-LC-A-Q1345","PMA-LC-A"
"75000000-0000-0000-0000-00000000056f","PMA-Q-1400","PMA-LC-A-Q1346","PMA-LC-A"
"75000000-0000-0000-0000-000000000570","PMA-Q-1401","PMA-LC-A-Q1347","PMA-LC-A"
"75000000-0000-0000-0000-000000000571","PMA-Q-1402","PMA-LC-A-Q1348","PMA-LC-A"
"75000000-0000-0000-0000-000000000572","PMA-Q-1403","PMA-LC-A-Q1349","PMA-LC-A"
"75000000-0000-0000-0000-000000000573","PMA-Q-1404","PMA-LC-A-Q1350","PMA-LC-A"
"75000000-0000-0000-0000-000000000574","PMA-Q-1405","PMA-LC-A-Q1351","PMA-LC-A"
"75000000-0000-0000-0000-000000000575","PMA-Q-1406","PMA-LC-A-Q1352","PMA-LC-A"
"75000000-0000-0000-0000-000000000576","PMA-Q-1407","PMA-LC-A-Q1353","PMA-LC-A"
"75000000-0000-0000-0000-000000000577","PMA-Q-1408","PMA-LC-A-Q1354","PMA-LC-A"
"75000000-0000-0000-0000-000000000578","PMA-Q-1409","PMA-LC-A-Q1355","PMA-LC-A"
"75000000-0000-0000-0000-000000000579","PMA-Q-1410","PMA-LC-A-Q1356","PMA-LC-A"
"75000000-0000-0000-0000-00000000057a","PMA-Q-1411","PMA-LC-A-Q1357","PMA-LC-A"
"75000000-0000-0000-0000-00000000057b","PMA-Q-1412","PMA-LC-A-Q1358","PMA-LC-A"
"75000000-0000-0000-0000-00000000057c","PMA-Q-1413","PMA-LC-A-Q1359","PMA-LC-A"
"75000000-0000-0000-0000-00000000057d","PMA-Q-1414","PMA-LC-A-Q1360","PMA-LC-A"
"75000000-0000-0000-0000-00000000057e","PMA-Q-1415","PMA-LC-A-Q1361","PMA-LC-A"
"75000000-0000-0000-0000-00000000057f","PMA-Q-1416","PMA-LC-A-Q1362","PMA-LC-A"
"75000000-0000-0000-0000-000000000580","PMA-Q-1417","PMA-LC-A-Q1363","PMA-LC-A"
"75000000-0000-0000-0000-000000000581","PMA-Q-1418","PMA-LC-A-Q1364","PMA-LC-A"
"75000000-0000-0000-0000-000000000582","PMA-Q-1419","PMA-LC-A-Q1365","PMA-LC-A"
"75000000-0000-0000-0000-000000000583","PMA-Q-1420","PMA-LC-A-Q1366","PMA-LC-A"
"75000000-0000-0000-0000-000000000584","PMA-Q-1421","PMA-LC-A-Q1367","PMA-LC-A"
"75000000-0000-0000-0000-000000000585","PMA-Q-1422","PMA-LC-A-Q1368","PMA-LC-A"
"75000000-0000-0000-0000-000000000586","PMA-Q-1423","PMA-LC-A-Q1369","PMA-LC-A"
"75000000-0000-0000-0000-000000000587","PMA-Q-1424","PMA-LC-A-Q1370","PMA-LC-A"
"75000000-0000-0000-0000-000000000588","PMA-Q-1425","PMA-LC-A-Q1371","PMA-LC-A"
"75000000-0000-0000-0000-000000000589","PMA-Q-1426","PMA-LC-A-Q1372","PMA-LC-A"
"75000000-0000-0000-0000-00000000058a","PMA-Q-1427","PMA-LC-A-Q1373","PMA-LC-A"
"75000000-0000-0000-0000-00000000058b","PMA-Q-1428","PMA-LC-A-Q1374","PMA-LC-A"
"75000000-0000-0000-0000-00000000058c","PMA-Q-1429","PMA-LC-A-Q1375","PMA-LC-A"
"75000000-0000-0000-0000-00000000058d","PMA-Q-1430","PMA-LC-A-Q1376","PMA-LC-A"
"75000000-0000-0000-0000-00000000058e","PMA-Q-1431","PMA-LC-A-Q1377","PMA-LC-A"
"75000000-0000-0000-0000-00000000058f","PMA-Q-1432","PMA-LC-A-Q1378","PMA-LC-A"
"75000000-0000-0000-0000-000000000590","PMA-Q-1433","PMA-LC-A-Q1379","PMA-LC-A"
"75000000-0000-0000-0000-000000000591","PMA-Q-1434","PMA-LC-A-Q1380","PMA-LC-A"
"75000000-0000-0000-0000-000000000592","PMA-Q-1435","PMA-LC-A-Q1381","PMA-LC-A"
"75000000-0000-0000-0000-000000000593","PMA-Q-1436","PMA-LC-A-Q1382","PMA-LC-A"
"75000000-0000-0000-0000-000000000594","PMA-Q-1437","PMA-LC-A-Q1383","PMA-LC-A"
"75000000-0000-0000-0000-000000000595","PMA-Q-1438","PMA-LC-A-Q1384","PMA-LC-A"
"75000000-0000-0000-0000-000000000596","PMA-Q-1439","PMA-LC-A-Q1385","PMA-LC-A"
"75000000-0000-0000-0000-000000000597","PMA-Q-1440","PMA-LC-A-Q1386","PMA-LC-A"
"75000000-0000-0000-0000-000000000598","PMA-Q-1441","PMA-LC-A-Q1387","PMA-LC-A"
"75000000-0000-0000-0000-000000000599","PMA-Q-1442","PMA-LC-A-Q1388","PMA-LC-A"
"75000000-0000-0000-0000-00000000059a","PMA-Q-1443","PMA-LC-A-Q1389","PMA-LC-A"
"75000000-0000-0000-0000-00000000059b","PMA-Q-1444","PMA-LC-A-Q1390","PMA-LC-A"
"75000000-0000-0000-0000-00000000059c","PMA-Q-1445","PMA-LC-A-Q1391","PMA-LC-A"
"75000000-0000-0000-0000-00000000059d","PMA-Q-1446","PMA-LC-A-Q1392","PMA-LC-A"
"75000000-0000-0000-0000-00000000059e","PMA-Q-1447","PMA-LC-A-Q1393","PMA-LC-A"
"75000000-0000-0000-0000-00000000059f","PMA-Q-1448","PMA-LC-A-Q1394","PMA-LC-A"
"75000000-0000-0000-0000-0000000005a0","PMA-Q-1449","PMA-LC-A-Q1395","PMA-LC-A"
"75000000-0000-0000-0000-0000000005a1","PMA-Q-1450","PMA-LC-A-Q1396","PMA-LC-A"
"75000000-0000-0000-0000-0000000005a2","PMA-Q-1451","PMA-LC-A-Q1397","PMA-LC-A"
"75000000-0000-0000-0000-0000000005a3","PMA-Q-1452","PMA-LC-A-Q1398","PMA-LC-A"
"75000000-0000-0000-0000-0000000005a4","PMA-Q-1453","PMA-LC-A-Q1399","PMA-LC-A"
"75000000-0000-0000-0000-0000000005a5","PMA-Q-1454","PMA-LC-A-Q1400","PMA-LC-A"
"75000000-0000-0000-0000-0000000005a6","PMA-Q-1455","PMA-LC-A-Q1401","PMA-LC-A"
"75000000-0000-0000-0000-0000000005a7","PMA-Q-1456","PMA-LC-A-Q1402","PMA-LC-A"
"75000000-0000-0000-0000-0000000005a8","PMA-Q-1457","PMA-LC-A-Q1403","PMA-LC-A"
"75000000-0000-0000-0000-0000000005a9","PMA-Q-1458","PMA-LC-A-Q1404","PMA-LC-A"
"75000000-0000-0000-0000-0000000005aa","PMA-Q-1459","PMA-LC-A-Q1405","PMA-LC-A"
"75000000-0000-0000-0000-0000000005ab","PMA-Q-1460","PMA-LC-A-Q1406","PMA-LC-A"
"75000000-0000-0000-0000-0000000005ac","PMA-Q-1461","PMA-LC-A-Q1407","PMA-LC-A"
"75000000-0000-0000-0000-0000000005ad","PMA-Q-1462","PMA-LC-A-Q1408","PMA-LC-A"
"75000000-0000-0000-0000-0000000005ae","PMA-Q-1463","PMA-LC-A-Q1409","PMA-LC-A"
"75000000-0000-0000-0000-0000000005af","PMA-Q-1464","PMA-LC-A-Q1410","PMA-LC-A"
"75000000-0000-0000-0000-0000000005b0","PMA-Q-1465","PMA-LC-A-Q1411","PMA-LC-A"
"75000000-0000-0000-0000-0000000005b1","PMA-Q-1466","PMA-LC-A-Q1412","PMA-LC-A"
"75000000-0000-0000-0000-0000000005b2","PMA-Q-1467","PMA-LC-A-Q1413","PMA-LC-A"
"75000000-0000-0000-0000-0000000005b3","PMA-Q-1468","PMA-LC-A-Q1414","PMA-LC-A"
"75000000-0000-0000-0000-0000000005b4","PMA-Q-1469","PMA-LC-A-Q1415","PMA-LC-A"
"75000000-0000-0000-0000-0000000005b5","PMA-Q-1470","PMA-LC-A-Q1416","PMA-LC-A"
"75000000-0000-0000-0000-0000000005b6","PMA-Q-1471","PMA-LC-A-Q1417","PMA-LC-A"
"75000000-0000-0000-0000-0000000005b7","PMA-Q-1472","PMA-LC-A-Q1418","PMA-LC-A"
"75000000-0000-0000-0000-0000000005b8","PMA-Q-1473","PMA-LC-A-Q1419","PMA-LC-A"
"75000000-0000-0000-0000-0000000005b9","PMA-Q-1474","PMA-LC-A-Q1420","PMA-LC-A"
"75000000-0000-0000-0000-0000000005ba","PMA-Q-1475","PMA-LC-A-Q1421","PMA-LC-A"
"75000000-0000-0000-0000-0000000005bb","PMA-Q-1476","PMA-LC-A-Q1422","PMA-LC-A"
"75000000-0000-0000-0000-0000000005bc","PMA-Q-1477","PMA-LC-A-Q1423","PMA-LC-A"
"75000000-0000-0000-0000-0000000005bd","PMA-Q-1478","PMA-LC-A-Q1424","PMA-LC-A"
"75000000-0000-0000-0000-0000000005be","PMA-Q-1479","PMA-LC-A-Q1425","PMA-LC-A"
"75000000-0000-0000-0000-0000000005bf","PMA-Q-1480","PMA-LC-A-Q1426","PMA-LC-A"
"75000000-0000-0000-0000-0000000005c0","PMA-Q-1481","PMA-LC-A-Q1427","PMA-LC-A"
"75000000-0000-0000-0000-0000000005c1","PMA-Q-1482","PMA-LC-A-Q1428","PMA-LC-A"
"75000000-0000-0000-0000-0000000005c2","PMA-Q-1483","PMA-LC-A-Q1429","PMA-LC-A"
"75000000-0000-0000-0000-0000000005c3","PMA-Q-1484","PMA-LC-A-Q1430","PMA-LC-A"
"75000000-0000-0000-0000-0000000005c4","PMA-Q-1485","PMA-LC-A-Q1431","PMA-LC-A"
"75000000-0000-0000-0000-0000000005c5","PMA-Q-1486","PMA-LC-A-Q1432","PMA-LC-A"
"75000000-0000-0000-0000-0000000005c6","PMA-Q-1487","PMA-LC-A-Q1433","PMA-LC-A"
"75000000-0000-0000-0000-0000000005c7","PMA-Q-1488","PMA-LC-A-Q1434","PMA-LC-A"
"75000000-0000-0000-0000-0000000005c8","PMA-Q-1489","PMA-LC-A-Q1435","PMA-LC-A"
"75000000-0000-0000-0000-0000000005c9","PMA-Q-1490","PMA-LC-A-Q1436","PMA-LC-A"
"75000000-0000-0000-0000-0000000005ca","PMA-Q-1491","PMA-LC-A-Q1437","PMA-LC-A"
"75000000-0000-0000-0000-0000000005cb","PMA-Q-1492","PMA-LC-A-Q1438","PMA-LC-A"
"75000000-0000-0000-0000-0000000005cc","PMA-Q-1493","PMA-LC-A-Q1439","PMA-LC-A"
"75000000-0000-0000-0000-0000000005cd","PMA-Q-1494","PMA-LC-A-Q1440","PMA-LC-A"
"75000000-0000-0000-0000-0000000005ce","PMA-Q-1495","PMA-LC-A-Q1441","PMA-LC-A"
"75000000-0000-0000-0000-0000000005cf","PMA-Q-1496","PMA-LC-A-Q1442","PMA-LC-A"
"75000000-0000-0000-0000-0000000005d0","PMA-Q-1497","PMA-LC-A-Q1443","PMA-LC-A"
"75000000-0000-0000-0000-0000000005d1","PMA-Q-1498","PMA-LC-A-Q1444","PMA-LC-A"
"75000000-0000-0000-0000-0000000005d2","PMA-Q-1499","PMA-LC-A-Q1445","PMA-LC-A"
"75000000-0000-0000-0000-0000000005d3","PMA-Q-1500","PMA-LC-A-Q1446","PMA-LC-A"
"75000000-0000-0000-0000-0000000005d4","PMA-Q-1501","PMA-LC-A-Q1447","PMA-LC-A"
"75000000-0000-0000-0000-0000000005d5","PMA-Q-1502","PMA-LC-A-Q1448","PMA-LC-A"
"75000000-0000-0000-0000-0000000005d6","PMA-Q-1503","PMA-LC-A-Q1449","PMA-LC-A"
"75000000-0000-0000-0000-0000000005d7","PMA-Q-1504","PMA-LC-A-Q1450","PMA-LC-A"
"75000000-0000-0000-0000-0000000005d8","PMA-Q-1505","PMA-LC-A-Q1451","PMA-LC-A"
"75000000-0000-0000-0000-0000000005d9","PMA-Q-1506","PMA-LC-A-Q1452","PMA-LC-A"
"75000000-0000-0000-0000-0000000005da","PMA-Q-1507","PMA-LC-A-Q1453","PMA-LC-A"
"75000000-0000-0000-0000-0000000005db","PMA-Q-1508","PMA-LC-A-Q1454","PMA-LC-A"
"75000000-0000-0000-0000-0000000005dc","PMA-Q-1509","PMA-LC-A-Q1455","PMA-LC-A"
"75000000-0000-0000-0000-0000000005dd","PMA-Q-1510","PMA-LC-A-Q1456","PMA-LC-A"
"75000000-0000-0000-0000-0000000005de","PMA-Q-1511","PMA-LC-A-Q1457","PMA-LC-A"
"75000000-0000-0000-0000-0000000005df","PMA-Q-1512","PMA-LC-A-Q1458","PMA-LC-A"
"75000000-0000-0000-0000-0000000005e0","PMA-Q-1513","PMA-LC-A-Q1459","PMA-LC-A"
"75000000-0000-0000-0000-0000000005e1","PMA-Q-1514","PMA-LC-A-Q1460","PMA-LC-A"
"75000000-0000-0000-0000-0000000005e2","PMA-Q-1515","PMA-LC-A-Q1461","PMA-LC-A"
"75000000-0000-0000-0000-0000000005e3","PMA-Q-1516","PMA-LC-A-Q1462","PMA-LC-A"
"75000000-0000-0000-0000-0000000005e4","PMA-Q-1517","PMA-LC-A-Q1463","PMA-LC-A"
"75000000-0000-0000-0000-0000000005e5","PMA-Q-1518","PMA-LC-A-Q1464","PMA-LC-A"
"75000000-0000-0000-0000-0000000005e6","PMA-Q-1519","PMA-LC-A-Q1465","PMA-LC-A"
"75000000-0000-0000-0000-0000000005e7","PMA-Q-1520","PMA-LC-A-Q1466","PMA-LC-A"
"75000000-0000-0000-0000-0000000005e8","PMA-Q-1521","PMA-LC-A-Q1467","PMA-LC-A"
"75000000-0000-0000-0000-0000000005e9","PMA-Q-1522","PMA-LC-A-Q1468","PMA-LC-A"
"75000000-0000-0000-0000-0000000005ea","PMA-Q-1523","PMA-LC-A-Q1469","PMA-LC-A"
"75000000-0000-0000-0000-0000000005eb","PMA-Q-1524","PMA-LC-A-Q1470","PMA-LC-A"
"75000000-0000-0000-0000-0000000005ec","PMA-Q-1525","PMA-LC-A-Q1471","PMA-LC-A"
"75000000-0000-0000-0000-0000000005ed","PMA-Q-1526","PMA-LC-A-Q1472","PMA-LC-A"
"75000000-0000-0000-0000-0000000005ee","PMA-Q-1527","PMA-LC-A-Q1473","PMA-LC-A"
"75000000-0000-0000-0000-0000000005ef","PMA-Q-1528","PMA-LC-A-Q1474","PMA-LC-A"
"75000000-0000-0000-0000-0000000005f0","PMA-Q-1529","PMA-LC-A-Q1475","PMA-LC-A"
"75000000-0000-0000-0000-0000000005f1","PMA-Q-1530","PMA-LC-A-Q1476","PMA-LC-A"
"75000000-0000-0000-0000-0000000005f2","PMA-Q-1531","PMA-LC-A-Q1477","PMA-LC-A"
"75000000-0000-0000-0000-0000000005f3","PMA-Q-1532","PMA-LC-A-Q1478","PMA-LC-A"
"75000000-0000-0000-0000-0000000005f4","PMA-Q-1533","PMA-LC-A-Q1479","PMA-LC-A"
"75000000-0000-0000-0000-0000000005f5","PMA-Q-1534","PMA-LC-A-Q1480","PMA-LC-A"
"75000000-0000-0000-0000-0000000005f6","PMA-Q-1535","PMA-LC-A-Q1481","PMA-LC-A"
"75000000-0000-0000-0000-0000000005f7","PMA-Q-1536","PMA-LC-A-Q1482","PMA-LC-A"
"75000000-0000-0000-0000-0000000005f8","PMA-Q-1537","PMA-LC-A-Q1483","PMA-LC-A"
"75000000-0000-0000-0000-0000000005f9","PMA-Q-1538","PMA-LC-A-Q1484","PMA-LC-A"
"75000000-0000-0000-0000-0000000005fa","PMA-Q-1539","PMA-LC-A-Q1485","PMA-LC-A"
"75000000-0000-0000-0000-0000000005fb","PMA-Q-1540","PMA-LC-A-Q1486","PMA-LC-A"
"75000000-0000-0000-0000-0000000005fc","PMA-Q-1541","PMA-LC-A-Q1487","PMA-LC-A"
"75000000-0000-0000-0000-0000000005fd","PMA-Q-1542","PMA-LC-A-Q1488","PMA-LC-A"
"75000000-0000-0000-0000-0000000005fe","PMA-Q-1543","PMA-LC-A-Q1489","PMA-LC-A"
"75000000-0000-0000-0000-0000000005ff","PMA-Q-1544","PMA-LC-A-Q1490","PMA-LC-A"
"75000000-0000-0000-0000-000000000600","PMA-Q-1545","PMA-LC-A-Q1491","PMA-LC-A"
"75000000-0000-0000-0000-000000000601","PMA-Q-1546","PMA-LC-A-Q1492","PMA-LC-A"
"75000000-0000-0000-0000-000000000602","PMA-Q-1547","PMA-LC-A-Q1493","PMA-LC-A"
"75000000-0000-0000-0000-000000000603","PMA-Q-1548","PMA-LC-A-Q1494","PMA-LC-A"
"75000000-0000-0000-0000-000000000604","PMA-Q-1549","PMA-LC-A-Q1495","PMA-LC-A"
"75000000-0000-0000-0000-000000000605","PMA-Q-1550","PMA-LC-A-Q1496","PMA-LC-A"
"75000000-0000-0000-0000-000000000606","PMA-Q-1551","PMA-LC-A-Q1497","PMA-LC-A"
"75000000-0000-0000-0000-000000000607","PMA-Q-1552","PMA-LC-A-Q1498","PMA-LC-A"
"75000000-0000-0000-0000-000000000608","PMA-Q-1553","PMA-LC-A-Q1499","PMA-LC-A"
"75000000-0000-0000-0000-000000000609","PMA-Q-1554","PMA-LC-A-Q1500","PMA-LC-A"
"75000000-0000-0000-0000-00000000060a","PMA-Q-1555","PMA-LC-A-Q1501","PMA-LC-A"
"75000000-0000-0000-0000-00000000060b","PMA-Q-1556","PMA-LC-A-Q1502","PMA-LC-A"
"75000000-0000-0000-0000-00000000060c","PMA-Q-1557","PMA-LC-A-Q1503","PMA-LC-A"
"75000000-0000-0000-0000-00000000060d","PMA-Q-1558","PMA-LC-A-Q1504","PMA-LC-A"
"75000000-0000-0000-0000-00000000060e","PMA-Q-1559","PMA-LC-A-Q1505","PMA-LC-A"
"75000000-0000-0000-0000-00000000060f","PMA-Q-1560","PMA-LC-A-Q1506","PMA-LC-A"
"75000000-0000-0000-0000-000000000610","PMA-Q-1561","PMA-LC-A-Q1507","PMA-LC-A"
"75000000-0000-0000-0000-000000000611","PMA-Q-1562","PMA-LC-A-Q1508","PMA-LC-A"
"75000000-0000-0000-0000-000000000612","PMA-Q-1563","PMA-LC-A-Q1509","PMA-LC-A"
"75000000-0000-0000-0000-000000000613","PMA-Q-1564","PMA-LC-A-Q1510","PMA-LC-A"
"75000000-0000-0000-0000-000000000614","PMA-Q-1565","PMA-LC-A-Q1511","PMA-LC-A"
"75000000-0000-0000-0000-000000000615","PMA-Q-1566","PMA-LC-A-Q1512","PMA-LC-A"
"75000000-0000-0000-0000-000000000616","PMA-Q-1567","PMA-LC-A-Q1513","PMA-LC-A"
"75000000-0000-0000-0000-000000000617","PMA-Q-1568","PMA-LC-A-Q1514","PMA-LC-A"
"75000000-0000-0000-0000-000000000618","PMA-Q-1569","PMA-LC-A-Q1515","PMA-LC-A"
"75000000-0000-0000-0000-000000000619","PMA-Q-1570","PMA-LC-A-Q1516","PMA-LC-A"
"75000000-0000-0000-0000-00000000061a","PMA-Q-1571","PMA-LC-A-Q1517","PMA-LC-A"
"75000000-0000-0000-0000-00000000061b","PMA-Q-1572","PMA-LC-A-Q1518","PMA-LC-A"
"75000000-0000-0000-0000-00000000061c","PMA-Q-1573","PMA-LC-A-Q1519","PMA-LC-A"
"75000000-0000-0000-0000-00000000061d","PMA-Q-1574","PMA-LC-A-Q1520","PMA-LC-A"
"75000000-0000-0000-0000-00000000061e","PMA-Q-1575","PMA-LC-A-Q1521","PMA-LC-A"
"75000000-0000-0000-0000-00000000061f","PMA-Q-1576","PMA-LC-A-Q1522","PMA-LC-A"
"75000000-0000-0000-0000-000000000620","PMA-Q-1577","PMA-LC-A-Q1523","PMA-LC-A"
"75000000-0000-0000-0000-000000000621","PMA-Q-1578","PMA-LC-A-Q1524","PMA-LC-A"
"75000000-0000-0000-0000-000000000622","PMA-Q-1579","PMA-LC-A-Q1525","PMA-LC-A"
"75000000-0000-0000-0000-000000000623","PMA-Q-1580","PMA-LC-A-Q1526","PMA-LC-A"
"75000000-0000-0000-0000-000000000624","PMA-Q-1581","PMA-LC-A-Q1527","PMA-LC-A"
"75000000-0000-0000-0000-000000000625","PMA-Q-1582","PMA-LC-A-Q1528","PMA-LC-A"
"75000000-0000-0000-0000-000000000626","PMA-Q-1583","PMA-LC-A-Q1529","PMA-LC-A"
"75000000-0000-0000-0000-000000000627","PMA-Q-1584","PMA-LC-A-Q1530","PMA-LC-A"
"75000000-0000-0000-0000-000000000628","PMA-Q-1585","PMA-LC-A-Q1531","PMA-LC-A"
"75000000-0000-0000-0000-000000000629","PMA-Q-1586","PMA-LC-A-Q1532","PMA-LC-A"
"75000000-0000-0000-0000-00000000062a","PMA-Q-1587","PMA-LC-A-Q1533","PMA-LC-A"
"75000000-0000-0000-0000-00000000062b","PMA-Q-1588","PMA-LC-A-Q1534","PMA-LC-A"
"75000000-0000-0000-0000-00000000062c","PMA-Q-1589","PMA-LC-A-Q1535","PMA-LC-A"
"75000000-0000-0000-0000-00000000062d","PMA-Q-1590","PMA-LC-A-Q1536","PMA-LC-A"
"75000000-0000-0000-0000-00000000062e","PMA-Q-1591","PMA-LC-A-Q1537","PMA-LC-A"
"75000000-0000-0000-0000-00000000062f","PMA-Q-1592","PMA-LC-A-Q1538","PMA-LC-A"
"75000000-0000-0000-0000-000000000630","PMA-Q-1593","PMA-LC-A-Q1539","PMA-LC-A"
"75000000-0000-0000-0000-000000000631","PMA-Q-1594","PMA-LC-A-Q1540","PMA-LC-A"
"75000000-0000-0000-0000-000000000632","PMA-Q-1595","PMA-LC-A-Q1541","PMA-LC-A"
"75000000-0000-0000-0000-000000000633","PMA-Q-1596","PMA-LC-A-Q1542","PMA-LC-A"
"75000000-0000-0000-0000-000000000634","PMA-Q-1597","PMA-LC-A-Q1543","PMA-LC-A"
"75000000-0000-0000-0000-000000000635","PMA-Q-1598","PMA-LC-A-Q1544","PMA-LC-A"
"75000000-0000-0000-0000-000000000636","PMA-Q-1599","PMA-LC-A-Q1545","PMA-LC-A"
"75000000-0000-0000-0000-000000000637","PMA-Q-1600","PMA-LC-A-Q1546","PMA-LC-A"
"75000000-0000-0000-0000-000000000638","PMA-Q-1601","PMA-LC-A-Q1547","PMA-LC-A"
"75000000-0000-0000-0000-000000000639","PMA-Q-1602","PMA-LC-A-Q1548","PMA-LC-A"
"75000000-0000-0000-0000-00000000063a","PMA-Q-1603","PMA-LC-A-Q1549","PMA-LC-A"
"75000000-0000-0000-0000-00000000063b","PMA-Q-1604","PMA-LC-A-Q1550","PMA-LC-A"
"75000000-0000-0000-0000-00000000063c","PMA-Q-1605","PMA-LC-A-Q1551","PMA-LC-A"
"75000000-0000-0000-0000-00000000063d","PMA-Q-1606","PMA-LC-A-Q1552","PMA-LC-A"
"75000000-0000-0000-0000-00000000063e","PMA-Q-1607","PMA-LC-A-Q1553","PMA-LC-A"
"75000000-0000-0000-0000-00000000063f","PMA-Q-1608","PMA-LC-A-Q1554","PMA-LC-A"
"75000000-0000-0000-0000-000000000640","PMA-Q-1609","PMA-LC-A-Q1555","PMA-LC-A"
"75000000-0000-0000-0000-000000000641","PMA-Q-1610","PMA-LC-A-Q1556","PMA-LC-A"
"75000000-0000-0000-0000-000000000642","PMA-Q-1611","PMA-LC-A-Q1557","PMA-LC-A"
"75000000-0000-0000-0000-000000000643","PMA-Q-1612","PMA-LC-A-Q1558","PMA-LC-A"
"75000000-0000-0000-0000-000000000644","PMA-Q-1613","PMA-LC-A-Q1559","PMA-LC-A"
"75000000-0000-0000-0000-000000000645","PMA-Q-1614","PMA-LC-A-Q1560","PMA-LC-A"
"75000000-0000-0000-0000-000000000646","PMA-Q-1615","PMA-LC-A-Q1561","PMA-LC-A"
"75000000-0000-0000-0000-000000000647","PMA-Q-1616","PMA-LC-A-Q1562","PMA-LC-A"
"75000000-0000-0000-0000-000000000648","PMA-Q-1617","PMA-LC-A-Q1563","PMA-LC-A"
"75000000-0000-0000-0000-000000000649","PMA-Q-1618","PMA-LC-A-Q1564","PMA-LC-A"
"75000000-0000-0000-0000-00000000064a","PMA-Q-1619","PMA-LC-A-Q1565","PMA-LC-A"
"75000000-0000-0000-0000-00000000064b","PMA-Q-1620","PMA-LC-A-Q1566","PMA-LC-A"
"75000000-0000-0000-0000-00000000064c","PMA-Q-1621","PMA-LC-A-Q1567","PMA-LC-A"
"75000000-0000-0000-0000-00000000064d","PMA-Q-1622","PMA-LC-A-Q1568","PMA-LC-A"
"75000000-0000-0000-0000-00000000064e","PMA-Q-1623","PMA-LC-A-Q1569","PMA-LC-A"
"75000000-0000-0000-0000-00000000064f","PMA-Q-1624","PMA-LC-A-Q1570","PMA-LC-A"
"75000000-0000-0000-0000-000000000650","PMA-Q-1625","PMA-LC-A-Q1571","PMA-LC-A"
"75000000-0000-0000-0000-000000000651","PMA-Q-1626","PMA-LC-A-Q1572","PMA-LC-A"
"75000000-0000-0000-0000-000000000652","PMA-Q-1627","PMA-LC-A-Q1573","PMA-LC-A"
"75000000-0000-0000-0000-000000000653","PMA-Q-1628","PMA-LC-A-Q1574","PMA-LC-A"
"75000000-0000-0000-0000-000000000654","PMA-Q-1629","PMA-LC-A-Q1575","PMA-LC-A"
"75000000-0000-0000-0000-000000000655","PMA-Q-1630","PMA-LC-A-Q1576","PMA-LC-A"
"55000000-0000-0000-0000-000000000001","VERBAL-Q-001","v-Q39","v"
"55000000-0000-0000-0000-000000000002","VERBAL-Q-002","v-Q40","v"
"55000000-0000-0000-0000-000000000003","VERBAL-Q-003","v-Q41","v"
"55000000-0000-0000-0000-000000000004","VERBAL-Q-004","v-Q42","v"
"55000000-0000-0000-0000-000000000005","VERBAL-Q-005","v-Q43","v"
"55000000-0000-0000-0000-000000000006","VERBAL-Q-006","v-Q44","v"
"55000000-0000-0000-0000-000000000007","VERBAL-Q-007","v-Q45","v"
"55000000-0000-0000-0000-000000000008","VERBAL-Q-008","v-Q46","v"
"55000000-0000-0000-0000-000000000009","VERBAL-Q-009","v-Q47","v"
"55000000-0000-0000-0000-00000000000a","VERBAL-Q-010","v-Q48","v"
"55000000-0000-0000-0000-00000000000b","VERBAL-Q-011","v-Q49","v"
"55000000-0000-0000-0000-00000000000c","VERBAL-Q-012","v-Q50","v"
"55000000-0000-0000-0000-00000000000d","VERBAL-Q-013","v-Q51","v"
"55000000-0000-0000-0000-00000000000e","VERBAL-Q-014","v-Q52","v"
"55000000-0000-0000-0000-00000000000f","VERBAL-Q-015","v-Q53","v"
"55000000-0000-0000-0000-000000000010","VERBAL-Q-016","v-Q54","v"
"55000000-0000-0000-0000-000000000011","VERBAL-Q-017","v-Q55","v"
"55000000-0000-0000-0000-000000000012","VERBAL-Q-018","v-Q56","v"
"55000000-0000-0000-0000-000000000013","VERBAL-Q-019","v-Q57","v"
"75000000-0000-0000-0000-00000000065f","PMA-Q-1631","PMA-LC-A-Q1577","PMA-LC-A"
"75000000-0000-0000-0000-000000000660","PMA-Q-1632","PMA-LC-A-Q1578","PMA-LC-A"
"75000000-0000-0000-0000-000000000661","PMA-Q-1633","PMA-LC-A-Q1579","PMA-LC-A"
"75000000-0000-0000-0000-000000000662","PMA-Q-1634","PMA-LC-A-Q1580","PMA-LC-A"
"75000000-0000-0000-0000-000000000663","PMA-Q-1635","PMA-LC-A-Q1581","PMA-LC-A"
"75000000-0000-0000-0000-000000000664","PMA-Q-1636","PMA-LC-A-Q1582","PMA-LC-A"
"75000000-0000-0000-0000-000000000665","PMA-Q-1637","PMA-LC-A-Q1583","PMA-LC-A"
"75000000-0000-0000-0000-000000000666","PMA-Q-1638","PMA-LC-A-Q1584","PMA-LC-A"
"75000000-0000-0000-0000-000000000667","PMA-Q-1639","PMA-LC-A-Q1585","PMA-LC-A"
"75000000-0000-0000-0000-000000000668","PMA-Q-1640","PMA-LC-A-Q1586","PMA-LC-A"
"75000000-0000-0000-0000-000000000669","PMA-Q-1641","PMA-LC-A-Q1587","PMA-LC-A"
"75000000-0000-0000-0000-00000000066a","PMA-Q-1642","PMA-LC-A-Q1588","PMA-LC-A"
"75000000-0000-0000-0000-00000000066b","PMA-Q-1643","PMA-LC-A-Q1589","PMA-LC-A"
"75000000-0000-0000-0000-00000000066c","PMA-Q-1644","PMA-LC-A-Q1590","PMA-LC-A"
"75000000-0000-0000-0000-00000000066d","PMA-Q-1645","PMA-LC-A-Q1591","PMA-LC-A"
"75000000-0000-0000-0000-00000000066e","PMA-Q-1646","PMA-LC-A-Q1592","PMA-LC-A"
"75000000-0000-0000-0000-00000000066f","PMA-Q-1647","PMA-LC-A-Q1593","PMA-LC-A"
"75000000-0000-0000-0000-000000000670","PMA-Q-1648","PMA-LC-A-Q1594","PMA-LC-A"
"75000000-0000-0000-0000-000000000671","PMA-Q-1649","PMA-LC-A-Q1595","PMA-LC-A"
"75000000-0000-0000-0000-000000000672","PMA-Q-1650","PMA-LC-A-Q1596","PMA-LC-A"
"75000000-0000-0000-0000-000000000673","PMA-Q-1651","PMA-LC-A-Q1597","PMA-LC-A"
"75000000-0000-0000-0000-000000000674","PMA-Q-1652","PMA-LC-A-Q1598","PMA-LC-A"
"75000000-0000-0000-0000-000000000675","PMA-Q-1653","PMA-LC-A-Q1599","PMA-LC-A"
"75000000-0000-0000-0000-000000000676","PMA-Q-1654","PMA-LC-A-Q1600","PMA-LC-A"
"75000000-0000-0000-0000-000000000677","PMA-Q-1655","PMA-LC-A-Q1601","PMA-LC-A"
"75000000-0000-0000-0000-000000000678","PMA-Q-1656","PMA-LC-A-Q1602","PMA-LC-A"
"75000000-0000-0000-0000-000000000679","PMA-Q-1657","PMA-LC-A-Q1603","PMA-LC-A"
"75000000-0000-0000-0000-00000000067a","PMA-Q-1658","PMA-LC-A-Q1604","PMA-LC-A"
"75000000-0000-0000-0000-00000000067b","PMA-Q-1659","PMA-LC-A-Q1605","PMA-LC-A"
"75000000-0000-0000-0000-00000000067c","PMA-Q-1660","PMA-LC-A-Q1606","PMA-LC-A"
"75000000-0000-0000-0000-00000000067d","PMA-Q-1661","PMA-LC-A-Q1607","PMA-LC-A"
"45000000-0000-0000-0000-000000000001","NON-VERBAL-Q-001","nv-Q1","nv"
"45000000-0000-0000-0000-000000000002","NON-VERBAL-Q-002","nv-Q2","nv"
"45000000-0000-0000-0000-000000000003","NON-VERBAL-Q-003","nv-Q3","nv"
"45000000-0000-0000-0000-000000000004","NON-VERBAL-Q-004","nv-Q4","nv"
"45000000-0000-0000-0000-000000000005","NON-VERBAL-Q-005","nv-Q5","nv"
"45000000-0000-0000-0000-000000000006","NON-VERBAL-Q-006","nv-Q6","nv"
"45000000-0000-0000-0000-000000000007","NON-VERBAL-Q-007","nv-Q7","nv"
"45000000-0000-0000-0000-000000000008","NON-VERBAL-Q-008","nv-Q8","nv"
"45000000-0000-0000-0000-000000000009","NON-VERBAL-Q-009","nv-Q9","nv"
"45000000-0000-0000-0000-00000000000a","NON-VERBAL-Q-010","nv-Q10","nv"
"458b6457-c6e7-4573-8c21-c636d04e7a4e","QA-V-001","v-Q58","v"
"1fd4d0f1-1660-45fd-af17-0fd94a061e4a","QA-V-002","v-Q59","v"
"00bf0342-ea87-44d4-a635-e8297ed7177e","QA-V-003","v-Q60","v"